Date-Hour(NMT),WindSpeed,Sunshine,AirPressure,Radiation,AirTemperature,RelativeAirHumidity,SystemProduction,Month
2017-01-01 00:00:00,0.6,0,1003.8,0.0,0.1,97,0.0,1
2017-01-01 01:00:00,1.7,0,1003.5,0.0,-0.2,98,0.0,1
2017-01-01 02:00:00,0.6,0,1003.4,0.0,-1.2,99,0.0,1
2017-01-01 03:00:00,2.4,0,1003.3,0.0,-1.3,99,0.0,1
2017-01-01 04:00:00,4.0,0,1003.1,0.0,3.6,67,0.0,1
2017-01-01 05:00:00,1.4,0,1003.1,0.0,1.5,74,0.0,1
2017-01-01 06:00:00,1.4,0,1003.7,0.0,0.4,79,0.0,1
2017-01-01 07:00:00,1.3,0,1003.9,0.0,-0.9,81,0.0,1
2017-01-01 08:00:00,0.6,0,1004.3,0.0,-1.0,77,0.0,1
2017-01-01 09:00:00,0.6,0,1004.8,0.0,-2.0,81,0.0,1
2017-01-01 10:00:00,0.4,0,1005.2,0.0,-1.9,80,0.0,1
2017-01-01 11:00:00,1.1,46,1005.8,49.7,-0.2,74,215.8333,1
2017-01-01 12:00:00,1.2,60,1006.1,138.7,1.8,72,831.6667,1
2017-01-01 13:00:00,0.4,59,1006.1,121.6,2.7,66,349.5,1
2017-01-01 14:00:00,4.0,55,1006.5,77.0,5.0,49,272.0,1
2017-01-01 15:00:00,2.7,26,1007.6,33.1,4.8,48,130.2083,1
2017-01-01 16:00:00,2.5,16,1008.5,0.0,3.8,49,0.0,1
2017-01-01 17:00:00,3.8,0,1009.1,0.0,3.2,50,0.0,1
2017-01-01 18:00:00,4.7,0,1010.0,0.0,3.2,48,0.0,1
2017-01-01 19:00:00,4.2,0,1011.2,0.0,2.8,48,0.0,1
2017-01-01 20:00:00,4.8,0,1012.2,0.0,2.3,47,0.0,1
2017-01-01 21:00:00,3.3,0,1012.7,0.0,1.5,48,0.0,1
2017-01-01 22:00:00,4.0,0,1013.1,0.0,1.1,47,0.0,1
2017-01-01 23:00:00,2.6,0,1013.4,0.0,0.5,48,0.0,1
2017-01-02 00:00:00,1.2,0,1013.6,0.0,-2.1,61,0.0,1
2017-01-02 01:00:00,1.1,0,1013.3,0.0,-3.0,65,0.0,1
2017-01-02 02:00:00,1.0,0,1013.3,0.0,-3.1,66,0.0,1
2017-01-02 03:00:00,0.7,0,1013.4,0.0,-3.4,66,0.0,1
2017-01-02 04:00:00,1.4,0,1013.2,0.0,-3.4,62,0.0,1
2017-01-02 05:00:00,0.6,0,1013.2,0.0,-3.4,65,0.0,1
2017-01-02 06:00:00,1.5,0,1012.8,0.0,-2.0,58,0.0,1
2017-01-02 07:00:00,1.1,0,1012.5,0.0,-3.0,64,0.0,1
2017-01-02 08:00:00,0.4,0,1012.2,0.0,-3.3,67,0.0,1
2017-01-02 09:00:00,1.3,0,1012.2,0.0,-3.0,67,0.0,1
2017-01-02 10:00:00,0.4,7,1012.3,6.4,-3.0,68,0.0,1
2017-01-02 11:00:00,1.0,9,1012.3,40.1,-2.3,67,248.6667,1
2017-01-02 12:00:00,1.0,60,1012.1,71.3,-1.0,59,1087.3334,1
2017-01-02 13:00:00,1.5,60,1011.9,97.5,0.6,52,723.0,1
2017-01-02 14:00:00,1.1,60,1011.7,80.0,0.2,51,131.0,1
2017-01-02 15:00:00,1.6,60,1011.8,37.0,-0.2,50,51.0,1
2017-01-02 16:00:00,2.2,17,1011.9,0.7,-1.0,51,0.0,1
2017-01-02 17:00:00,1.4,0,1012.0,0.0,-1.6,54,0.0,1
2017-01-02 18:00:00,0.7,0,1012.2,0.0,-3.6,66,0.0,1
2017-01-02 19:00:00,1.5,0,1011.6,0.0,-4.4,69,0.0,1
2017-01-02 20:00:00,1.3,0,1011.6,0.0,-4.4,70,0.0,1
2017-01-02 21:00:00,1.4,0,1011.5,0.0,-5.2,74,0.0,1
2017-01-02 22:00:00,0.6,0,1011.2,0.0,-5.3,76,0.0,1
2017-01-02 23:00:00,0.7,0,1010.9,0.0,-4.8,76,0.0,1
2017-01-03 00:00:00,1.3,0,1009.9,0.0,-4.2,76,0.0,1
2017-01-03 01:00:00,1.9,0,1009.1,0.0,-3.9,79,0.0,1
2017-01-03 02:00:00,0.6,0,1008.4,0.0,-3.7,80,0.0,1
2017-01-03 03:00:00,0.7,0,1007.7,0.0,-3.7,81,0.0,1
2017-01-03 04:00:00,0.8,0,1006.9,0.0,-3.6,80,0.0,1
2017-01-03 05:00:00,1.6,0,1005.5,0.0,-4.0,81,0.0,1
2017-01-03 06:00:00,0.4,0,1004.5,0.0,-4.5,84,0.0,1
2017-01-03 07:00:00,0.1,0,1003.1,0.0,-4.1,82,0.0,1
2017-01-03 08:00:00,0.3,0,1001.4,0.0,-3.6,80,0.0,1
2017-01-03 09:00:00,0.5,0,1000.1,0.0,-3.3,81,0.0,1
2017-01-03 10:00:00,0.7,0,998.4,0.0,-3.2,82,0.0,1
2017-01-03 11:00:00,1.5,0,996.1,10.2,-2.4,80,0.0,1
2017-01-03 12:00:00,0.7,0,993.8,39.3,-2.0,78,592.1666,1
2017-01-03 13:00:00,1.2,38,991.4,59.8,-1.5,79,638.8333,1
2017-01-03 14:00:00,0.5,60,989.3,85.5,-0.8,79,253.8334,1
2017-01-03 15:00:00,1.2,20,988.3,29.5,-1.0,78,33.3334,1
2017-01-03 16:00:00,0.8,4,987.7,0.0,-2.1,84,0.0,1
2017-01-03 17:00:00,1.3,0,987.0,0.0,-2.4,84,0.0,1
2017-01-03 18:00:00,0.3,0,986.9,0.0,-3.1,88,0.0,1
2017-01-03 19:00:00,4.2,0,986.5,0.0,1.8,74,0.0,1
2017-01-03 20:00:00,0.7,0,986.7,0.0,-1.7,73,0.0,1
2017-01-03 21:00:00,1.0,0,986.7,0.0,-2.4,71,0.0,1
2017-01-03 22:00:00,1.8,0,986.4,0.0,-2.2,70,0.0,1
2017-01-03 23:00:00,2.2,0,986.9,0.0,-2.1,69,0.0,1
2017-01-04 00:00:00,3.1,0,986.9,0.0,-1.0,63,0.0,1
2017-01-04 01:00:00,2.1,0,987.7,0.0,-1.8,64,0.0,1
2017-01-04 02:00:00,4.2,0,989.0,0.0,-1.0,62,0.0,1
2017-01-04 03:00:00,4.2,0,990.9,0.0,-0.9,65,0.0,1
2017-01-04 04:00:00,5.3,0,993.2,0.0,-0.7,65,0.0,1
2017-01-04 05:00:00,4.7,0,995.5,0.0,-1.1,62,0.0,1
2017-01-04 06:00:00,2.0,0,997.4,0.0,-1.8,65,0.0,1
2017-01-04 07:00:00,5.8,0,998.6,0.0,-1.5,66,0.0,1
2017-01-04 08:00:00,4.8,0,1000.9,0.0,-1.0,64,0.0,1
2017-01-04 09:00:00,5.5,0,1002.2,0.0,-0.6,54,0.0,1
2017-01-04 10:00:00,8.8,0,1003.5,0.7,-1.2,42,0.0,1
2017-01-04 11:00:00,8.9,29,1004.7,37.6,-1.8,44,0.0,1
2017-01-04 12:00:00,7.4,42,1006.1,75.5,-2.1,45,128.9166,1
2017-01-04 13:00:00,7.2,1,1007.9,33.7,-2.5,47,101.5,1
2017-01-04 14:00:00,7.8,0,1009.8,21.8,-3.0,60,18.0,1
2017-01-04 15:00:00,7.8,0,1011.4,15.7,-3.6,64,0.0,1
2017-01-04 16:00:00,6.1,0,1013.5,0.0,-4.0,60,0.0,1
2017-01-04 17:00:00,6.4,0,1014.9,0.0,-4.0,62,0.0,1
2017-01-04 18:00:00,7.3,0,1016.8,0.0,-4.5,68,0.0,1
2017-01-04 19:00:00,5.2,0,1018.5,0.0,-5.2,81,0.0,1
2017-01-04 20:00:00,4.7,0,1020.4,0.0,-5.5,76,0.0,1
2017-01-04 21:00:00,4.8,0,1022.2,0.0,-5.6,73,0.0,1
2017-01-04 22:00:00,4.7,0,1023.9,0.0,-6.2,72,0.0,1
2017-01-04 23:00:00,1.9,0,1025.5,0.0,-7.1,72,0.0,1
2017-01-05 00:00:00,2.9,0,1026.9,0.0,-7.7,71,0.0,1
2017-01-05 01:00:00,2.7,0,1028.2,0.0,-8.2,71,0.0,1
2017-01-05 02:00:00,1.0,0,1029.2,0.0,-9.2,73,0.0,1
2017-01-05 03:00:00,1.2,0,1030.4,0.0,-9.8,76,0.0,1
2017-01-05 04:00:00,2.5,0,1031.0,0.0,-10.0,74,0.0,1
2017-01-05 05:00:00,2.2,0,1032.4,0.0,-10.0,71,0.0,1
2017-01-05 06:00:00,1.3,0,1033.1,0.0,-10.6,75,0.0,1
2017-01-05 07:00:00,0.8,0,1034.0,0.0,-11.5,80,0.0,1
2017-01-05 08:00:00,1.5,0,1034.7,0.0,-11.8,80,0.0,1
2017-01-05 09:00:00,2.4,0,1035.2,0.0,-12.1,79,0.0,1
2017-01-05 10:00:00,2.3,26,1036.0,8.6,-11.4,76,0.0,1
2017-01-05 11:00:00,2.1,60,1036.6,56.1,-10.1,72,0.0,1
2017-01-05 12:00:00,0.4,60,1036.7,96.8,-9.5,71,353.1667,1
2017-01-05 13:00:00,1.2,60,1036.9,106.7,-7.8,66,236.5,1
2017-01-05 14:00:00,1.3,39,1037.4,65.9,-8.4,70,0.0,1
2017-01-05 15:00:00,1.6,33,1037.9,22.3,-8.5,76,0.0,1
2017-01-05 16:00:00,1.6,3,1038.0,0.6,-8.9,74,0.0,1
2017-01-05 17:00:00,0.6,0,1038.1,0.0,-10.1,81,0.0,1
2017-01-05 18:00:00,1.9,0,1038.3,0.0,-10.8,83,0.0,1
2017-01-05 19:00:00,0.3,0,1038.6,0.0,-10.4,82,0.0,1
2017-01-05 20:00:00,1.8,0,1038.5,0.0,-10.9,83,0.0,1
2017-01-05 21:00:00,1.5,0,1038.7,0.0,-11.1,83,0.0,1
2017-01-05 22:00:00,2.0,0,1038.9,0.0,-10.8,83,0.0,1
2017-01-05 23:00:00,1.4,0,1038.5,0.0,-10.6,81,0.0,1
2017-01-06 00:00:00,1.9,0,1038.3,0.0,-11.0,83,0.0,1
2017-01-06 01:00:00,2.2,0,1037.8,0.0,-11.6,85,0.0,1
2017-01-06 02:00:00,2.2,0,1037.3,0.0,-11.4,85,0.0,1
2017-01-06 03:00:00,2.4,0,1036.5,0.0,-11.6,85,0.0,1
2017-01-06 04:00:00,1.5,0,1036.4,0.0,-11.9,85,0.0,1
2017-01-06 05:00:00,1.8,0,1036.0,0.0,-12.2,85,0.0,1
2017-01-06 06:00:00,1.2,0,1035.7,0.0,-12.4,84,0.0,1
2017-01-06 07:00:00,1.1,0,1035.0,0.0,-11.0,84,0.0,1
2017-01-06 08:00:00,0.5,0,1034.5,0.0,-10.6,90,0.0,1
2017-01-06 09:00:00,1.3,0,1033.9,0.0,-10.0,89,0.0,1
2017-01-06 10:00:00,0.7,0,1033.6,5.0,-9.2,86,0.0,1
2017-01-06 11:00:00,1.2,0,1032.7,16.1,-6.2,86,0.0,1
2017-01-06 12:00:00,1.7,0,1031.9,16.2,-5.0,86,0.0,1
2017-01-06 13:00:00,2.4,0,1030.8,21.0,-4.5,89,0.0,1
2017-01-06 14:00:00,2.6,0,1030.1,15.1,-4.2,93,0.0,1
2017-01-06 15:00:00,5.0,0,1028.7,1.9,-2.0,94,0.0,1
2017-01-06 16:00:00,3.1,0,1028.0,0.0,-1.7,93,0.0,1
2017-01-06 17:00:00,3.9,0,1027.0,0.0,-1.3,94,0.0,1
2017-01-06 18:00:00,3.8,0,1025.5,0.0,-0.9,95,0.0,1
2017-01-06 19:00:00,3.3,0,1024.4,0.0,-0.4,97,0.0,1
2017-01-06 20:00:00,4.4,0,1022.6,0.0,0.5,98,0.0,1
2017-01-06 21:00:00,5.0,0,1021.2,0.0,1.4,96,0.0,1
2017-01-06 22:00:00,4.9,0,1020.1,0.0,2.1,93,0.0,1
2017-01-06 23:00:00,4.4,0,1019.5,0.0,2.5,90,0.0,1
2017-01-07 00:00:00,3.7,0,1019.1,0.0,2.7,89,0.0,1
2017-01-07 01:00:00,3.7,0,1018.3,0.0,2.8,90,0.0,1
2017-01-07 02:00:00,3.6,0,1017.4,0.0,2.9,90,0.0,1
2017-01-07 03:00:00,2.8,0,1016.7,0.0,2.9,93,0.0,1
2017-01-07 04:00:00,0.7,0,1016.3,0.0,2.1,94,0.0,1
2017-01-07 05:00:00,0.5,0,1016.5,0.0,1.1,96,0.0,1
2017-01-07 06:00:00,0.9,0,1016.6,0.0,0.8,97,0.0,1
2017-01-07 07:00:00,2.9,0,1017.0,0.0,0.6,97,0.0,1
2017-01-07 08:00:00,3.7,0,1017.9,0.0,0.5,97,0.0,1
2017-01-07 09:00:00,1.8,0,1019.6,0.0,-0.7,96,0.0,1
2017-01-07 10:00:00,1.8,0,1020.4,2.9,0.1,92,0.0,1
2017-01-07 11:00:00,2.6,0,1021.2,33.4,0.9,83,218.5,1
2017-01-07 12:00:00,1.0,0,1022.0,60.0,0.7,85,830.1667,1
2017-01-07 13:00:00,0.4,60,1022.5,97.1,1.5,82,1095.1666,1
2017-01-07 14:00:00,1.1,60,1022.8,86.6,1.3,82,471.5,1
2017-01-07 15:00:00,1.4,30,1023.3,40.6,0.6,84,179.3333,1
2017-01-07 16:00:00,0.6,0,1023.8,0.0,-0.8,90,0.0,1
2017-01-07 17:00:00,1.6,0,1024.6,0.0,-2.0,88,0.0,1
2017-01-07 18:00:00,1.5,0,1025.5,0.0,-2.6,92,0.0,1
2017-01-07 19:00:00,1.1,0,1025.7,0.0,-2.9,91,0.0,1
2017-01-07 20:00:00,1.2,0,1026.2,0.0,-3.2,92,0.0,1
2017-01-07 21:00:00,1.2,0,1026.5,0.0,-3.2,91,0.0,1
2017-01-07 22:00:00,0.6,0,1026.8,0.0,-4.6,92,0.0,1
2017-01-07 23:00:00,1.3,0,1027.1,0.0,-4.4,92,0.0,1
2017-01-08 00:00:00,1.4,0,1026.9,0.0,-4.3,90,0.0,1
2017-01-08 01:00:00,1.6,0,1027.0,0.0,-5.1,92,0.0,1
2017-01-08 02:00:00,1.6,0,1026.4,0.0,-5.6,92,0.0,1
2017-01-08 03:00:00,0.8,0,1026.2,0.0,-6.7,94,0.0,1
2017-01-08 04:00:00,0.9,0,1025.7,0.0,-6.0,92,0.0,1
2017-01-08 05:00:00,1.0,0,1025.0,0.0,-5.0,95,0.0,1
2017-01-08 06:00:00,0.9,0,1024.8,0.0,-4.6,96,0.0,1
2017-01-08 07:00:00,0.5,0,1024.3,0.0,-3.9,98,0.0,1
2017-01-08 08:00:00,1.1,0,1024.1,0.0,-3.6,97,0.0,1
2017-01-08 09:00:00,0.8,0,1023.9,0.0,-3.4,98,0.0,1
2017-01-08 10:00:00,0.8,0,1023.4,0.0,-2.9,97,0.0,1
2017-01-08 11:00:00,1.2,0,1023.0,7.7,-2.9,98,141.8333,1
2017-01-08 12:00:00,0.8,0,1023.2,22.7,-2.7,98,699.8334,1
2017-01-08 13:00:00,0.5,0,1022.7,52.1,-2.0,98,1384.1667,1
2017-01-08 14:00:00,0.9,0,1021.9,53.4,-1.9,96,432.0,1
2017-01-08 15:00:00,0.9,0,1021.4,19.2,-1.8,96,106.4999,1
2017-01-08 16:00:00,1.1,0,1021.5,0.0,-1.7,96,0.0,1
2017-01-08 17:00:00,0.4,0,1021.2,0.0,-2.0,94,0.0,1
2017-01-08 18:00:00,1.2,0,1020.9,0.0,-2.4,94,0.0,1
2017-01-08 19:00:00,0.7,0,1020.7,0.0,-2.6,96,0.0,1
2017-01-08 20:00:00,0.8,0,1020.1,0.0,-2.8,96,0.0,1
2017-01-08 21:00:00,0.6,0,1019.9,0.0,-2.6,97,0.0,1
2017-01-08 22:00:00,0.1,0,1019.9,0.0,-2.4,97,0.0,1
2017-01-08 23:00:00,1.6,0,1019.5,0.0,-2.2,98,0.0,1
2017-01-09 00:00:00,1.1,0,1019.6,0.0,-2.6,97,0.0,1
2017-01-09 01:00:00,0.7,0,1019.5,0.0,-2.6,97,0.0,1
2017-01-09 02:00:00,1.8,0,1019.4,0.0,-2.7,95,0.0,1
2017-01-09 03:00:00,2.5,0,1018.4,0.0,-1.9,94,0.0,1
2017-01-09 04:00:00,1.6,0,1017.6,0.0,-2.4,94,0.0,1
2017-01-09 05:00:00,0.5,0,1017.1,0.0,-2.7,96,0.0,1
2017-01-09 06:00:00,0.9,0,1016.5,0.0,-2.6,96,0.0,1
2017-01-09 07:00:00,0.4,0,1015.6,0.0,-1.8,95,0.0,1
2017-01-09 08:00:00,1.1,0,1015.0,0.0,-1.3,96,0.0,1
2017-01-09 09:00:00,0.7,0,1014.5,0.0,-0.4,98,0.0,1
2017-01-09 10:00:00,1.5,0,1013.8,0.0,-0.4,98,0.0,1
2017-01-09 11:00:00,0.9,0,1013.4,8.7,-0.1,99,79.5,1
2017-01-09 12:00:00,1.1,0,1012.5,16.1,0.2,99,163.8333,1
2017-01-09 13:00:00,0.9,0,1011.7,20.9,0.3,99,207.5,1
2017-01-09 14:00:00,0.6,0,1010.7,15.7,0.6,99,112.5001,1
2017-01-09 15:00:00,1.2,0,1009.8,3.2,1.2,99,31.5,1
2017-01-09 16:00:00,0.6,0,1009.5,0.0,1.6,99,0.0,1
2017-01-09 17:00:00,1.8,0,1008.9,0.0,2.1,99,0.0,1
2017-01-09 18:00:00,0.6,0,1007.7,0.0,2.4,99,0.0,1
2017-01-09 19:00:00,1.3,0,1007.2,0.0,2.6,99,0.0,1
2017-01-09 20:00:00,3.1,0,1006.7,0.0,3.8,99,0.0,1
2017-01-09 21:00:00,4.6,0,1006.1,0.0,4.5,100,0.0,1
2017-01-09 22:00:00,5.3,0,1005.9,0.0,4.3,99,0.0,1
2017-01-09 23:00:00,4.5,0,1005.4,0.0,4.1,98,0.0,1
2017-01-10 00:00:00,4.6,0,1005.1,0.0,3.9,97,0.0,1
2017-01-10 01:00:00,4.2,0,1004.6,0.0,3.8,97,0.0,1
2017-01-10 02:00:00,3.9,0,1004.4,0.0,3.5,96,0.0,1
2017-01-10 03:00:00,4.0,0,1004.1,0.0,3.2,95,0.0,1
2017-01-10 04:00:00,3.7,0,1003.8,0.0,2.8,96,0.0,1
2017-01-10 05:00:00,3.7,0,1003.5,0.0,2.4,96,0.0,1
2017-01-10 06:00:00,4.1,0,1003.3,0.0,2.1,96,0.0,1
2017-01-10 07:00:00,3.8,0,1003.3,0.0,2.0,96,0.0,1
2017-01-10 08:00:00,3.0,0,1003.5,0.0,1.9,96,0.0,1
2017-01-10 09:00:00,2.9,0,1003.6,0.0,1.7,96,0.0,1
2017-01-10 10:00:00,2.7,0,1003.3,0.0,1.6,95,0.0,1
2017-01-10 11:00:00,4.4,0,1003.2,23.0,1.7,94,660.4999,1
2017-01-10 12:00:00,4.3,0,1002.8,16.1,1.6,94,397.1667,1
2017-01-10 13:00:00,3.8,0,1002.1,14.0,1.5,95,296.1667,1
2017-01-10 14:00:00,3.2,0,1001.5,6.1,1.4,95,162.6667,1
2017-01-10 15:00:00,3.8,0,1001.1,0.0,1.3,95,11.5,1
2017-01-10 16:00:00,3.2,0,1000.7,0.0,1.6,96,0.0,1
2017-01-10 17:00:00,3.0,0,1000.0,0.0,2.1,96,0.0,1
2017-01-10 18:00:00,3.7,0,999.7,0.0,2.9,97,0.0,1
2017-01-10 19:00:00,3.0,0,999.4,0.0,3.1,97,0.0,1
2017-01-10 20:00:00,3.4,0,998.8,0.0,3.5,94,0.0,1
2017-01-10 21:00:00,4.9,0,997.9,0.0,3.8,94,0.0,1
2017-01-10 22:00:00,6.1,0,996.8,0.0,3.6,94,0.0,1
2017-01-10 23:00:00,6.1,0,995.2,0.0,3.8,96,0.0,1
2017-01-11 00:00:00,6.4,0,994.4,0.0,4.7,96,0.0,1
2017-01-11 01:00:00,5.7,0,993.1,0.0,4.9,96,0.0,1
2017-01-11 02:00:00,5.7,0,991.7,0.0,5.2,89,0.0,1
2017-01-11 03:00:00,6.5,0,990.4,0.0,5.3,88,0.0,1
2017-01-11 04:00:00,4.8,0,989.4,0.0,5.2,91,0.0,1
2017-01-11 05:00:00,5.5,0,987.5,0.0,5.2,89,0.0,1
2017-01-11 06:00:00,7.3,0,985.5,0.0,5.0,89,0.0,1
2017-01-11 07:00:00,6.6,0,983.6,0.0,4.6,92,0.0,1
2017-01-11 08:00:00,7.9,0,981.4,0.0,4.1,92,0.0,1
2017-01-11 09:00:00,8.5,0,979.2,0.0,3.6,91,0.0,1
2017-01-11 10:00:00,4.2,0,977.1,0.0,2.6,93,0.0,1
2017-01-11 11:00:00,3.8,0,974.5,3.6,1.6,93,0.0,1
2017-01-11 12:00:00,4.0,0,971.5,17.5,1.6,92,0.0,1
2017-01-11 13:00:00,3.2,0,969.2,10.1,1.5,93,65.5,1
2017-01-11 14:00:00,3.6,0,967.6,8.7,2.5,94,178.3334,1
2017-01-11 15:00:00,3.4,0,966.3,1.4,2.5,92,0.0,1
2017-01-11 16:00:00,3.5,0,965.9,0.0,1.8,92,0.0,1
2017-01-11 17:00:00,3.0,0,966.2,0.0,1.7,94,0.0,1
2017-01-11 18:00:00,2.5,0,966.9,0.0,2.1,88,0.0,1
2017-01-11 19:00:00,1.7,0,968.0,0.0,1.3,94,0.0,1
2017-01-11 20:00:00,1.8,0,969.0,0.0,2.1,87,0.0,1
2017-01-11 21:00:00,0.8,0,970.3,0.0,0.9,95,0.0,1
2017-01-11 22:00:00,1.4,0,971.4,0.0,0.9,96,0.0,1
2017-01-11 23:00:00,3.3,0,972.3,0.0,2.5,74,0.0,1
2017-01-12 00:00:00,2.2,0,973.7,0.0,2.0,74,0.0,1
2017-01-12 01:00:00,2.9,0,974.5,0.0,2.1,72,0.0,1
2017-01-12 02:00:00,3.7,0,974.7,0.0,1.6,71,0.0,1
2017-01-12 03:00:00,4.0,0,974.7,0.0,0.6,77,0.0,1
2017-01-12 04:00:00,3.7,0,975.2,0.0,0.5,73,0.0,1
2017-01-12 05:00:00,2.1,0,975.0,0.0,0.4,77,0.0,1
2017-01-12 06:00:00,1.1,0,974.6,0.0,0.2,80,0.0,1
2017-01-12 07:00:00,1.8,0,974.3,0.0,0.3,82,0.0,1
2017-01-12 08:00:00,1.3,0,974.9,0.0,0.2,85,0.0,1
2017-01-12 09:00:00,2.2,0,975.5,0.0,0.3,84,0.0,1
2017-01-12 10:00:00,0.8,0,975.9,3.9,-0.2,89,0.0,1
2017-01-12 11:00:00,1.2,0,976.0,29.4,0.5,82,113.0,1
2017-01-12 12:00:00,1.6,0,976.7,51.5,0.9,80,368.5,1
2017-01-12 13:00:00,1.8,0,976.5,58.0,1.3,79,429.0,1
2017-01-12 14:00:00,1.8,25,976.7,93.8,2.2,76,414.3333,1
2017-01-12 15:00:00,3.3,0,976.9,13.0,1.9,78,38.8333,1
2017-01-12 16:00:00,1.8,22,977.1,1.7,2.1,75,0.0,1
2017-01-12 17:00:00,1.6,0,977.5,0.0,0.9,78,0.0,1
2017-01-12 18:00:00,1.0,0,977.7,0.0,1.0,78,0.0,1
2017-01-12 19:00:00,1.6,0,978.1,0.0,0.8,77,0.0,1
2017-01-12 20:00:00,2.7,0,978.4,0.0,0.9,76,0.0,1
2017-01-12 21:00:00,1.4,0,979.1,0.0,0.9,75,0.0,1
2017-01-12 22:00:00,3.8,0,979.6,0.0,1.3,72,0.0,1
2017-01-12 23:00:00,3.2,0,980.1,0.0,1.6,68,0.0,1
2017-01-13 00:00:00,2.2,0,980.4,0.0,1.4,69,0.0,1
2017-01-13 01:00:00,0.5,0,980.9,0.0,0.2,75,0.0,1
2017-01-13 02:00:00,0.8,0,981.7,0.0,-1.2,81,0.0,1
2017-01-13 03:00:00,2.2,0,982.4,0.0,-1.2,80,0.0,1
2017-01-13 04:00:00,0.2,0,982.7,0.0,-1.8,79,0.0,1
2017-01-13 05:00:00,1.0,0,983.3,0.0,-2.6,86,0.0,1
2017-01-13 06:00:00,1.9,0,983.9,0.0,-3.1,87,0.0,1
2017-01-13 07:00:00,1.8,0,984.3,0.0,-3.7,89,0.0,1
2017-01-13 08:00:00,0.8,0,985.3,0.0,-4.2,89,0.0,1
2017-01-13 09:00:00,1.2,0,986.1,0.0,-4.5,90,0.0,1
2017-01-13 10:00:00,1.5,31,986.7,11.7,-4.3,89,0.0,1
2017-01-13 11:00:00,2.4,60,987.0,64.1,-2.4,83,194.5001,1
2017-01-13 12:00:00,1.3,60,987.3,111.5,-1.0,78,1342.6666,1
2017-01-13 13:00:00,1.5,60,987.6,124.0,-0.7,79,1044.1666,1
2017-01-13 14:00:00,0.2,60,988.0,103.6,-1.0,76,192.3333,1
2017-01-13 15:00:00,1.3,60,988.2,56.2,-1.1,78,110.9999,1
2017-01-13 16:00:00,0.6,33,988.7,6.7,-2.5,85,0.0,1
2017-01-13 17:00:00,1.3,0,989.3,0.0,-3.3,87,0.0,1
2017-01-13 18:00:00,1.4,0,989.8,0.0,-3.9,88,0.0,1
2017-01-13 19:00:00,2.9,0,990.3,0.0,-4.2,87,0.0,1
2017-01-13 20:00:00,2.1,0,990.5,0.0,-4.4,86,0.0,1
2017-01-13 21:00:00,0.6,0,990.9,0.0,-5.3,89,0.0,1
2017-01-13 22:00:00,0.3,0,991.3,0.0,-5.4,89,0.0,1
2017-01-13 23:00:00,0.1,0,991.8,0.0,-5.3,92,0.0,1
2017-01-14 00:00:00,0.5,0,992.1,0.0,-5.7,91,0.0,1
2017-01-14 01:00:00,0.9,0,992.3,0.0,-5.6,91,0.0,1
2017-01-14 02:00:00,1.4,0,992.9,0.0,-6.2,93,0.0,1
2017-01-14 03:00:00,1.0,0,993.2,0.0,-6.2,91,0.0,1
2017-01-14 04:00:00,0.2,0,993.7,0.0,-6.6,93,0.0,1
2017-01-14 05:00:00,0.3,0,994.1,0.0,-5.7,91,0.0,1
2017-01-14 06:00:00,0.4,0,994.8,0.0,-5.7,92,0.0,1
2017-01-14 07:00:00,0.2,0,995.4,0.0,-4.4,90,0.0,1
2017-01-14 08:00:00,0.8,0,996.2,0.0,-3.4,88,0.0,1
2017-01-14 09:00:00,1.2,0,996.9,0.0,-3.0,88,0.0,1
2017-01-14 10:00:00,1.1,0,997.8,14.8,-2.1,85,128.0,1
2017-01-14 11:00:00,0.7,0,998.6,37.3,-0.9,80,537.8333,1
2017-01-14 12:00:00,4.3,0,999.2,60.0,0.3,66,917.6666,1
2017-01-14 13:00:00,4.5,0,999.8,43.6,0.2,64,511.4999,1
2017-01-14 14:00:00,5.3,0,1000.7,37.8,-0.1,66,258.8333,1
2017-01-14 15:00:00,5.9,0,1001.7,36.4,-0.6,68,79.6667,1
2017-01-14 16:00:00,5.0,0,1002.9,6.2,-0.7,66,10.3333,1
2017-01-14 17:00:00,6.4,0,1003.9,0.0,-1.0,58,0.0,1
2017-01-14 18:00:00,3.0,0,1004.7,0.0,-2.2,62,0.0,1
2017-01-14 19:00:00,3.8,0,1005.5,0.0,-1.9,57,0.0,1
2017-01-14 20:00:00,2.5,0,1006.3,0.0,-3.0,62,0.0,1
2017-01-14 21:00:00,3.3,0,1007.1,0.0,-3.1,60,0.0,1
2017-01-14 22:00:00,3.0,0,1007.8,0.0,-3.9,60,0.0,1
2017-01-14 23:00:00,2.1,0,1008.7,0.0,-3.6,57,0.0,1
2017-01-15 00:00:00,4.5,0,1009.4,0.0,-3.9,62,0.0,1
2017-01-15 01:00:00,3.0,0,1010.1,0.0,-4.5,64,0.0,1
2017-01-15 02:00:00,1.8,0,1010.5,0.0,-5.4,70,0.0,1
2017-01-15 03:00:00,0.7,0,1011.5,0.0,-6.2,73,0.0,1
2017-01-15 04:00:00,1.3,0,1012.1,0.0,-5.5,71,0.0,1
2017-01-15 05:00:00,1.7,0,1012.5,0.0,-5.4,70,0.0,1
2017-01-15 06:00:00,1.7,0,1013.1,0.0,-5.0,68,0.0,1
2017-01-15 07:00:00,0.7,0,1013.9,0.0,-5.5,68,0.0,1
2017-01-15 08:00:00,1.1,0,1014.5,0.0,-6.1,70,0.0,1
2017-01-15 09:00:00,1.7,0,1015.6,0.0,-6.2,71,0.0,1
2017-01-15 10:00:00,0.9,38,1016.4,16.3,-5.8,70,0.0,1
2017-01-15 11:00:00,1.2,60,1016.8,71.4,-4.1,67,0.0,1
2017-01-15 12:00:00,0.8,60,1017.1,114.2,-2.0,56,1212.8333,1
2017-01-15 13:00:00,0.8,60,1017.8,131.0,-1.1,53,1094.0,1
2017-01-15 14:00:00,1.1,60,1018.3,112.4,-1.6,56,166.6667,1
2017-01-15 15:00:00,1.9,60,1019.1,66.0,-1.2,48,115.3334,1
2017-01-15 16:00:00,2.3,41,1019.5,13.1,-2.2,51,1.0,1
2017-01-15 17:00:00,0.6,0,1020.4,0.0,-3.8,60,0.0,1
2017-01-15 18:00:00,1.0,0,1021.3,0.0,-5.0,65,0.0,1
2017-01-15 19:00:00,0.8,0,1021.9,0.0,-5.6,71,0.0,1
2017-01-15 20:00:00,1.3,0,1022.1,0.0,-6.4,73,0.0,1
2017-01-15 21:00:00,0.8,0,1022.8,0.0,-6.1,74,0.0,1
2017-01-15 22:00:00,1.2,0,1023.3,0.0,-7.5,81,0.0,1
2017-01-15 23:00:00,1.0,0,1023.8,0.0,-7.3,81,0.0,1
2017-01-16 00:00:00,0.6,0,1024.5,0.0,-7.5,81,0.0,1
2017-01-16 01:00:00,0.7,0,1024.8,0.0,-8.5,83,0.0,1
2017-01-16 02:00:00,0.8,0,1024.7,0.0,-8.4,81,0.0,1
2017-01-16 03:00:00,1.2,0,1025.6,0.0,-7.9,81,0.0,1
2017-01-16 04:00:00,0.8,0,1025.7,0.0,-8.0,80,0.0,1
2017-01-16 05:00:00,0.6,0,1025.6,0.0,-7.0,81,0.0,1
2017-01-16 06:00:00,1.0,0,1026.0,0.0,-7.7,84,0.0,1
2017-01-16 07:00:00,0.6,0,1026.4,0.0,-7.3,83,0.0,1
2017-01-16 08:00:00,0.8,0,1027.0,0.0,-7.0,80,0.0,1
2017-01-16 09:00:00,1.9,0,1028.0,0.0,-6.5,81,0.0,1
2017-01-16 10:00:00,1.0,19,1028.4,12.1,-5.8,76,0.0,1
2017-01-16 11:00:00,1.1,47,1028.7,70.1,-3.0,66,0.0,1
2017-01-16 12:00:00,1.5,60,1029.0,118.9,-2.3,63,1218.5833,1
2017-01-16 13:00:00,2.0,60,1029.1,135.1,-0.9,57,1198.0,1
2017-01-16 14:00:00,1.2,60,1029.2,115.6,-1.1,67,182.5001,1
2017-01-16 15:00:00,0.5,60,1029.3,67.6,-1.8,68,122.5,1
2017-01-16 16:00:00,0.1,42,1029.4,12.8,-2.7,69,6.1667,1
2017-01-16 17:00:00,0.9,0,1029.7,0.0,-3.8,78,0.0,1
2017-01-16 18:00:00,0.5,0,1030.2,0.0,-5.4,84,0.0,1
2017-01-16 19:00:00,1.7,0,1030.4,0.0,-6.0,84,0.0,1
2017-01-16 20:00:00,1.0,0,1030.7,0.0,-6.7,86,0.0,1
2017-01-16 21:00:00,0.3,0,1030.8,0.0,-6.2,86,0.0,1
2017-01-16 22:00:00,0.8,0,1031.1,0.0,-6.2,87,0.0,1
2017-01-16 23:00:00,0.7,0,1031.2,0.0,-6.2,87,0.0,1
2017-01-17 00:00:00,0.8,0,1030.9,0.0,-5.6,85,0.0,1
2017-01-17 01:00:00,1.1,0,1030.6,0.0,-5.0,84,0.0,1
2017-01-17 02:00:00,0.9,0,1030.3,0.0,-5.1,83,0.0,1
2017-01-17 03:00:00,1.0,0,1030.1,0.0,-4.7,84,0.0,1
2017-01-17 04:00:00,0.8,0,1029.8,0.0,-4.2,82,0.0,1
2017-01-17 05:00:00,0.7,0,1029.6,0.0,-4.0,84,0.0,1
2017-01-17 06:00:00,0.8,0,1029.5,0.0,-4.0,90,0.0,1
2017-01-17 07:00:00,0.7,0,1029.5,0.0,-3.9,89,0.0,1
2017-01-17 08:00:00,1.2,0,1029.5,0.0,-4.2,88,0.0,1
2017-01-17 09:00:00,1.4,0,1029.7,0.0,-4.5,89,0.0,1
2017-01-17 10:00:00,0.5,0,1030.0,4.2,-4.4,88,0.0,1
2017-01-17 11:00:00,0.7,10,1029.9,60.0,-3.3,86,217.5,1
2017-01-17 12:00:00,1.0,0,1029.4,51.9,-2.8,86,327.5,1
2017-01-17 13:00:00,0.7,0,1029.2,48.3,-2.3,85,276.8334,1
2017-01-17 14:00:00,1.5,0,1028.8,34.5,-2.4,91,247.1667,1
2017-01-17 15:00:00,0.8,0,1028.8,8.3,-2.3,90,32.3334,1
2017-01-17 16:00:00,1.4,0,1028.8,0.0,-2.5,90,0.0,1
2017-01-17 17:00:00,0.4,0,1028.7,0.0,-2.4,90,0.0,1
2017-01-17 18:00:00,0.5,0,1028.6,0.0,-2.2,91,0.0,1
2017-01-17 19:00:00,0.9,0,1028.6,0.0,-1.8,91,0.0,1
2017-01-17 20:00:00,1.9,0,1028.7,0.0,-1.9,92,0.0,1
2017-01-17 21:00:00,2.7,0,1028.8,0.0,-2.1,90,0.0,1
2017-01-17 22:00:00,2.9,0,1029.0,0.0,-2.3,89,0.0,1
2017-01-17 23:00:00,1.4,0,1029.1,0.0,-2.9,91,0.0,1
2017-01-18 00:00:00,2.0,0,1029.3,0.0,-3.5,91,0.0,1
2017-01-18 01:00:00,2.1,0,1029.3,0.0,-3.4,91,0.0,1
2017-01-18 02:00:00,1.3,0,1029.3,0.0,-4.0,91,0.0,1
2017-01-18 03:00:00,1.1,0,1028.9,0.0,-4.7,91,0.0,1
2017-01-18 04:00:00,1.4,0,1028.6,0.0,-4.2,93,0.0,1
2017-01-18 05:00:00,0.8,0,1028.2,0.0,-3.7,97,0.0,1
2017-01-18 06:00:00,1.2,0,1027.7,0.0,-3.7,98,0.0,1
2017-01-18 07:00:00,1.1,0,1027.5,0.0,-3.6,98,0.0,1
2017-01-18 08:00:00,2.0,0,1027.6,0.0,-4.0,98,0.0,1
2017-01-18 09:00:00,1.4,0,1027.4,0.0,-3.7,98,0.0,1
2017-01-18 10:00:00,0.3,0,1027.6,2.2,-3.2,98,0.0,1
2017-01-18 11:00:00,1.5,0,1027.4,27.8,-2.6,98,489.0,1
2017-01-18 12:00:00,0.7,0,1027.2,50.5,-2.3,99,558.4999,1
2017-01-18 13:00:00,0.7,0,1026.7,54.8,-1.9,99,625.6666,1
2017-01-18 14:00:00,1.3,0,1026.0,49.5,-2.0,99,573.8333,1
2017-01-18 15:00:00,1.1,0,1025.6,38.8,-2.0,99,478.3333,1
2017-01-18 16:00:00,0.2,0,1025.3,12.2,-2.0,98,72.6667,1
2017-01-18 17:00:00,1.2,0,1025.3,0.0,-2.0,99,0.0,1
2017-01-18 18:00:00,0.9,0,1025.3,0.0,-2.1,99,0.0,1
2017-01-18 19:00:00,0.4,0,1025.4,0.0,-1.9,99,0.0,1
2017-01-18 20:00:00,0.8,0,1025.4,0.0,-2.0,99,0.0,1
2017-01-18 21:00:00,0.8,0,1025.2,0.0,-1.8,99,0.0,1
2017-01-18 22:00:00,0.4,0,1025.3,0.0,-2.1,99,0.0,1
2017-01-18 23:00:00,0.4,0,1025.2,0.0,-2.0,99,0.0,1
2017-01-19 00:00:00,1.2,0,1025.5,0.0,-2.0,99,0.0,1
2017-01-19 01:00:00,1.5,0,1025.2,0.0,-2.7,99,0.0,1
2017-01-19 02:00:00,0.9,0,1025.2,0.0,-2.7,99,0.0,1
2017-01-19 03:00:00,1.3,0,1024.9,0.0,-3.3,97,0.0,1
2017-01-19 04:00:00,0.4,0,1024.9,0.0,-3.3,97,0.0,1
2017-01-19 05:00:00,0.9,0,1024.7,0.0,-3.2,97,0.0,1
2017-01-19 06:00:00,1.1,0,1024.6,0.0,-2.4,98,0.0,1
2017-01-19 07:00:00,0.4,0,1024.1,0.0,-1.4,99,0.0,1
2017-01-19 08:00:00,0.5,0,1023.9,0.0,-0.9,99,0.0,1
2017-01-19 09:00:00,0.5,0,1023.8,0.0,-0.8,99,0.0,1
2017-01-19 10:00:00,1.5,0,1023.8,0.0,-0.2,99,0.0,1
2017-01-19 11:00:00,0.4,0,1023.5,15.5,0.0,99,0.0,1
2017-01-19 12:00:00,1.2,0,1023.2,16.6,0.0,99,0.0,1
2017-01-19 13:00:00,1.4,0,1023.2,36.5,0.4,98,124.0,1
2017-01-19 14:00:00,0.4,0,1023.2,40.4,0.7,98,144.1666,1
2017-01-19 15:00:00,0.6,0,1023.4,24.3,0.9,98,58.0,1
2017-01-19 16:00:00,2.7,0,1023.2,5.5,1.3,97,2.3333,1
2017-01-19 17:00:00,1.8,0,1023.1,0.0,2.4,94,0.0,1
2017-01-19 18:00:00,2.0,0,1023.3,0.0,2.3,93,0.0,1
2017-01-19 19:00:00,1.5,0,1023.3,0.0,1.4,93,0.0,1
2017-01-19 20:00:00,0.9,0,1023.9,0.0,1.3,93,0.0,1
2017-01-19 21:00:00,0.9,0,1023.9,0.0,1.2,92,0.0,1
2017-01-19 22:00:00,3.0,0,1024.4,0.0,1.4,93,0.0,1
2017-01-19 23:00:00,1.9,0,1024.4,0.0,1.9,91,0.0,1
2017-01-20 00:00:00,0.4,0,1024.4,0.0,1.3,92,0.0,1
2017-01-20 01:00:00,0.7,0,1024.3,0.0,1.1,93,0.0,1
2017-01-20 02:00:00,1.0,0,1023.9,0.0,1.1,92,0.0,1
2017-01-20 03:00:00,1.9,0,1023.5,0.0,1.2,93,0.0,1
2017-01-20 04:00:00,0.6,0,1023.3,0.0,2.0,90,0.0,1
2017-01-20 05:00:00,1.7,0,1022.9,0.0,1.7,93,0.0,1
2017-01-20 06:00:00,0.9,0,1022.8,0.0,1.8,91,0.0,1
2017-01-20 07:00:00,1.9,0,1022.6,0.0,2.1,90,0.0,1
2017-01-20 08:00:00,1.5,0,1022.7,0.0,2.3,88,0.0,1
2017-01-20 09:00:00,0.9,0,1023.1,0.0,2.1,89,0.0,1
2017-01-20 10:00:00,0.7,0,1023.6,8.0,2.3,87,0.0,1
2017-01-20 11:00:00,2.0,0,1023.9,35.7,2.8,86,172.3333,1
2017-01-20 12:00:00,2.1,0,1023.8,61.5,3.8,82,554.6666,1
2017-01-20 13:00:00,1.3,29,1023.5,73.5,4.8,77,574.5,1
2017-01-20 14:00:00,0.9,32,1023.3,48.6,4.3,78,139.8334,1
2017-01-20 15:00:00,0.7,0,1023.2,19.9,3.0,84,39.6667,1
2017-01-20 16:00:00,2.7,0,1023.4,2.8,2.7,83,0.0,1
2017-01-20 17:00:00,2.5,0,1024.1,0.0,1.7,88,0.0,1
2017-01-20 18:00:00,1.1,0,1024.3,0.0,1.1,88,0.0,1
2017-01-20 19:00:00,1.8,0,1024.7,0.0,1.5,90,0.0,1
2017-01-20 20:00:00,2.5,0,1025.1,0.0,1.4,90,0.0,1
2017-01-20 21:00:00,1.8,0,1026.0,0.0,1.7,87,0.0,1
2017-01-20 22:00:00,3.1,0,1026.6,0.0,1.6,89,0.0,1
2017-01-20 23:00:00,2.1,0,1027.1,0.0,1.9,88,0.0,1
2017-01-21 00:00:00,2.4,0,1027.0,0.0,1.7,90,0.0,1
2017-01-21 01:00:00,0.6,0,1026.8,0.0,2.1,89,0.0,1
2017-01-21 02:00:00,1.0,0,1026.9,0.0,2.0,89,0.0,1
2017-01-21 03:00:00,1.6,0,1027.0,0.0,1.8,90,0.0,1
2017-01-21 04:00:00,0.9,0,1027.0,0.0,1.5,91,0.0,1
2017-01-21 05:00:00,1.2,0,1027.0,0.0,0.9,92,0.0,1
2017-01-21 06:00:00,1.5,0,1027.3,0.0,0.3,94,0.0,1
2017-01-21 07:00:00,1.3,0,1027.3,0.0,-0.5,93,0.0,1
2017-01-21 08:00:00,1.0,0,1027.4,0.0,-0.5,95,0.0,1
2017-01-21 09:00:00,1.9,0,1027.9,0.0,-0.3,95,0.0,1
2017-01-21 10:00:00,1.4,26,1028.6,15.4,0.0,96,0.0,1
2017-01-21 11:00:00,2.5,0,1028.7,41.4,1.2,92,184.0,1
2017-01-21 12:00:00,0.3,40,1028.7,110.5,3.9,84,1332.6666,1
2017-01-21 13:00:00,0.4,60,1028.2,146.5,4.8,78,1202.8333,1
2017-01-21 14:00:00,0.8,60,1028.2,130.8,3.3,80,393.5,1
2017-01-21 15:00:00,0.2,60,1028.0,74.2,3.0,82,338.3332,1
2017-01-21 16:00:00,1.7,23,1028.0,17.7,2.7,85,42.8333,1
2017-01-21 17:00:00,0.5,0,1028.3,0.0,0.9,92,0.0,1
2017-01-21 18:00:00,0.9,0,1028.3,0.0,0.3,94,0.0,1
2017-01-21 19:00:00,1.8,0,1028.2,0.0,-0.3,93,0.0,1
2017-01-21 20:00:00,0.3,0,1028.1,0.0,-1.2,95,0.0,1
2017-01-21 21:00:00,0.2,0,1028.2,0.0,-1.7,96,0.0,1
2017-01-21 22:00:00,0.8,0,1027.9,0.0,-1.5,97,0.0,1
2017-01-21 23:00:00,1.0,0,1027.4,0.0,-1.3,94,0.0,1
2017-01-22 00:00:00,1.5,0,1027.7,0.0,-2.2,98,0.0,1
2017-01-22 01:00:00,1.0,0,1027.8,0.0,-1.6,99,0.0,1
2017-01-22 02:00:00,1.0,0,1027.3,0.0,-1.0,99,0.0,1
2017-01-22 03:00:00,0.6,0,1026.7,0.0,-0.7,99,0.0,1
2017-01-22 04:00:00,0.9,0,1026.2,0.0,-0.3,99,0.0,1
2017-01-22 05:00:00,2.1,0,1025.7,0.0,-0.1,99,0.0,1
2017-01-22 06:00:00,1.1,0,1025.2,0.0,0.0,99,0.0,1
2017-01-22 07:00:00,1.9,0,1024.8,0.0,0.0,100,0.0,1
2017-01-22 08:00:00,1.4,0,1024.6,0.0,0.0,100,0.0,1
2017-01-22 09:00:00,0.8,0,1024.3,0.0,-0.1,100,0.0,1
2017-01-22 10:00:00,1.7,0,1024.3,2.7,0.0,99,0.0,1
2017-01-22 11:00:00,2.1,0,1023.9,19.8,0.3,100,0.0,1
2017-01-22 12:00:00,2.5,0,1023.2,37.4,0.8,99,0.0,1
2017-01-22 13:00:00,0.8,0,1022.6,39.8,1.0,99,0.0,1
2017-01-22 14:00:00,1.8,0,1022.0,23.5,0.8,99,67.1666,1
2017-01-22 15:00:00,2.1,0,1021.3,14.2,0.7,99,37.0,1
2017-01-22 16:00:00,1.5,0,1021.2,2.4,0.7,99,0.0,1
2017-01-22 17:00:00,1.6,0,1020.6,0.0,0.7,99,0.0,1
2017-01-22 18:00:00,2.4,0,1020.5,0.0,0.5,99,0.0,1
2017-01-22 19:00:00,1.8,0,1020.2,0.0,0.2,99,0.0,1
2017-01-22 20:00:00,1.9,0,1019.8,0.0,0.0,99,0.0,1
2017-01-22 21:00:00,1.6,0,1019.5,0.0,-0.2,99,0.0,1
2017-01-22 22:00:00,1.2,0,1019.3,0.0,-0.4,99,0.0,1
2017-01-22 23:00:00,1.5,0,1019.3,0.0,-0.6,99,0.0,1
2017-01-23 00:00:00,1.5,0,1019.0,0.0,-0.8,99,0.0,1
2017-01-23 01:00:00,0.6,0,1018.8,0.0,-1.0,99,0.0,1
2017-01-23 02:00:00,1.9,0,1018.5,0.0,-1.5,99,0.0,1
2017-01-23 03:00:00,1.0,0,1018.1,0.0,-2.0,99,0.0,1
2017-01-23 04:00:00,1.7,0,1017.9,0.0,-2.4,99,0.0,1
2017-01-23 05:00:00,1.5,0,1017.9,0.0,-2.8,99,0.0,1
2017-01-23 06:00:00,2.1,0,1017.7,0.0,-3.0,99,0.0,1
2017-01-23 07:00:00,1.4,0,1017.7,0.0,-3.2,99,0.0,1
2017-01-23 08:00:00,2.2,0,1017.4,0.0,-3.2,99,0.0,1
2017-01-23 09:00:00,1.8,0,1017.3,0.0,-3.2,99,0.0,1
2017-01-23 10:00:00,1.5,0,1017.3,9.6,-3.3,98,36.25,1
2017-01-23 11:00:00,1.6,0,1017.5,28.9,-3.3,98,332.8333,1
2017-01-23 12:00:00,1.0,0,1017.3,42.8,-3.0,98,688.1666,1
2017-01-23 13:00:00,0.9,0,1017.0,63.0,-2.8,98,985.6667,1
2017-01-23 14:00:00,1.5,0,1017.0,58.4,-2.8,98,204.5,1
2017-01-23 15:00:00,0.8,0,1016.8,32.0,-3.0,98,168.0,1
2017-01-23 16:00:00,0.7,0,1016.8,12.5,-2.9,98,21.6667,1
2017-01-23 17:00:00,0.6,0,1017.2,0.0,-3.1,98,0.0,1
2017-01-23 18:00:00,1.3,0,1017.5,0.0,-3.1,98,0.0,1
2017-01-23 19:00:00,0.9,0,1017.6,0.0,-3.6,98,0.0,1
2017-01-23 20:00:00,0.8,0,1018.0,0.0,-4.0,97,0.0,1
2017-01-23 21:00:00,0.7,0,1018.7,0.0,-4.5,96,0.0,1
2017-01-23 22:00:00,1.8,0,1018.9,0.0,-4.1,97,0.0,1
2017-01-23 23:00:00,0.5,0,1019.7,0.0,-4.8,96,0.0,1
2017-01-24 00:00:00,0.7,0,1020.0,0.0,-4.8,96,0.0,1
2017-01-24 01:00:00,0.7,0,1020.2,0.0,-5.0,96,0.0,1
2017-01-24 02:00:00,0.3,0,1020.3,0.0,-5.4,96,0.0,1
2017-01-24 03:00:00,1.0,0,1020.7,0.0,-5.5,96,0.0,1
2017-01-24 04:00:00,0.3,0,1020.7,0.0,-5.7,95,0.0,1
2017-01-24 05:00:00,0.8,0,1020.7,0.0,-5.7,95,0.0,1
2017-01-24 06:00:00,0.6,0,1021.1,0.0,-5.8,96,0.0,1
2017-01-24 07:00:00,0.5,0,1021.6,0.0,-5.5,96,0.0,1
2017-01-24 08:00:00,0.5,0,1021.8,0.0,-5.9,95,0.0,1
2017-01-24 09:00:00,0.7,0,1022.1,0.0,-5.2,95,0.0,1
2017-01-24 10:00:00,0.9,34,1022.6,29.6,-4.8,96,0.0,1
2017-01-24 11:00:00,0.0,60,1022.9,87.1,-4.0,96,26.3333,1
2017-01-24 12:00:00,0.5,39,1022.7,127.6,-2.3,97,853.1667,1
2017-01-24 13:00:00,0.5,9,1022.2,99.9,-2.4,97,973.3333,1
2017-01-24 14:00:00,0.6,0,1021.9,72.7,-2.1,97,556.1667,1
2017-01-24 15:00:00,0.7,29,1022.8,61.9,-2.3,97,291.5001,1
2017-01-24 16:00:00,1.6,20,1022.2,17.9,-2.6,97,18.6667,1
2017-01-24 17:00:00,1.6,0,1022.7,0.0,-2.5,98,0.0,1
2017-01-24 18:00:00,1.0,0,1022.6,0.0,-2.6,98,0.0,1
2017-01-24 19:00:00,1.6,0,1022.6,0.0,-2.1,99,0.0,1
2017-01-24 20:00:00,1.4,0,1022.7,0.0,-1.8,99,0.0,1
2017-01-24 21:00:00,1.0,0,1023.0,0.0,-1.7,99,0.0,1
2017-01-24 22:00:00,0.9,0,1022.9,0.0,-1.8,99,0.0,1
2017-01-24 23:00:00,1.2,0,1023.0,0.0,-1.9,99,0.0,1
2017-01-25 00:00:00,0.7,0,1023.0,0.0,-1.9,99,0.0,1
2017-01-25 01:00:00,0.8,0,1023.0,0.0,-2.0,99,0.0,1
2017-01-25 02:00:00,1.1,0,1023.1,0.0,-2.0,99,0.0,1
2017-01-25 03:00:00,0.7,0,1022.7,0.0,-1.9,99,0.0,1
2017-01-25 04:00:00,0.4,0,1022.7,0.0,-2.0,99,0.0,1
2017-01-25 05:00:00,0.6,0,1023.0,0.0,-1.9,99,0.0,1
2017-01-25 06:00:00,0.5,0,1022.8,0.0,-1.8,99,0.0,1
2017-01-25 07:00:00,1.2,0,1022.7,0.0,-1.9,99,0.0,1
2017-01-25 08:00:00,0.9,0,1022.7,0.0,-1.8,99,0.0,1
2017-01-25 09:00:00,1.1,0,1023.3,0.0,-1.9,99,0.0,1
2017-01-25 10:00:00,1.2,0,1023.3,2.2,-1.8,98,0.0,1
2017-01-25 11:00:00,0.5,0,1023.2,22.6,-1.7,98,180.3333,1
2017-01-25 12:00:00,1.1,0,1023.0,66.9,-1.2,99,761.8333,1
2017-01-25 13:00:00,1.5,0,1022.8,67.6,-1.1,99,723.8334,1
2017-01-25 14:00:00,1.1,0,1022.7,57.0,-1.2,99,463.8333,1
2017-01-25 15:00:00,0.6,0,1022.5,26.3,-0.7,99,166.5001,1
2017-01-25 16:00:00,0.8,0,1022.5,4.4,-0.4,99,27.0,1
2017-01-25 17:00:00,1.9,0,1022.4,0.0,0.0,100,0.0,1
2017-01-25 18:00:00,1.1,0,1022.5,0.0,0.3,100,0.0,1
2017-01-25 19:00:00,0.9,0,1022.6,0.0,0.7,100,0.0,1
2017-01-25 20:00:00,1.4,0,1022.9,0.0,1.3,100,0.0,1
2017-01-25 21:00:00,1.2,0,1023.2,0.0,1.4,100,0.0,1
2017-01-25 22:00:00,0.7,0,1023.5,0.0,1.1,100,0.0,1
2017-01-25 23:00:00,1.9,0,1023.3,0.0,1.5,100,0.0,1
2017-01-26 00:00:00,1.8,0,1023.7,0.0,1.5,100,0.0,1
2017-01-26 01:00:00,0.4,0,1023.9,0.0,1.4,100,0.0,1
2017-01-26 02:00:00,1.4,0,1023.8,0.0,1.6,100,0.0,1
2017-01-26 03:00:00,2.2,0,1023.8,0.0,1.8,100,0.0,1
2017-01-26 04:00:00,1.9,0,1023.7,0.0,2.2,100,0.0,1
2017-01-26 05:00:00,1.4,0,1023.5,0.0,2.4,100,0.0,1
2017-01-26 06:00:00,2.6,0,1023.6,0.0,2.2,100,0.0,1
2017-01-26 07:00:00,1.0,0,1023.9,0.0,2.2,100,0.0,1
2017-01-26 08:00:00,1.5,0,1024.1,0.0,2.1,100,0.0,1
2017-01-26 09:00:00,2.4,0,1024.8,0.0,1.9,100,0.0,1
2017-01-26 10:00:00,1.6,0,1025.1,7.3,1.4,100,19.5,1
2017-01-26 11:00:00,1.3,0,1025.4,28.3,1.4,99,561.8334,1
2017-01-26 12:00:00,1.9,0,1025.6,41.7,1.3,99,1455.0,1
2017-01-26 13:00:00,1.6,0,1026.0,69.1,1.5,97,1606.3333,1
2017-01-26 14:00:00,1.7,0,1025.9,62.0,1.7,95,557.0,1
2017-01-26 15:00:00,1.6,40,1025.8,81.1,1.8,93,292.1666,1
2017-01-26 16:00:00,0.9,23,1025.8,32.7,0.9,94,101.3333,1
2017-01-26 17:00:00,0.5,0,1026.0,0.0,0.1,97,0.0,1
2017-01-26 18:00:00,0.7,0,1026.2,0.0,-0.4,98,0.0,1
2017-01-26 19:00:00,1.5,0,1026.4,0.0,0.6,99,0.0,1
2017-01-26 20:00:00,1.9,0,1026.5,0.0,0.9,98,0.0,1
2017-01-26 21:00:00,1.7,0,1026.7,0.0,0.9,98,0.0,1
2017-01-26 22:00:00,1.4,0,1026.8,0.0,1.0,98,0.0,1
2017-01-26 23:00:00,1.7,0,1026.9,0.0,1.1,97,0.0,1
2017-01-27 00:00:00,2.1,0,1027.1,0.0,0.9,95,0.0,1
2017-01-27 01:00:00,1.4,0,1027.0,0.0,0.7,95,0.0,1
2017-01-27 02:00:00,2.4,0,1026.7,0.0,0.8,95,0.0,1
2017-01-27 03:00:00,3.1,0,1026.2,0.0,0.5,95,0.0,1
2017-01-27 04:00:00,1.7,0,1026.1,0.0,0.3,95,0.0,1
2017-01-27 05:00:00,2.8,0,1026.2,0.0,-0.1,97,0.0,1
2017-01-27 06:00:00,1.9,0,1025.8,0.0,-0.4,98,0.0,1
2017-01-27 07:00:00,1.9,0,1025.3,0.0,-0.6,99,0.0,1
2017-01-27 08:00:00,1.1,0,1025.5,0.0,-0.4,99,0.0,1
2017-01-27 09:00:00,0.6,0,1025.4,0.0,-0.1,99,0.0,1
2017-01-27 10:00:00,0.7,0,1025.5,1.4,-0.1,99,0.0,1
2017-01-27 11:00:00,2.6,0,1025.5,7.8,0.0,99,0.0,1
2017-01-27 12:00:00,1.8,0,1025.2,10.8,0.0,98,0.0,1
2017-01-27 13:00:00,1.4,0,1024.8,14.5,0.0,98,0.0,1
2017-01-27 14:00:00,1.6,0,1024.2,14.8,-0.2,96,0.0,1
2017-01-27 15:00:00,0.6,0,1022.8,9.1,-0.3,95,0.0,1
2017-01-27 16:00:00,1.0,0,1022.4,0.0,-0.3,95,0.0,1
2017-01-27 17:00:00,1.5,0,1022.2,0.0,-0.2,96,0.0,1
2017-01-27 18:00:00,1.1,0,1021.5,0.0,-0.3,96,0.0,1
2017-01-27 19:00:00,1.6,0,1020.9,0.0,0.0,94,0.0,1
2017-01-27 20:00:00,2.2,0,1020.9,0.0,-0.2,94,0.0,1
2017-01-27 21:00:00,1.3,0,1021.3,0.0,-0.2,93,0.0,1
2017-01-27 22:00:00,1.8,0,1021.1,0.0,-0.4,96,0.0,1
2017-01-27 23:00:00,2.0,0,1020.7,0.0,-0.5,93,0.0,1
2017-01-28 00:00:00,2.1,0,1021.1,0.0,-0.6,93,0.0,1
2017-01-28 01:00:00,1.6,0,1021.0,0.0,-0.6,93,0.0,1
2017-01-28 02:00:00,2.2,0,1020.6,0.0,-0.5,94,0.0,1
2017-01-28 03:00:00,2.1,0,1020.7,0.0,-0.5,94,0.0,1
2017-01-28 04:00:00,1.8,0,1020.4,0.0,-0.5,94,0.0,1
2017-01-28 05:00:00,2.6,0,1020.2,0.0,-0.4,93,0.0,1
2017-01-28 06:00:00,2.2,0,1020.3,0.0,-0.4,91,0.0,1
2017-01-28 07:00:00,1.6,0,1020.6,0.0,-0.4,90,0.0,1
2017-01-28 08:00:00,1.3,0,1021.0,0.0,-0.3,88,0.0,1
2017-01-28 09:00:00,0.7,0,1021.0,0.0,-0.3,87,0.0,1
2017-01-28 10:00:00,1.8,0,1021.2,13.4,-0.2,87,0.0,1
2017-01-28 11:00:00,1.6,0,1021.4,43.6,0.1,87,214.3333,1
2017-01-28 12:00:00,1.7,0,1021.2,55.8,0.0,89,387.0,1
2017-01-28 13:00:00,1.0,0,1020.7,66.6,0.1,87,223.5001,1
2017-01-28 14:00:00,1.5,0,1020.6,25.9,0.1,87,145.0,1
2017-01-28 15:00:00,1.2,0,1020.5,18.5,0.1,87,38.6667,1
2017-01-28 16:00:00,1.3,0,1020.3,2.7,0.0,88,0.0,1
2017-01-28 17:00:00,0.6,0,1020.1,0.0,0.1,86,0.0,1
2017-01-28 18:00:00,0.4,0,1019.8,0.0,0.3,86,0.0,1
2017-01-28 19:00:00,0.8,0,1019.5,0.0,0.2,90,0.0,1
2017-01-28 20:00:00,1.6,0,1019.3,0.0,0.2,91,0.0,1
2017-01-28 21:00:00,1.5,0,1018.9,0.0,0.2,93,0.0,1
2017-01-28 22:00:00,1.5,0,1018.6,0.0,0.2,93,0.0,1
2017-01-28 23:00:00,0.9,0,1018.2,0.0,0.4,93,0.0,1
2017-01-29 00:00:00,2.4,0,1017.8,0.0,0.4,91,0.0,1
2017-01-29 01:00:00,1.7,0,1017.4,0.0,0.2,92,0.0,1
2017-01-29 02:00:00,1.7,0,1016.7,0.0,0.0,92,0.0,1
2017-01-29 03:00:00,1.8,0,1015.9,0.0,-0.2,92,0.0,1
2017-01-29 04:00:00,1.7,0,1014.9,0.0,-0.4,92,0.0,1
2017-01-29 05:00:00,1.9,0,1014.1,0.0,-0.5,92,0.0,1
2017-01-29 06:00:00,2.9,0,1013.3,0.0,-0.8,93,0.0,1
2017-01-29 07:00:00,2.3,0,1012.7,0.0,-1.0,91,0.0,1
2017-01-29 08:00:00,1.5,0,1012.3,0.0,-1.1,90,0.0,1
2017-01-29 09:00:00,3.6,0,1012.0,0.0,-1.2,91,0.0,1
2017-01-29 10:00:00,3.3,0,1011.6,0.0,-1.4,91,0.0,1
2017-01-29 11:00:00,2.3,0,1011.0,5.2,-1.3,91,0.0,1
2017-01-29 12:00:00,2.6,0,1010.5,12.0,-1.5,93,0.0,1
2017-01-29 13:00:00,2.2,0,1010.0,30.4,-1.5,94,0.0,1
2017-01-29 14:00:00,1.3,0,1009.7,35.0,-1.2,92,0.0,1
2017-01-29 15:00:00,1.4,0,1009.0,12.9,-1.1,90,0.0,1
2017-01-29 16:00:00,0.8,0,1008.6,0.0,-0.9,90,0.0,1
2017-01-29 17:00:00,1.3,0,1008.1,0.0,-0.7,94,0.0,1
2017-01-29 18:00:00,2.1,0,1007.5,0.0,-0.7,96,0.0,1
2017-01-29 19:00:00,1.1,0,1006.5,0.0,0.1,97,0.0,1
2017-01-29 20:00:00,2.1,0,1006.3,0.0,1.0,98,0.0,1
2017-01-29 21:00:00,1.0,0,1006.2,0.0,1.0,97,0.0,1
2017-01-29 22:00:00,2.4,0,1006.2,0.0,1.9,96,0.0,1
2017-01-29 23:00:00,3.3,0,1006.4,0.0,2.8,95,0.0,1
2017-01-30 00:00:00,3.8,0,1006.8,0.0,3.1,90,0.0,1
2017-01-30 01:00:00,1.6,0,1007.1,0.0,2.7,91,0.0,1
2017-01-30 02:00:00,2.5,0,1007.6,0.0,2.6,91,0.0,1
2017-01-30 03:00:00,3.0,0,1008.1,0.0,2.2,92,0.0,1
2017-01-30 04:00:00,1.7,0,1008.6,0.0,2.1,93,0.0,1
2017-01-30 05:00:00,1.3,0,1009.2,0.0,2.2,93,0.0,1
2017-01-30 06:00:00,0.9,0,1009.7,0.0,1.9,94,0.0,1
2017-01-30 07:00:00,1.5,0,1010.5,0.0,1.8,95,0.0,1
2017-01-30 08:00:00,1.8,0,1011.2,0.0,2.1,91,0.0,1
2017-01-30 09:00:00,2.3,0,1012.3,0.0,2.2,84,0.0,1
2017-01-30 10:00:00,0.8,0,1013.3,19.2,2.4,83,0.0,1
2017-01-30 11:00:00,0.6,0,1013.9,34.2,2.6,79,116.1667,1
2017-01-30 12:00:00,0.8,0,1014.8,50.9,2.1,90,342.0,1
2017-01-30 13:00:00,1.7,0,1015.5,56.9,2.1,89,320.0,1
2017-01-30 14:00:00,1.4,0,1016.2,39.9,2.1,88,198.5,1
2017-01-30 15:00:00,1.7,0,1016.6,21.2,1.9,88,81.6666,1
2017-01-30 16:00:00,1.2,0,1017.1,6.0,2.0,86,11.1667,1
2017-01-30 17:00:00,1.9,0,1017.6,0.0,1.9,86,0.0,1
2017-01-30 18:00:00,3.5,0,1018.4,0.0,1.2,86,0.0,1
2017-01-30 19:00:00,3.5,0,1019.0,0.0,0.8,85,0.0,1
2017-01-30 20:00:00,3.3,0,1019.7,0.0,0.5,86,0.0,1
2017-01-30 21:00:00,2.3,0,1020.3,0.0,0.4,85,0.0,1
2017-01-30 22:00:00,1.9,0,1021.1,0.0,0.1,85,0.0,1
2017-01-30 23:00:00,2.2,0,1021.7,0.0,-0.1,84,0.0,1
2017-01-31 00:00:00,2.3,0,1021.9,0.0,-0.4,85,0.0,1
2017-01-31 01:00:00,2.6,0,1022.0,0.0,-0.5,84,0.0,1
2017-01-31 02:00:00,1.7,0,1022.2,0.0,-0.8,85,0.0,1
2017-01-31 03:00:00,1.5,0,1022.7,0.0,-0.9,84,0.0,1
2017-01-31 04:00:00,1.8,0,1022.5,0.0,-1.0,84,0.0,1
2017-01-31 05:00:00,2.1,0,1022.7,0.0,-1.1,86,0.0,1
2017-01-31 06:00:00,1.1,0,1022.7,0.0,-1.1,87,0.0,1
2017-01-31 07:00:00,0.8,0,1022.8,0.0,-1.3,86,0.0,1
2017-01-31 08:00:00,2.0,0,1023.1,0.0,-1.3,87,0.0,1
2017-01-31 09:00:00,0.7,0,1023.5,0.0,-1.5,90,0.0,1
2017-01-31 10:00:00,1.5,0,1023.6,11.0,-1.3,88,0.0,1
2017-01-31 11:00:00,0.9,0,1023.7,34.3,-1.0,86,46.3333,1
2017-01-31 12:00:00,1.8,0,1023.6,81.4,-0.8,81,336.1666,1
2017-01-31 13:00:00,2.1,0,1023.5,85.2,-0.7,82,521.3332,1
2017-01-31 14:00:00,1.1,0,1023.5,70.3,-0.6,85,428.6667,1
2017-01-31 15:00:00,1.3,0,1023.4,45.2,-0.3,84,279.6666,1
2017-01-31 16:00:00,1.4,0,1023.3,16.3,-0.6,87,57.6666,1
2017-01-31 17:00:00,1.0,0,1023.4,0.0,-0.8,88,0.0,1
2017-01-31 18:00:00,1.2,0,1023.5,0.0,-0.7,89,0.0,1
2017-01-31 19:00:00,0.7,0,1023.6,0.0,-0.5,88,0.0,1
2017-01-31 20:00:00,1.8,0,1023.8,0.0,-0.5,87,0.0,1
2017-01-31 21:00:00,1.6,0,1023.6,0.0,-0.5,86,0.0,1
2017-01-31 22:00:00,1.6,0,1023.6,0.0,-0.4,81,0.0,1
2017-01-31 23:00:00,1.3,0,1023.4,0.0,-0.2,76,0.0,1
2017-02-01 00:00:00,1.1,0,1023.2,0.0,-0.2,77,0.0,2
2017-02-01 01:00:00,1.1,0,1022.9,0.0,-0.3,77,0.0,2
2017-02-01 02:00:00,1.4,0,1022.7,0.0,-0.6,85,0.0,2
2017-02-01 03:00:00,1.8,0,1022.5,0.0,-0.7,88,0.0,2
2017-02-01 04:00:00,1.9,0,1022.2,0.0,-0.7,89,0.0,2
2017-02-01 05:00:00,2.1,0,1022.0,0.0,-0.7,88,0.0,2
2017-02-01 06:00:00,2.4,0,1021.7,0.0,-0.6,85,0.0,2
2017-02-01 07:00:00,2.6,0,1021.7,0.0,-0.5,83,0.0,2
2017-02-01 08:00:00,1.8,0,1021.7,0.0,-0.5,83,0.0,2
2017-02-01 09:00:00,2.8,0,1021.7,0.0,-0.5,84,0.0,2
2017-02-01 10:00:00,2.3,0,1021.5,3.6,-0.4,84,0.0,2
2017-02-01 11:00:00,2.5,0,1021.4,20.2,-0.2,86,0.0,2
2017-02-01 12:00:00,2.5,0,1021.1,25.5,0.0,85,204.5,2
2017-02-01 13:00:00,2.4,0,1020.7,17.0,-0.2,87,189.6667,2
2017-02-01 14:00:00,2.4,0,1020.1,16.4,-0.3,96,118.5,2
2017-02-01 15:00:00,3.8,0,1019.5,5.4,-0.1,97,8.6667,2
2017-02-01 16:00:00,3.1,0,1019.4,0.0,0.0,97,0.0,2
2017-02-01 17:00:00,2.8,0,1019.3,0.0,-0.1,97,0.0,2
2017-02-01 18:00:00,3.1,0,1019.1,0.0,-0.1,97,0.0,2
2017-02-01 19:00:00,2.6,0,1018.8,0.0,-0.1,97,0.0,2
2017-02-01 20:00:00,2.6,0,1018.6,0.0,-0.2,97,0.0,2
2017-02-01 21:00:00,1.9,0,1018.2,0.0,-0.3,97,0.0,2
2017-02-01 22:00:00,2.9,0,1018.1,0.0,-0.4,98,0.0,2
2017-02-01 23:00:00,3.0,0,1017.8,0.0,-0.4,98,0.0,2
2017-02-02 00:00:00,1.7,0,1017.4,0.0,-0.3,97,0.0,2
2017-02-02 01:00:00,1.5,0,1016.8,0.0,-0.3,98,0.0,2
2017-02-02 02:00:00,1.3,0,1016.4,0.0,-0.2,98,0.0,2
2017-02-02 03:00:00,1.9,0,1016.0,0.0,-0.1,99,0.0,2
2017-02-02 04:00:00,3.3,0,1015.4,0.0,-0.1,98,0.0,2
2017-02-02 05:00:00,2.5,0,1015.2,0.0,-0.1,97,0.0,2
2017-02-02 06:00:00,1.8,0,1014.9,0.0,-0.2,97,0.0,2
2017-02-02 07:00:00,1.2,0,1014.4,0.0,-0.2,96,0.0,2
2017-02-02 08:00:00,2.4,0,1014.2,0.0,-0.2,95,0.0,2
2017-02-02 09:00:00,1.7,0,1014.4,0.0,-0.2,96,0.0,2
2017-02-02 10:00:00,2.4,0,1014.3,0.0,-0.1,97,0.0,2
2017-02-02 11:00:00,2.6,0,1013.9,11.1,0.1,95,0.0,2
2017-02-02 12:00:00,2.3,0,1013.7,11.0,0.2,94,0.0,2
2017-02-02 13:00:00,2.0,0,1013.1,18.1,0.2,93,0.0,2
2017-02-02 14:00:00,2.0,0,1012.7,10.0,0.1,95,0.0,2
2017-02-02 15:00:00,1.7,0,1012.3,4.5,0.1,94,0.0,2
2017-02-02 16:00:00,1.7,0,1012.4,5.9,-0.1,95,0.0,2
2017-02-02 17:00:00,1.4,0,1012.5,0.0,-0.4,96,0.0,2
2017-02-02 18:00:00,1.3,0,1012.4,0.0,-0.5,97,0.0,2
2017-02-02 19:00:00,1.5,0,1012.6,0.0,-0.6,96,0.0,2
2017-02-02 20:00:00,1.1,0,1012.5,0.0,-0.7,96,0.0,2
2017-02-02 21:00:00,1.1,0,1012.3,0.0,-0.6,95,0.0,2
2017-02-02 22:00:00,1.1,0,1012.3,0.0,-0.6,94,0.0,2
2017-02-02 23:00:00,0.6,0,1012.2,0.0,-0.8,95,0.0,2
2017-02-03 00:00:00,0.3,0,1012.1,0.0,-0.7,96,0.0,2
2017-02-03 01:00:00,0.2,0,1012.0,0.0,-0.6,96,0.0,2
2017-02-03 02:00:00,1.0,0,1011.7,0.0,-0.7,97,0.0,2
2017-02-03 03:00:00,0.8,0,1011.3,0.0,-0.6,97,0.0,2
2017-02-03 04:00:00,0.1,0,1011.0,0.0,-0.6,97,0.0,2
2017-02-03 05:00:00,0.9,0,1010.5,0.0,-0.5,96,0.0,2
2017-02-03 06:00:00,0.4,0,1010.1,0.0,-0.4,95,0.0,2
2017-02-03 07:00:00,0.2,0,1009.9,0.0,-0.4,96,0.0,2
2017-02-03 08:00:00,1.0,0,1010.0,0.0,-0.4,97,0.0,2
2017-02-03 09:00:00,1.0,0,1010.1,0.0,-0.4,98,0.0,2
2017-02-03 10:00:00,0.8,0,1010.4,2.6,-0.1,98,0.0,2
2017-02-03 11:00:00,1.4,0,1010.4,11.2,0.0,97,0.0,2
2017-02-03 12:00:00,0.9,0,1010.3,14.8,0.4,95,0.0,2
2017-02-03 13:00:00,0.7,0,1010.0,26.2,0.4,95,0.0,2
2017-02-03 14:00:00,1.0,0,1009.6,30.7,0.6,92,0.0,2
2017-02-03 15:00:00,0.3,0,1009.6,17.9,0.6,92,0.0,2
2017-02-03 16:00:00,0.5,0,1009.9,0.0,0.4,97,0.0,2
2017-02-03 17:00:00,0.7,0,1009.7,0.0,0.4,96,0.0,2
2017-02-03 18:00:00,0.7,0,1010.0,0.0,0.2,97,0.0,2
2017-02-03 19:00:00,1.2,0,1010.2,0.0,0.5,97,0.0,2
2017-02-03 20:00:00,1.0,0,1010.1,0.0,0.5,96,0.0,2
2017-02-03 21:00:00,1.3,0,1010.1,0.0,0.5,95,0.0,2
2017-02-03 22:00:00,1.6,0,1010.1,0.0,0.5,94,0.0,2
2017-02-03 23:00:00,1.4,0,1010.0,0.0,0.4,94,0.0,2
2017-02-04 00:00:00,1.6,0,1010.1,0.0,0.5,93,0.0,2
2017-02-04 01:00:00,1.9,0,1009.8,0.0,0.5,94,0.0,2
2017-02-04 02:00:00,1.4,0,1009.8,0.0,0.4,94,0.0,2
2017-02-04 03:00:00,1.6,0,1009.4,0.0,0.4,95,0.0,2
2017-02-04 04:00:00,1.6,0,1009.1,0.0,0.4,95,0.0,2
2017-02-04 05:00:00,1.4,0,1009.1,0.0,0.3,96,0.0,2
2017-02-04 06:00:00,1.9,0,1008.8,0.0,0.2,94,0.0,2
2017-02-04 07:00:00,2.9,0,1008.8,0.0,0.3,90,0.0,2
2017-02-04 08:00:00,3.1,0,1009.1,0.0,0.0,89,0.0,2
2017-02-04 09:00:00,2.8,0,1009.4,0.0,-0.8,89,0.0,2
2017-02-04 10:00:00,3.4,0,1009.5,6.6,-0.8,86,0.0,2
2017-02-04 11:00:00,2.6,0,1009.8,19.9,-0.8,86,0.0,2
2017-02-04 12:00:00,2.6,0,1009.5,38.1,-0.7,88,0.0,2
2017-02-04 13:00:00,2.1,0,1009.2,33.8,-0.6,89,0.0,2
2017-02-04 14:00:00,3.6,0,1009.1,21.3,-0.4,87,0.0,2
2017-02-04 15:00:00,3.2,0,1009.1,13.8,-0.5,86,0.0,2
2017-02-04 16:00:00,3.4,0,1009.3,3.5,-0.6,84,0.0,2
2017-02-04 17:00:00,3.8,0,1009.5,0.0,-0.6,85,0.0,2
2017-02-04 18:00:00,4.0,0,1009.7,0.0,-0.8,90,0.0,2
2017-02-04 19:00:00,4.5,0,1009.9,0.0,-0.7,90,0.0,2
2017-02-04 20:00:00,4.0,0,1010.0,0.0,-0.8,92,0.0,2
2017-02-04 21:00:00,5.5,0,1010.2,0.0,-0.7,90,0.0,2
2017-02-04 22:00:00,5.2,0,1010.4,0.0,-0.6,90,0.0,2
2017-02-04 23:00:00,5.2,0,1010.6,0.0,-0.5,92,0.0,2
2017-02-05 00:00:00,5.2,0,1011.2,0.0,-0.4,92,0.0,2
2017-02-05 01:00:00,5.6,0,1011.4,0.0,-0.2,91,0.0,2
2017-02-05 02:00:00,5.2,0,1011.6,0.0,-0.1,90,0.0,2
2017-02-05 03:00:00,4.2,0,1011.9,0.0,0.1,89,0.0,2
2017-02-05 04:00:00,5.2,0,1012.2,0.0,0.2,89,0.0,2
2017-02-05 05:00:00,3.7,0,1012.7,0.0,0.2,89,0.0,2
2017-02-05 06:00:00,4.3,0,1013.1,0.0,0.2,89,0.0,2
2017-02-05 07:00:00,3.9,0,1013.9,0.0,0.2,89,0.0,2
2017-02-05 08:00:00,4.1,0,1014.3,0.0,0.2,90,0.0,2
2017-02-05 09:00:00,3.8,0,1015.0,0.0,0.1,92,0.0,2
2017-02-05 10:00:00,4.2,0,1015.5,5.6,0.2,92,0.0,2
2017-02-05 11:00:00,3.9,0,1016.3,22.6,0.2,91,0.0,2
2017-02-05 12:00:00,3.8,0,1017.0,33.0,0.2,91,0.0,2
2017-02-05 13:00:00,4.9,0,1017.4,47.4,0.3,88,0.0,2
2017-02-05 14:00:00,4.9,0,1017.6,43.1,-0.1,90,0.0,2
2017-02-05 15:00:00,3.6,0,1018.2,18.6,0.1,86,0.0,2
2017-02-05 16:00:00,4.9,0,1018.5,9.0,0.2,85,0.0,2
2017-02-05 17:00:00,5.1,0,1019.2,0.0,0.2,85,0.0,2
2017-02-05 18:00:00,5.3,0,1019.8,0.0,0.3,86,0.0,2
2017-02-05 19:00:00,4.3,0,1020.5,0.0,0.6,85,0.0,2
2017-02-05 20:00:00,3.0,0,1021.5,0.0,0.4,89,0.0,2
2017-02-05 21:00:00,3.8,0,1022.2,0.0,0.6,86,0.0,2
2017-02-05 22:00:00,2.9,0,1023.2,0.0,0.7,86,0.0,2
2017-02-05 23:00:00,3.7,0,1024.1,0.0,0.9,84,0.0,2
2017-02-06 00:00:00,3.4,0,1024.9,0.0,0.8,85,0.0,2
2017-02-06 01:00:00,2.6,0,1025.4,0.0,0.9,85,0.0,2
2017-02-06 02:00:00,4.0,0,1026.1,0.0,1.0,85,0.0,2
2017-02-06 03:00:00,2.7,0,1026.8,0.0,0.9,86,0.0,2
2017-02-06 04:00:00,3.3,0,1027.3,0.0,0.8,87,0.0,2
2017-02-06 05:00:00,2.7,0,1028.4,0.0,0.9,86,0.0,2
2017-02-06 06:00:00,2.6,0,1029.1,0.0,0.9,85,0.0,2
2017-02-06 07:00:00,1.9,0,1029.7,0.0,0.7,86,0.0,2
2017-02-06 08:00:00,2.1,0,1030.5,0.0,0.8,80,0.0,2
2017-02-06 09:00:00,1.9,0,1031.2,0.0,0.8,78,0.0,2
2017-02-06 10:00:00,3.4,0,1032.0,7.1,0.5,72,0.0,2
2017-02-06 11:00:00,3.3,0,1032.5,25.8,0.1,76,0.0,2
2017-02-06 12:00:00,3.5,0,1033.4,72.1,-0.1,68,0.0,2
2017-02-06 13:00:00,4.6,0,1033.8,100.7,-0.2,66,0.0,2
2017-02-06 14:00:00,2.7,0,1034.0,69.2,-0.7,70,0.0,2
2017-02-06 15:00:00,3.5,2,1033.9,62.0,-0.9,70,0.0,2
2017-02-06 16:00:00,4.2,0,1034.4,27.9,-1.6,71,0.0,2
2017-02-06 17:00:00,3.4,0,1034.7,2.3,-1.8,73,0.0,2
2017-02-06 18:00:00,3.5,0,1035.2,0.0,-2.0,77,0.0,2
2017-02-06 19:00:00,2.2,0,1035.7,0.0,-2.0,73,0.0,2
2017-02-06 20:00:00,2.5,0,1036.0,0.0,-2.2,78,0.0,2
2017-02-06 21:00:00,3.1,0,1036.2,0.0,-2.4,75,0.0,2
2017-02-06 22:00:00,3.2,0,1036.3,0.0,-2.7,75,0.0,2
2017-02-06 23:00:00,3.6,0,1036.6,0.0,-2.9,75,0.0,2
2017-02-07 00:00:00,4.4,0,1036.9,0.0,-3.4,77,0.0,2
2017-02-07 01:00:00,4.4,0,1037.3,0.0,-3.6,74,0.0,2
2017-02-07 02:00:00,4.2,0,1037.6,0.0,-3.7,68,0.0,2
2017-02-07 03:00:00,3.8,0,1038.0,0.0,-4.4,76,0.0,2
2017-02-07 04:00:00,5.0,0,1037.9,0.0,-5.1,66,0.0,2
2017-02-07 05:00:00,5.0,0,1038.3,0.0,-5.3,68,0.0,2
2017-02-07 06:00:00,3.5,0,1038.6,0.0,-5.6,71,0.0,2
2017-02-07 07:00:00,4.2,0,1039.0,0.0,-5.6,73,0.0,2
2017-02-07 08:00:00,3.4,0,1039.4,0.0,-5.9,78,0.0,2
2017-02-07 09:00:00,3.7,0,1039.9,4.7,-6.1,77,0.0,2
2017-02-07 10:00:00,4.4,0,1040.1,41.0,-6.1,73,0.0,2
2017-02-07 11:00:00,4.9,0,1040.2,85.1,-6.0,71,0.0,2
2017-02-07 12:00:00,5.0,0,1040.3,99.1,-6.0,72,0.0,2
2017-02-07 13:00:00,4.5,6,1040.2,121.4,-5.9,69,0.0,2
2017-02-07 14:00:00,4.4,14,1040.2,130.0,-5.6,66,0.0,2
2017-02-07 15:00:00,3.0,32,1040.6,116.3,-5.8,66,0.0,2
2017-02-07 16:00:00,4.3,16,1040.7,47.1,-6.0,64,0.0,2
2017-02-07 17:00:00,4.6,0,1041.4,8.1,-6.2,67,0.0,2
2017-02-07 18:00:00,4.3,0,1042.1,0.0,-6.4,69,0.0,2
2017-02-07 19:00:00,4.0,0,1042.8,0.0,-6.4,71,0.0,2
2017-02-07 20:00:00,4.2,0,1043.2,0.0,-6.5,73,0.0,2
2017-02-07 21:00:00,4.8,0,1043.4,0.0,-6.5,72,0.0,2
2017-02-07 22:00:00,4.9,0,1043.6,0.0,-6.5,71,0.0,2
2017-02-07 23:00:00,5.0,0,1044.1,0.0,-6.8,73,0.0,2
2017-02-08 00:00:00,4.8,0,1044.6,0.0,-7.0,72,0.0,2
2017-02-08 01:00:00,4.7,0,1044.9,0.0,-7.3,73,0.0,2
2017-02-08 02:00:00,4.2,0,1045.3,0.0,-7.4,74,0.0,2
2017-02-08 03:00:00,4.1,0,1045.4,0.0,-7.3,74,0.0,2
2017-02-08 04:00:00,4.9,0,1045.5,0.0,-7.4,75,0.0,2
2017-02-08 05:00:00,6.1,0,1045.6,0.0,-7.6,76,0.0,2
2017-02-08 06:00:00,6.4,0,1045.9,0.0,-7.6,75,0.0,2
2017-02-08 07:00:00,5.0,0,1046.1,0.0,-7.9,75,0.0,2
2017-02-08 08:00:00,6.3,0,1046.5,0.0,-7.6,73,0.0,2
2017-02-08 09:00:00,6.7,0,1046.7,1.9,-7.5,78,0.0,2
2017-02-08 10:00:00,5.2,0,1046.7,36.4,-7.1,76,0.0,2
2017-02-08 11:00:00,5.6,8,1046.8,87.8,-6.7,71,0.0,2
2017-02-08 12:00:00,5.9,0,1046.7,85.4,-6.4,70,0.0,2
2017-02-08 13:00:00,6.3,20,1046.3,118.7,-6.1,69,0.0,2
2017-02-08 14:00:00,5.4,35,1046.2,129.6,-6.2,72,0.0,2
2017-02-08 15:00:00,5.1,10,1046.2,102.2,-6.3,73,0.0,2
2017-02-08 16:00:00,4.5,0,1046.2,84.2,-6.3,74,0.0,2
2017-02-08 17:00:00,5.6,0,1046.0,18.8,-6.6,76,0.0,2
2017-02-08 18:00:00,5.9,0,1046.2,0.0,-6.5,74,0.0,2
2017-02-08 19:00:00,5.5,0,1046.4,0.0,-6.5,75,0.0,2
2017-02-08 20:00:00,5.9,0,1046.5,0.0,-6.5,75,0.0,2
2017-02-08 21:00:00,5.4,0,1046.8,0.0,-6.5,75,0.0,2
2017-02-08 22:00:00,5.3,0,1047.1,0.0,-6.4,73,0.0,2
2017-02-08 23:00:00,4.9,0,1047.3,0.0,-6.3,74,0.0,2
2017-02-09 00:00:00,5.2,0,1046.9,0.0,-6.2,74,0.0,2
2017-02-09 01:00:00,7.1,0,1046.7,0.0,-6.2,73,0.0,2
2017-02-09 02:00:00,6.7,0,1046.6,0.0,-6.3,74,0.0,2
2017-02-09 03:00:00,7.2,0,1046.4,0.0,-6.3,74,0.0,2
2017-02-09 04:00:00,5.1,0,1046.4,0.0,-6.3,74,0.0,2
2017-02-09 05:00:00,5.1,0,1046.1,0.0,-6.7,76,0.0,2
2017-02-09 06:00:00,4.8,0,1045.9,0.0,-6.9,77,0.0,2
2017-02-09 07:00:00,5.7,0,1045.6,0.0,-6.9,77,0.0,2
2017-02-09 08:00:00,6.2,0,1045.7,0.0,-6.8,74,0.0,2
2017-02-09 09:00:00,3.0,0,1045.5,1.5,-6.4,74,0.0,2
2017-02-09 10:00:00,6.4,0,1044.8,25.0,-5.6,70,0.0,2
2017-02-09 11:00:00,7.0,0,1044.6,57.1,-5.2,67,0.0,2
2017-02-09 12:00:00,6.1,0,1044.4,78.0,-5.0,66,0.0,2
2017-02-09 13:00:00,6.4,0,1043.9,87.2,-4.7,62,0.0,2
2017-02-09 14:00:00,5.7,0,1043.2,70.0,-4.6,62,0.0,2
2017-02-09 15:00:00,4.5,0,1042.9,41.4,-4.5,60,0.0,2
2017-02-09 16:00:00,4.5,0,1042.5,16.7,-4.5,60,0.0,2
2017-02-09 17:00:00,4.6,0,1042.3,0.3,-4.9,62,0.0,2
2017-02-09 18:00:00,4.7,0,1042.3,0.0,-5.0,63,0.0,2
2017-02-09 19:00:00,6.8,0,1042.5,0.0,-5.1,65,0.0,2
2017-02-09 20:00:00,5.5,0,1042.9,0.0,-5.0,65,0.0,2
2017-02-09 21:00:00,5.1,0,1043.0,0.0,-5.0,68,0.0,2
2017-02-09 22:00:00,6.9,0,1043.1,0.0,-5.0,73,0.0,2
2017-02-09 23:00:00,6.2,0,1042.9,0.0,-5.1,79,0.0,2
2017-02-10 00:00:00,6.0,0,1042.9,0.0,-5.1,81,0.0,2
2017-02-10 01:00:00,6.4,0,1042.8,0.0,-5.1,82,0.0,2
2017-02-10 02:00:00,6.7,0,1042.6,0.0,-5.1,85,0.0,2
2017-02-10 03:00:00,6.8,0,1042.6,0.0,-4.9,81,0.0,2
2017-02-10 04:00:00,6.9,0,1042.4,0.0,-5.1,84,0.0,2
2017-02-10 05:00:00,5.8,0,1042.2,0.0,-5.0,82,0.0,2
2017-02-10 06:00:00,5.6,0,1042.3,0.0,-4.9,81,0.0,2
2017-02-10 07:00:00,6.8,0,1042.4,0.0,-4.7,80,0.0,2
2017-02-10 08:00:00,6.1,0,1042.6,0.0,-4.6,79,0.0,2
2017-02-10 09:00:00,4.5,0,1042.9,2.4,-4.5,79,0.0,2
2017-02-10 10:00:00,5.5,0,1042.9,12.5,-4.4,81,0.0,2
2017-02-10 11:00:00,6.4,0,1042.8,17.0,-4.4,85,0.0,2
2017-02-10 12:00:00,5.3,0,1042.7,34.7,-4.2,85,0.0,2
2017-02-10 13:00:00,5.8,0,1042.4,35.2,-3.9,81,0.0,2
2017-02-10 14:00:00,7.0,0,1042.1,37.0,-3.8,79,0.0,2
2017-02-10 15:00:00,5.3,0,1041.9,32.2,-3.7,79,0.0,2
2017-02-10 16:00:00,5.9,0,1041.9,10.6,-3.7,79,0.0,2
2017-02-10 17:00:00,6.4,0,1041.7,0.0,-3.8,81,0.0,2
2017-02-10 18:00:00,5.4,0,1042.0,0.0,-3.9,82,0.0,2
2017-02-10 19:00:00,5.2,0,1042.1,0.0,-3.8,80,0.0,2
2017-02-10 20:00:00,5.5,0,1042.4,0.0,-3.6,78,0.0,2
2017-02-10 21:00:00,5.1,0,1042.5,0.0,-3.6,79,0.0,2
2017-02-10 22:00:00,7.3,0,1042.6,0.0,-3.5,79,0.0,2
2017-02-10 23:00:00,4.4,0,1042.7,0.0,-3.4,78,0.0,2
2017-02-11 00:00:00,5.2,0,1042.9,0.0,-3.4,78,0.0,2
2017-02-11 01:00:00,4.8,0,1042.9,0.0,-3.4,79,0.0,2
2017-02-11 02:00:00,3.9,0,1042.7,0.0,-3.2,79,0.0,2
2017-02-11 03:00:00,4.8,0,1042.8,0.0,-3.2,79,0.0,2
2017-02-11 04:00:00,4.8,0,1042.3,0.0,-3.2,79,0.0,2
2017-02-11 05:00:00,4.1,0,1042.5,0.0,-3.2,78,0.0,2
2017-02-11 06:00:00,3.7,0,1042.5,0.0,-3.3,78,0.0,2
2017-02-11 07:00:00,3.6,0,1042.6,0.0,-3.1,77,0.0,2
2017-02-11 08:00:00,4.6,0,1042.8,0.0,-3.0,78,0.0,2
2017-02-11 09:00:00,3.8,0,1043.3,3.4,-3.0,77,0.0,2
2017-02-11 10:00:00,3.6,0,1043.5,25.9,-2.8,77,0.0,2
2017-02-11 11:00:00,4.2,0,1043.3,144.0,-2.2,74,0.0,2
2017-02-11 12:00:00,2.6,2,1043.2,165.4,-2.0,75,0.0,2
2017-02-11 13:00:00,2.6,0,1042.9,131.4,-1.7,74,21.1667,2
2017-02-11 14:00:00,1.4,0,1042.6,118.9,-1.5,75,0.0,2
2017-02-11 15:00:00,2.0,0,1042.2,100.3,-1.5,74,0.0,2
2017-02-11 16:00:00,1.9,6,1042.2,55.3,-2.0,74,0.0,2
2017-02-11 17:00:00,1.8,22,1042.1,18.7,-3.0,79,0.0,2
2017-02-11 18:00:00,2.6,0,1042.5,0.0,-4.1,84,0.0,2
2017-02-11 19:00:00,2.1,0,1042.7,0.0,-4.5,84,0.0,2
2017-02-11 20:00:00,1.0,0,1042.8,0.0,-5.0,86,0.0,2
2017-02-11 21:00:00,1.7,0,1043.1,0.0,-4.2,84,0.0,2
2017-02-11 22:00:00,1.4,0,1043.5,0.0,-4.1,85,0.0,2
2017-02-11 23:00:00,1.1,0,1043.3,0.0,-3.8,85,0.0,2
2017-02-12 00:00:00,0.2,0,1043.6,0.0,-3.7,85,0.0,2
2017-02-12 01:00:00,1.4,0,1043.7,0.0,-3.9,85,0.0,2
2017-02-12 02:00:00,1.6,0,1043.5,0.0,-4.1,86,0.0,2
2017-02-12 03:00:00,2.0,0,1043.3,0.0,-4.2,85,0.0,2
2017-02-12 04:00:00,1.7,0,1043.3,0.0,-4.3,84,0.0,2
2017-02-12 05:00:00,2.3,0,1043.6,0.0,-4.8,84,0.0,2
2017-02-12 06:00:00,2.9,0,1043.5,0.0,-6.2,86,0.0,2
2017-02-12 07:00:00,2.2,0,1043.5,0.0,-7.3,85,0.0,2
2017-02-12 08:00:00,1.7,0,1043.7,0.0,-7.3,86,0.0,2
2017-02-12 09:00:00,2.1,18,1044.2,19.0,-7.7,85,0.0,2
2017-02-12 10:00:00,0.7,17,1044.0,66.8,-6.1,81,0.0,2
2017-02-12 11:00:00,1.0,0,1043.9,92.7,-4.4,80,0.0,2
2017-02-12 12:00:00,1.9,27,1043.5,173.2,-3.3,75,0.0,2
2017-02-12 13:00:00,1.9,60,1043.1,269.0,-2.3,71,34.1667,2
2017-02-12 14:00:00,1.6,60,1042.4,252.7,-2.2,71,0.0,2
2017-02-12 15:00:00,1.8,60,1042.0,226.2,-2.5,75,0.0,2
2017-02-12 16:00:00,2.1,60,1041.7,133.5,-2.4,76,0.0,2
2017-02-12 17:00:00,1.2,48,1041.7,42.5,-3.3,80,0.0,2
2017-02-12 18:00:00,1.3,0,1041.6,0.0,-3.5,83,0.0,2
2017-02-12 19:00:00,1.1,0,1041.6,0.0,-3.3,82,0.0,2
2017-02-12 20:00:00,1.2,0,1041.1,0.0,-3.7,84,0.0,2
2017-02-12 21:00:00,0.3,0,1041.3,0.0,-4.5,85,0.0,2
2017-02-12 22:00:00,1.6,0,1041.3,0.0,-5.3,88,0.0,2
2017-02-12 23:00:00,0.9,0,1041.1,0.0,-5.2,90,0.0,2
2017-02-13 00:00:00,1.2,0,1040.5,0.0,-4.6,92,0.0,2
2017-02-13 01:00:00,1.8,0,1040.4,0.0,-4.5,91,0.0,2
2017-02-13 02:00:00,0.5,0,1040.6,0.0,-5.1,92,0.0,2
2017-02-13 03:00:00,1.1,0,1040.1,0.0,-5.8,94,0.0,2
2017-02-13 04:00:00,0.6,0,1040.0,0.0,-6.3,91,0.0,2
2017-02-13 05:00:00,0.3,0,1039.5,0.0,-6.3,90,0.0,2
2017-02-13 06:00:00,1.5,0,1039.4,0.0,-5.5,90,0.0,2
2017-02-13 07:00:00,1.0,0,1038.8,0.0,-5.6,90,0.0,2
2017-02-13 08:00:00,0.9,0,1039.2,0.0,-5.5,93,0.0,2
2017-02-13 09:00:00,2.1,0,1039.4,13.2,-5.9,91,0.0,2
2017-02-13 10:00:00,1.2,45,1039.7,92.2,-5.1,91,0.0,2
2017-02-13 11:00:00,0.5,60,1039.6,173.0,-3.3,83,0.0,2
2017-02-13 12:00:00,1.3,60,1039.2,227.6,-1.2,75,24.6667,2
2017-02-13 13:00:00,0.7,60,1038.9,233.6,-0.8,72,150.3333,2
2017-02-13 14:00:00,1.7,60,1038.8,227.9,-1.0,72,0.0,2
2017-02-13 15:00:00,1.1,60,1038.4,182.6,-0.6,71,0.0,2
2017-02-13 16:00:00,1.3,60,1038.2,107.5,-0.6,69,0.0,2
2017-02-13 17:00:00,1.5,30,1038.2,28.9,-1.7,75,0.0,2
2017-02-13 18:00:00,0.6,0,1038.1,0.0,-2.5,79,0.0,2
2017-02-13 19:00:00,0.9,0,1038.3,0.0,-3.2,84,0.0,2
2017-02-13 20:00:00,0.2,0,1038.2,0.0,-3.8,88,0.0,2
2017-02-13 21:00:00,0.2,0,1038.1,0.0,-4.4,88,0.0,2
2017-02-13 22:00:00,1.1,0,1037.9,0.0,-4.7,89,0.0,2
2017-02-13 23:00:00,0.2,0,1037.7,0.0,-5.2,90,0.0,2
2017-02-14 00:00:00,0.7,0,1037.7,0.0,-5.5,91,0.0,2
2017-02-14 01:00:00,0.5,0,1037.5,0.0,-6.2,92,0.0,2
2017-02-14 02:00:00,0.3,0,1037.1,0.0,-5.8,92,0.0,2
2017-02-14 03:00:00,1.1,0,1037.0,0.0,-6.3,94,0.0,2
2017-02-14 04:00:00,0.3,0,1036.7,0.0,-6.7,94,0.0,2
2017-02-14 05:00:00,0.2,0,1036.6,0.0,-7.0,93,0.0,2
2017-02-14 06:00:00,0.6,0,1036.5,0.0,-6.9,94,0.0,2
2017-02-14 07:00:00,0.4,0,1036.2,0.0,-6.8,93,0.0,2
2017-02-14 08:00:00,1.1,0,1036.3,0.0,-6.7,94,0.0,2
2017-02-14 09:00:00,0.8,39,1036.3,28.9,-5.7,93,0.0,2
2017-02-14 10:00:00,0.8,60,1036.5,113.9,-4.1,89,0.0,2
2017-02-14 11:00:00,1.0,60,1036.4,196.5,-2.6,86,0.0,2
2017-02-14 12:00:00,1.5,60,1036.0,240.8,-0.5,76,69.8333,2
2017-02-14 13:00:00,1.0,60,1035.7,270.3,1.0,70,77.6666,2
2017-02-14 14:00:00,1.5,60,1035.7,254.3,1.1,70,0.0,2
2017-02-14 15:00:00,1.2,60,1035.4,199.2,1.2,70,0.0,2
2017-02-14 16:00:00,1.5,60,1035.1,115.3,1.1,70,0.0,2
2017-02-14 17:00:00,0.7,51,1034.9,30.1,-0.7,78,0.0,2
2017-02-14 18:00:00,1.2,0,1035.3,0.0,-2.0,88,0.0,2
2017-02-14 19:00:00,0.6,0,1035.2,0.0,-3.3,92,0.0,2
2017-02-14 20:00:00,1.2,0,1035.1,0.0,-3.1,90,0.0,2
2017-02-14 21:00:00,1.5,0,1034.9,0.0,-3.9,92,0.0,2
2017-02-14 22:00:00,1.2,0,1034.9,0.0,-4.2,93,0.0,2
2017-02-14 23:00:00,0.4,0,1035.0,0.0,-5.5,93,0.0,2
2017-02-15 00:00:00,1.0,0,1034.8,0.0,-5.7,92,0.0,2
2017-02-15 01:00:00,0.4,0,1034.9,0.0,-4.6,92,0.0,2
2017-02-15 02:00:00,1.4,0,1034.8,0.0,-4.3,96,0.0,2
2017-02-15 03:00:00,0.3,0,1034.5,0.0,-4.7,97,0.0,2
2017-02-15 04:00:00,0.9,0,1034.3,0.0,-4.8,97,0.0,2
2017-02-15 05:00:00,1.0,0,1034.0,0.0,-4.8,97,0.0,2
2017-02-15 06:00:00,0.6,0,1033.7,0.0,-4.6,98,0.0,2
2017-02-15 07:00:00,0.6,0,1033.3,0.0,-4.7,97,0.0,2
2017-02-15 08:00:00,1.5,0,1033.3,0.0,-4.6,96,0.0,2
2017-02-15 09:00:00,1.0,0,1033.4,2.7,-4.5,96,0.0,2
2017-02-15 10:00:00,0.4,0,1033.1,19.4,-4.2,96,0.0,2
2017-02-15 11:00:00,1.1,0,1032.8,37.1,-4.3,96,0.0,2
2017-02-15 12:00:00,0.5,0,1032.4,55.2,-3.7,95,0.0,2
2017-02-15 13:00:00,1.7,0,1031.9,67.4,-3.7,92,0.0,2
2017-02-15 14:00:00,1.4,0,1031.3,71.6,-3.9,92,0.0,2
2017-02-15 15:00:00,1.4,0,1031.0,52.4,-4.0,91,0.0,2
2017-02-15 16:00:00,1.9,0,1030.6,26.2,-4.1,93,0.0,2
2017-02-15 17:00:00,1.3,0,1029.9,4.9,-4.4,95,0.0,2
2017-02-15 18:00:00,1.4,0,1029.5,0.0,-4.4,95,0.0,2
2017-02-15 19:00:00,1.5,0,1029.2,0.0,-4.6,95,0.0,2
2017-02-15 20:00:00,1.4,0,1028.8,0.0,-4.7,96,0.0,2
2017-02-15 21:00:00,1.0,0,1028.5,0.0,-4.8,96,0.0,2
2017-02-15 22:00:00,0.6,0,1028.1,0.0,-4.8,97,0.0,2
2017-02-15 23:00:00,1.1,0,1027.7,0.0,-4.6,97,0.0,2
2017-02-16 00:00:00,1.2,0,1027.0,0.0,-4.7,97,0.0,2
2017-02-16 01:00:00,0.6,0,1026.1,0.0,-4.5,98,0.0,2
2017-02-16 02:00:00,0.4,0,1025.4,0.0,-4.5,97,0.0,2
2017-02-16 03:00:00,0.2,0,1024.3,0.0,-4.3,97,0.0,2
2017-02-16 04:00:00,0.3,0,1023.6,0.0,-4.2,97,0.0,2
2017-02-16 05:00:00,0.3,0,1022.9,0.0,-4.0,97,0.0,2
2017-02-16 06:00:00,1.4,0,1021.9,0.0,-3.8,98,0.0,2
2017-02-16 07:00:00,0.2,0,1020.9,0.0,-3.6,98,0.0,2
2017-02-16 08:00:00,0.3,0,1020.1,0.0,-3.3,98,0.0,2
2017-02-16 09:00:00,1.6,0,1019.3,8.2,-3.1,98,0.0,2
2017-02-16 10:00:00,1.4,0,1018.5,22.0,-2.7,98,0.0,2
2017-02-16 11:00:00,1.3,0,1018.0,28.8,-2.4,98,0.0,2
2017-02-16 12:00:00,0.8,0,1016.8,45.1,-1.8,97,0.0,2
2017-02-16 13:00:00,0.8,0,1015.9,52.3,-1.2,96,0.0,2
2017-02-16 14:00:00,0.4,0,1015.2,45.8,-0.8,93,0.0,2
2017-02-16 15:00:00,0.4,0,1014.2,60.0,-0.2,91,0.0,2
2017-02-16 16:00:00,1.3,0,1013.9,33.2,-0.3,92,0.0,2
2017-02-16 17:00:00,0.6,0,1013.5,6.6,-0.5,95,0.0,2
2017-02-16 18:00:00,0.6,0,1013.6,0.0,-0.9,96,0.0,2
2017-02-16 19:00:00,0.4,0,1013.4,0.0,-0.9,97,0.0,2
2017-02-16 20:00:00,0.7,0,1013.1,0.0,-0.9,98,0.0,2
2017-02-16 21:00:00,0.6,0,1013.4,0.0,-1.0,98,0.0,2
2017-02-16 22:00:00,1.0,0,1013.4,0.0,-1.2,98,0.0,2
2017-02-16 23:00:00,0.9,0,1013.4,0.0,-1.1,98,0.0,2
2017-02-17 00:00:00,1.3,0,1013.5,0.0,-1.3,99,0.0,2
2017-02-17 01:00:00,1.9,0,1013.5,0.0,-1.5,98,0.0,2
2017-02-17 02:00:00,1.8,0,1013.5,0.0,-2.0,97,0.0,2
2017-02-17 03:00:00,1.1,0,1013.6,0.0,-2.2,96,0.0,2
2017-02-17 04:00:00,0.7,0,1013.7,0.0,-2.6,97,0.0,2
2017-02-17 05:00:00,1.5,0,1014.0,0.0,-3.1,97,0.0,2
2017-02-17 06:00:00,2.0,0,1014.4,0.0,-4.0,96,0.0,2
2017-02-17 07:00:00,1.2,0,1014.6,0.0,-4.2,93,0.0,2
2017-02-17 08:00:00,0.5,0,1015.1,0.0,-4.0,94,0.0,2
2017-02-17 09:00:00,1.3,0,1015.7,10.7,-3.7,95,0.0,2
2017-02-17 10:00:00,0.5,6,1016.3,73.4,-2.9,95,0.0,2
2017-02-17 11:00:00,0.4,60,1016.3,203.6,-1.0,90,0.0,2
2017-02-17 12:00:00,0.5,60,1016.3,283.9,2.8,66,281.0,2
2017-02-17 13:00:00,1.1,60,1016.4,296.7,2.9,65,298.6666,2
2017-02-17 14:00:00,0.5,60,1016.5,278.5,4.0,63,0.0,2
2017-02-17 15:00:00,1.5,60,1016.6,239.4,3.0,69,0.0,2
2017-02-17 16:00:00,0.8,51,1016.9,136.7,1.9,74,0.0,2
2017-02-17 17:00:00,0.1,0,1017.2,24.6,-0.2,85,0.0,2
2017-02-17 18:00:00,0.9,0,1017.7,0.0,-1.0,90,0.0,2
2017-02-17 19:00:00,0.8,0,1018.4,0.0,-2.0,94,0.0,2
2017-02-17 20:00:00,0.6,0,1019.2,0.0,-2.2,97,0.0,2
2017-02-17 21:00:00,0.6,0,1019.5,0.0,-1.8,96,0.0,2
2017-02-17 22:00:00,0.8,0,1019.9,0.0,-2.0,96,0.0,2
2017-02-17 23:00:00,0.8,0,1020.0,0.0,-2.9,96,0.0,2
2017-02-18 00:00:00,0.6,0,1020.3,0.0,-3.5,97,0.0,2
2017-02-18 01:00:00,0.2,0,1020.3,0.0,-4.4,97,0.0,2
2017-02-18 02:00:00,0.3,0,1020.1,0.0,-4.4,98,0.0,2
2017-02-18 03:00:00,0.4,0,1019.9,0.0,-4.0,98,0.0,2
2017-02-18 04:00:00,1.0,0,1019.4,0.0,-4.0,98,0.0,2
2017-02-18 05:00:00,0.2,0,1019.0,0.0,-4.0,98,0.0,2
2017-02-18 06:00:00,0.9,0,1018.9,0.0,-4.2,98,0.0,2
2017-02-18 07:00:00,0.3,0,1018.6,0.0,-4.0,98,0.0,2
2017-02-18 08:00:00,1.1,0,1018.2,0.0,-4.1,98,0.0,2
2017-02-18 09:00:00,1.3,0,1017.9,7.8,-4.5,97,0.0,2
2017-02-18 10:00:00,1.6,0,1017.4,39.1,-4.6,97,0.0,2
2017-02-18 11:00:00,1.3,0,1016.8,49.6,-4.3,97,0.0,2
2017-02-18 12:00:00,1.8,0,1016.3,59.9,-3.5,98,284.8333,2
2017-02-18 13:00:00,0.9,0,1015.6,67.3,-3.0,98,325.8333,2
2017-02-18 14:00:00,1.3,0,1014.5,54.6,-2.5,98,53.6667,2
2017-02-18 15:00:00,0.8,0,1013.4,37.4,-2.1,98,0.0,2
2017-02-18 16:00:00,1.3,0,1012.4,24.0,-1.9,99,0.0,2
2017-02-18 17:00:00,1.0,0,1011.6,5.5,-1.7,99,0.0,2
2017-02-18 18:00:00,0.8,0,1010.6,0.0,-1.1,99,0.0,2
2017-02-18 19:00:00,0.9,0,1009.4,0.0,-0.7,100,0.0,2
2017-02-18 20:00:00,0.8,0,1008.2,0.0,-0.2,100,0.0,2
2017-02-18 21:00:00,0.6,0,1006.8,0.0,-0.1,99,0.0,2
2017-02-18 22:00:00,1.3,0,1006.0,0.0,-0.1,99,0.0,2
2017-02-18 23:00:00,1.3,0,1005.3,0.0,0.2,100,0.0,2
2017-02-19 00:00:00,1.9,0,1005.0,0.0,0.7,99,0.0,2
2017-02-19 01:00:00,1.4,0,1004.3,0.0,0.7,100,0.0,2
2017-02-19 02:00:00,1.7,0,1004.4,0.0,0.6,100,0.0,2
2017-02-19 03:00:00,1.8,0,1003.9,0.0,0.9,100,0.0,2
2017-02-19 04:00:00,1.8,0,1003.5,0.0,0.7,100,0.0,2
2017-02-19 05:00:00,1.3,0,1003.4,0.0,0.6,100,0.0,2
2017-02-19 06:00:00,1.6,0,1003.2,0.0,0.7,100,0.0,2
2017-02-19 07:00:00,1.4,0,1002.6,0.0,0.8,100,0.0,2
2017-02-19 08:00:00,1.3,0,1002.9,0.0,0.7,100,0.0,2
2017-02-19 09:00:00,0.8,0,1003.1,13.3,0.5,100,0.0,2
2017-02-19 10:00:00,0.7,0,1003.2,39.8,0.5,100,29.5,2
2017-02-19 11:00:00,0.4,0,1003.0,89.7,1.3,100,265.5,2
2017-02-19 12:00:00,0.5,0,1002.8,146.0,1.5,100,2039.5,2
2017-02-19 13:00:00,0.7,1,1002.1,176.2,2.2,100,2557.3334,2
2017-02-19 14:00:00,0.8,29,1001.4,223.3,4.0,95,1455.5,2
2017-02-19 15:00:00,0.4,60,1001.0,196.1,4.7,88,1145.8334,2
2017-02-19 16:00:00,0.9,3,1000.7,96.3,3.2,89,697.3333,2
2017-02-19 17:00:00,0.7,0,1000.5,26.7,2.4,94,109.6666,2
2017-02-19 18:00:00,0.6,0,1000.2,0.0,2.0,96,0.0,2
2017-02-19 19:00:00,0.8,0,1000.1,0.0,1.3,95,0.0,2
2017-02-19 20:00:00,0.6,0,999.5,0.0,1.2,96,0.0,2
2017-02-19 21:00:00,1.7,0,999.1,0.0,2.3,89,0.0,2
2017-02-19 22:00:00,1.7,0,998.6,0.0,2.2,90,0.0,2
2017-02-19 23:00:00,1.4,0,997.7,0.0,2.9,85,0.0,2
2017-02-20 00:00:00,0.8,0,997.5,0.0,3.5,82,0.0,2
2017-02-20 01:00:00,2.5,0,996.4,0.0,3.9,79,0.0,2
2017-02-20 02:00:00,1.3,0,995.2,0.0,3.5,81,0.0,2
2017-02-20 03:00:00,2.6,0,993.7,0.0,3.2,84,0.0,2
2017-02-20 04:00:00,0.4,0,992.9,0.0,2.4,87,0.0,2
2017-02-20 05:00:00,1.2,0,991.9,0.0,1.6,91,0.0,2
2017-02-20 06:00:00,0.7,0,991.2,0.0,1.1,94,0.0,2
2017-02-20 07:00:00,0.5,0,990.7,0.0,1.2,95,0.0,2
2017-02-20 08:00:00,2.1,0,990.1,0.0,2.0,96,0.0,2
2017-02-20 09:00:00,1.0,0,990.1,10.7,2.7,95,0.0,2
2017-02-20 10:00:00,1.0,0,989.8,19.9,2.9,95,43.5,2
2017-02-20 11:00:00,1.3,0,989.8,44.3,3.2,95,467.3333,2
2017-02-20 12:00:00,1.2,0,989.5,62.6,3.2,94,623.8334,2
2017-02-20 13:00:00,0.6,0,988.9,48.7,3.3,94,430.1667,2
2017-02-20 14:00:00,0.5,0,988.3,119.3,3.9,91,459.3334,2
2017-02-20 15:00:00,1.1,23,987.3,152.3,5.3,83,587.1667,2
2017-02-20 16:00:00,1.2,3,986.2,84.4,4.0,90,429.5001,2
2017-02-20 17:00:00,0.1,0,985.9,11.9,3.8,91,35.1667,2
2017-02-20 18:00:00,1.9,0,985.8,0.0,3.2,91,0.0,2
2017-02-20 19:00:00,0.9,0,985.8,0.0,3.2,92,0.0,2
2017-02-20 20:00:00,1.0,0,985.7,0.0,3.1,92,0.0,2
2017-02-20 21:00:00,0.6,0,985.8,0.0,2.5,93,0.0,2
2017-02-20 22:00:00,0.8,0,986.1,0.0,2.5,92,0.0,2
2017-02-20 23:00:00,1.6,0,986.5,0.0,2.7,89,0.0,2
2017-02-21 00:00:00,1.6,0,986.5,0.0,3.6,82,0.0,2
2017-02-21 01:00:00,1.4,0,986.4,0.0,3.1,81,0.0,2
2017-02-21 02:00:00,1.5,0,986.1,0.0,2.1,88,0.0,2
2017-02-21 03:00:00,0.9,0,985.8,0.0,1.8,89,0.0,2
2017-02-21 04:00:00,2.0,0,985.8,0.0,3.3,71,0.0,2
2017-02-21 05:00:00,2.7,0,985.6,0.0,3.5,64,0.0,2
2017-02-21 06:00:00,1.7,0,986.4,0.0,2.6,69,0.0,2
2017-02-21 07:00:00,2.3,0,987.2,0.0,4.7,58,0.0,2
2017-02-21 08:00:00,6.1,0,989.0,0.0,3.9,69,0.0,2
2017-02-21 09:00:00,5.3,0,990.8,29.4,2.6,72,188.8334,2
2017-02-21 10:00:00,5.5,30,992.0,114.0,2.6,73,626.3333,2
2017-02-21 11:00:00,2.1,60,993.6,251.8,3.5,69,906.1666,2
2017-02-21 12:00:00,2.4,46,994.7,286.3,3.4,69,2492.3334,2
2017-02-21 13:00:00,2.4,58,995.8,382.4,4.1,67,1161.1667,2
2017-02-21 14:00:00,2.7,60,996.3,318.9,3.6,69,802.9999,2
2017-02-21 15:00:00,1.1,60,996.6,247.0,4.3,67,385.3334,2
2017-02-21 16:00:00,1.2,60,996.7,140.7,4.1,67,342.6667,2
2017-02-21 17:00:00,2.5,45,997.1,59.6,3.3,70,146.1667,2
2017-02-21 18:00:00,2.0,0,997.3,0.0,2.0,76,0.0,2
2017-02-21 19:00:00,2.7,0,996.9,0.0,2.4,75,0.0,2
2017-02-21 20:00:00,2.4,0,996.6,0.0,1.5,77,0.0,2
2017-02-21 21:00:00,1.9,0,995.8,0.0,1.1,80,0.0,2
2017-02-21 22:00:00,2.5,0,994.5,0.0,1.1,83,0.0,2
2017-02-21 23:00:00,3.0,0,993.1,0.0,0.8,86,0.0,2
2017-02-22 00:00:00,2.5,0,991.9,0.0,0.6,86,0.0,2
2017-02-22 01:00:00,2.1,0,989.4,0.0,-0.2,95,0.0,2
2017-02-22 02:00:00,1.8,0,987.0,0.0,-0.1,97,0.0,2
2017-02-22 03:00:00,2.9,0,984.4,0.0,0.2,98,0.0,2
2017-02-22 04:00:00,2.6,0,981.5,0.0,0.2,99,0.0,2
2017-02-22 05:00:00,1.2,0,979.5,0.0,0.1,99,0.0,2
2017-02-22 06:00:00,1.1,0,977.7,0.0,0.1,99,0.0,2
2017-02-22 07:00:00,1.8,0,976.2,0.0,0.0,99,0.0,2
2017-02-22 08:00:00,1.6,0,975.3,0.0,0.0,99,0.0,2
2017-02-22 09:00:00,3.0,0,974.9,9.6,-0.1,99,0.0,2
2017-02-22 10:00:00,1.0,0,974.8,68.1,0.3,98,0.0,2
2017-02-22 11:00:00,1.2,0,974.2,105.2,0.5,97,0.0,2
2017-02-22 12:00:00,0.5,1,973.7,165.3,2.0,92,511.1667,2
2017-02-22 13:00:00,1.4,45,972.4,307.0,4.4,83,1261.1667,2
2017-02-22 14:00:00,1.7,1,971.4,168.4,3.9,84,1033.6666,2
2017-02-22 15:00:00,1.6,41,970.4,177.8,4.1,83,778.0,2
2017-02-22 16:00:00,1.0,13,969.9,113.6,4.1,83,834.4999,2
2017-02-22 17:00:00,3.1,2,969.3,30.0,1.9,92,142.5,2
2017-02-22 18:00:00,1.4,0,969.4,0.0,1.1,94,0.0,2
2017-02-22 19:00:00,1.6,0,969.5,0.0,1.1,94,0.0,2
2017-02-22 20:00:00,1.9,0,970.1,0.0,0.4,96,0.0,2
2017-02-22 21:00:00,3.0,0,971.1,0.0,0.3,97,0.0,2
2017-02-22 22:00:00,2.5,0,972.9,0.0,0.6,94,0.0,2
2017-02-22 23:00:00,1.4,0,974.5,0.0,0.1,93,0.0,2
2017-02-23 00:00:00,2.8,0,976.7,0.0,0.1,90,0.0,2
2017-02-23 01:00:00,1.3,0,978.6,0.0,1.2,78,0.0,2
2017-02-23 02:00:00,0.9,0,980.2,0.0,-0.8,86,0.0,2
2017-02-23 03:00:00,1.0,0,981.6,0.0,-2.0,92,0.0,2
2017-02-23 04:00:00,2.2,0,982.9,0.0,-2.8,92,0.0,2
2017-02-23 05:00:00,2.8,0,984.1,0.0,-1.6,88,0.0,2
2017-02-23 06:00:00,3.1,0,986.0,0.0,-0.4,78,0.0,2
2017-02-23 07:00:00,5.5,0,987.1,0.0,0.9,51,0.0,2
2017-02-23 08:00:00,6.7,0,988.1,0.0,-1.5,58,0.0,2
2017-02-23 09:00:00,4.9,48,989.1,75.8,-1.8,61,0.0,2
2017-02-23 10:00:00,2.2,60,989.5,176.4,-0.8,57,67.5,2
2017-02-23 11:00:00,1.6,60,989.7,266.0,0.8,47,589.3333,2
2017-02-23 12:00:00,1.1,60,989.8,324.5,3.4,37,5039.5,2
2017-02-23 13:00:00,1.5,60,989.3,338.0,2.8,38,3294.0002,2
2017-02-23 14:00:00,2.0,60,988.9,349.7,3.4,36,544.6666,2
2017-02-23 15:00:00,1.8,60,988.3,285.0,3.1,34,434.1668,2
2017-02-23 16:00:00,0.5,60,988.0,157.6,2.7,35,363.8334,2
2017-02-23 17:00:00,2.1,54,988.0,65.6,0.8,45,172.8333,2
2017-02-23 18:00:00,2.3,9,988.3,1.7,-1.5,67,0.0,2
2017-02-23 19:00:00,3.7,0,988.4,0.0,-2.9,72,0.0,2
2017-02-23 20:00:00,2.1,0,988.8,0.0,-3.7,76,0.0,2
2017-02-23 21:00:00,1.1,0,989.1,0.0,-4.6,76,0.0,2
2017-02-23 22:00:00,1.2,0,989.8,0.0,-5.1,72,0.0,2
2017-02-23 23:00:00,3.5,0,990.2,0.0,-3.7,58,0.0,2
2017-02-24 00:00:00,2.5,0,990.6,0.0,-4.3,61,0.0,2
2017-02-24 01:00:00,2.0,0,991.2,0.0,-4.6,63,0.0,2
2017-02-24 02:00:00,1.7,0,992.1,0.0,-4.9,63,0.0,2
2017-02-24 03:00:00,1.0,0,992.7,0.0,-4.7,62,0.0,2
2017-02-24 04:00:00,0.7,0,993.6,0.0,-6.6,71,0.0,2
2017-02-24 05:00:00,0.7,0,994.6,0.0,-7.7,75,0.0,2
2017-02-24 06:00:00,0.9,0,995.6,0.0,-8.4,80,0.0,2
2017-02-24 07:00:00,1.6,0,996.6,0.0,-8.2,76,0.0,2
2017-02-24 08:00:00,2.0,15,997.6,3.4,-7.4,74,0.0,2
2017-02-24 09:00:00,0.8,60,998.4,81.0,-5.0,65,0.0,2
2017-02-24 10:00:00,0.9,60,999.2,187.8,-2.9,54,0.0,2
2017-02-24 11:00:00,1.3,60,999.9,280.1,-0.5,45,769.8333,2
2017-02-24 12:00:00,1.8,60,1000.3,341.5,1.7,41,5556.1666,2
2017-02-24 13:00:00,2.7,60,1000.6,361.4,2.7,37,3851.8333,2
2017-02-24 14:00:00,4.6,60,1000.8,347.9,2.7,35,410.6667,2
2017-02-24 15:00:00,4.1,60,1001.3,287.2,3.3,34,399.8334,2
2017-02-24 16:00:00,4.2,60,1001.8,194.6,3.2,32,274.5,2
2017-02-24 17:00:00,3.8,60,1002.3,85.5,2.1,34,129.1667,2
2017-02-24 18:00:00,4.8,22,1003.3,4.8,1.2,36,0.0,2
2017-02-24 19:00:00,5.2,0,1004.4,0.0,0.5,38,0.0,2
2017-02-24 20:00:00,4.4,0,1005.2,0.0,-0.2,41,0.0,2
2017-02-24 21:00:00,5.7,0,1006.1,0.0,-0.6,44,0.0,2
2017-02-24 22:00:00,2.8,0,1006.9,0.0,-1.1,46,0.0,2
2017-02-24 23:00:00,1.0,0,1007.7,0.0,-3.0,54,0.0,2
2017-02-25 00:00:00,1.5,0,1008.2,0.0,-3.4,55,0.0,2
2017-02-25 01:00:00,0.9,0,1009.0,0.0,-4.6,62,0.0,2
2017-02-25 02:00:00,1.7,0,1009.4,0.0,-4.9,61,0.0,2
2017-02-25 03:00:00,1.0,0,1009.9,0.0,-6.7,69,0.0,2
2017-02-25 04:00:00,2.6,0,1010.1,0.0,-6.7,70,0.0,2
2017-02-25 05:00:00,1.8,0,1010.0,0.0,-8.0,75,0.0,2
2017-02-25 06:00:00,2.6,0,1010.3,0.0,-8.2,76,0.0,2
2017-02-25 07:00:00,2.1,0,1010.4,0.0,-8.8,77,0.0,2
2017-02-25 08:00:00,1.2,17,1010.3,7.9,-9.2,81,0.0,2
2017-02-25 09:00:00,1.5,42,1010.2,86.6,-6.5,69,421.0,2
2017-02-25 10:00:00,1.5,21,1009.5,132.6,-4.4,68,883.1666,2
2017-02-25 11:00:00,1.0,0,1008.9,150.2,-2.5,60,1193.0,2
2017-02-25 12:00:00,0.9,0,1007.9,176.8,-1.4,52,1391.3334,2
2017-02-25 13:00:00,2.6,0,1006.6,234.0,-0.5,60,1799.6667,2
2017-02-25 14:00:00,2.2,0,1005.4,155.5,-0.9,76,1366.3333,2
2017-02-25 15:00:00,0.3,0,1003.3,54.3,-1.0,91,601.6667,2
2017-02-25 16:00:00,3.4,0,1001.9,16.6,-0.7,96,47.3333,2
2017-02-25 17:00:00,2.8,0,1000.0,7.5,-0.4,98,0.0,2
2017-02-25 18:00:00,2.5,0,998.6,0.0,-0.1,98,0.0,2
2017-02-25 19:00:00,3.2,0,996.8,0.0,0.0,99,0.0,2
2017-02-25 20:00:00,2.5,0,996.1,0.0,0.1,99,0.0,2
2017-02-25 21:00:00,1.6,0,995.0,0.0,0.1,99,0.0,2
2017-02-25 22:00:00,1.4,0,994.2,0.0,0.2,99,0.0,2
2017-02-25 23:00:00,1.0,0,993.7,0.0,0.4,99,0.0,2
2017-02-27 00:00:00,1.5,0,997.3,0.0,-0.7,100,0.0,2
2017-02-27 01:00:00,1.6,0,996.7,0.0,-0.4,100,0.0,2
2017-02-27 02:00:00,2.7,0,996.1,0.0,-0.1,99,0.0,2
2017-02-27 03:00:00,2.4,0,995.3,0.0,0.3,98,0.0,2
2017-02-27 04:00:00,2.3,0,994.3,0.0,1.0,98,0.0,2
2017-02-27 05:00:00,1.9,0,993.2,0.0,1.7,99,0.0,2
2017-02-27 06:00:00,1.2,0,992.5,0.0,2.5,99,0.0,2
2017-02-27 07:00:00,1.2,0,991.6,0.0,2.6,99,0.0,2
2017-02-27 08:00:00,1.3,0,991.9,0.0,2.8,99,0.0,2
2017-02-27 09:00:00,1.5,0,992.3,3.6,2.7,99,0.0,2
2017-02-27 10:00:00,1.5,0,993.0,48.6,2.7,99,0.0,2
2017-02-27 11:00:00,1.2,0,993.0,87.4,3.1,100,36.6667,2
2017-02-27 12:00:00,1.3,0,993.2,117.4,3.7,99,55.3334,2
2017-02-27 13:00:00,0.4,0,993.3,71.8,4.0,95,164.8333,2
2017-02-27 14:00:00,0.7,0,993.3,81.9,4.3,92,632.6666,2
2017-02-27 15:00:00,1.4,0,993.1,57.3,4.2,94,808.0,2
2017-02-27 16:00:00,2.4,0,992.9,25.6,3.4,96,310.8333,2
2017-02-27 17:00:00,2.0,0,992.7,12.7,3.1,97,127.1667,2
2017-02-27 18:00:00,2.4,0,992.5,0.0,2.9,98,0.0,2
2017-02-27 19:00:00,0.8,0,992.0,0.0,2.6,99,0.0,2
2017-02-27 20:00:00,2.8,0,991.2,0.0,2.4,99,0.0,2
2017-02-27 21:00:00,3.0,0,990.5,0.0,2.5,99,0.0,2
2017-02-27 22:00:00,2.0,0,989.8,0.0,3.2,97,0.0,2
2017-02-27 23:00:00,3.0,0,988.7,0.0,3.0,95,0.0,2
2017-02-28 00:00:00,2.9,0,987.4,0.0,2.8,94,0.0,2
2017-02-28 01:00:00,3.2,0,986.2,0.0,2.6,94,0.0,2
2017-02-28 02:00:00,4.6,0,984.4,0.0,2.8,93,0.0,2
2017-02-28 03:00:00,4.9,0,982.6,0.0,3.3,94,0.0,2
2017-02-28 04:00:00,3.1,0,981.3,0.0,4.1,94,0.0,2
2017-02-28 05:00:00,2.7,0,980.3,0.0,4.7,94,0.0,2
2017-02-28 06:00:00,2.2,0,979.4,0.0,4.7,94,0.0,2
2017-02-28 07:00:00,2.0,0,978.7,0.0,4.5,96,0.0,2
2017-02-28 08:00:00,4.3,0,979.3,0.0,3.8,95,0.0,2
2017-02-28 09:00:00,3.4,0,979.7,5.8,3.3,94,51.1667,2
2017-02-28 10:00:00,2.6,0,979.7,51.7,3.5,94,700.8334,2
2017-02-28 11:00:00,3.2,0,980.1,66.9,3.4,94,1602.5,2
2017-02-28 12:00:00,3.5,12,979.7,175.8,4.6,86,1767.8333,2
2017-02-28 13:00:00,4.2,0,979.7,82.1,3.7,89,1365.1666,2
2017-02-28 14:00:00,4.8,0,979.7,49.3,3.2,91,436.1667,2
2017-02-28 15:00:00,5.3,0,979.9,23.3,2.8,93,1171.6667,2
2017-02-28 16:00:00,4.7,0,979.9,70.4,3.5,86,325.3333,2
2017-02-28 17:00:00,3.9,0,980.3,25.9,3.4,84,145.5,2
2017-02-28 18:00:00,4.4,0,980.7,0.0,3.0,90,1.8333,2
2017-02-28 19:00:00,3.4,0,981.1,0.0,2.4,92,0.0,2
2017-02-28 20:00:00,1.4,0,981.2,0.0,1.9,93,0.0,2
2017-02-28 21:00:00,1.35,0,981.6,0.0,0.6,96,0.0,2
2017-02-28 22:00:00,1.3,0,981.5,0.0,1.0,96,0.0,2
2017-02-28 23:00:00,2.6,0,981.2,0.0,2.0,93,0.0,2
2017-03-01 00:00:00,2.5,0,981.2,0.0,1.9,92,0.0,3
2017-03-01 01:00:00,2.4,0,981.1,0.0,2.0,91,0.0,3
2017-03-01 02:00:00,2.6,0,980.7,0.0,2.2,86,0.0,3
2017-03-01 03:00:00,4.1,0,980.2,0.0,1.6,91,0.0,3
2017-03-01 04:00:00,3.9,0,979.8,0.0,1.5,91,0.0,3
2017-03-01 05:00:00,3.5,0,979.7,0.0,1.3,92,0.0,3
2017-03-01 06:00:00,3.6,0,979.9,0.0,1.2,94,0.0,3
2017-03-01 07:00:00,4.3,0,980.0,0.0,1.2,94,0.0,3
2017-03-01 08:00:00,4.1,0,980.5,0.6,1.3,93,0.0,3
2017-03-01 09:00:00,4.4,0,981.0,43.2,1.5,92,213.3333,3
2017-03-01 10:00:00,3.1,0,981.5,97.6,2.0,88,940.8333,3
2017-03-01 11:00:00,1.8,42,982.1,241.8,3.2,80,1286.1667,3
2017-03-01 12:00:00,2.1,14,983.0,149.8,3.1,78,1363.3333,3
2017-03-01 13:00:00,3.2,46,983.3,326.9,4.6,68,2186.8334,3
2017-03-01 14:00:00,1.9,13,983.5,209.5,3.9,72,1229.6667,3
2017-03-01 15:00:00,2.6,21,984.3,158.9,4.5,68,941.6667,3
2017-03-01 16:00:00,1.7,32,985.0,130.1,4.2,70,443.1667,3
2017-03-01 17:00:00,2.0,0,985.6,23.2,2.9,81,162.8334,3
2017-03-01 18:00:00,1.3,0,986.3,0.3,2.6,84,0.0,3
2017-03-01 19:00:00,1.7,0,986.9,0.0,2.2,88,0.0,3
2017-03-01 20:00:00,0.6,0,987.4,0.0,1.4,92,0.0,3
2017-03-01 21:00:00,1.6,0,988.1,0.0,1.4,95,0.0,3
2017-03-01 22:00:00,1.1,0,988.4,0.0,1.2,96,0.0,3
2017-03-01 23:00:00,1.2,0,988.8,0.0,1.3,96,0.0,3
2017-03-02 00:00:00,1.1,0,989.3,0.0,1.0,97,0.0,3
2017-03-02 01:00:00,0.7,0,989.5,0.0,0.7,97,0.0,3
2017-03-02 02:00:00,1.2,0,989.6,0.0,0.2,98,0.0,3
2017-03-02 03:00:00,0.6,0,989.7,0.0,-0.7,99,0.0,3
2017-03-02 04:00:00,0.5,0,990.3,0.0,-0.9,100,0.0,3
2017-03-02 05:00:00,0.6,0,990.5,0.0,-1.2,99,0.0,3
2017-03-02 06:00:00,0.8,0,990.7,0.0,-1.5,99,0.0,3
2017-03-02 07:00:00,1.3,0,991.1,0.0,-1.6,100,0.0,3
2017-03-02 08:00:00,1.0,0,991.4,1.4,-1.7,100,0.0,3
2017-03-02 09:00:00,1.6,0,992.0,24.4,-2.1,99,137.3333,3
2017-03-02 10:00:00,0.9,0,992.6,60.4,-1.8,99,528.8334,3
2017-03-02 11:00:00,1.4,0,993.0,99.8,-1.5,98,790.5,3
2017-03-02 12:00:00,0.5,0,993.4,162.2,-0.4,93,1041.6666,3
2017-03-02 13:00:00,2.0,8,993.6,188.6,-0.6,88,1135.8334,3
2017-03-02 14:00:00,0.4,0,993.9,149.4,-0.9,93,2021.8333,3
2017-03-02 15:00:00,0.8,0,994.1,138.9,-1.0,93,1217.6667,3
2017-03-02 16:00:00,1.4,0,994.3,83.0,-0.8,93,507.8333,3
2017-03-02 17:00:00,1.1,0,994.6,52.4,-1.1,95,331.6666,3
2017-03-02 18:00:00,1.0,0,995.0,5.4,-1.1,96,21.375,3
2017-03-02 19:00:00,0.5,0,995.3,0.0,-0.7,97,0.0,3
2017-03-02 20:00:00,0.5,0,995.5,0.0,-0.1,97,0.0,3
2017-03-02 21:00:00,0.9,0,995.5,0.0,-0.6,98,0.0,3
2017-03-02 22:00:00,1.2,0,995.6,0.0,-0.7,98,0.0,3
2017-03-02 23:00:00,0.3,0,995.7,0.0,-0.6,98,0.0,3
2017-03-03 00:00:00,1.1,0,995.9,0.0,-0.6,99,0.0,3
2017-03-03 01:00:00,1.1,0,996.2,0.0,-0.7,99,0.0,3
2017-03-03 02:00:00,1.1,0,996.2,0.0,-0.7,99,0.0,3
2017-03-03 03:00:00,1.1,0,996.1,0.0,-0.9,99,0.0,3
2017-03-03 04:00:00,0.8,0,996.2,0.0,-0.9,99,0.0,3
2017-03-03 05:00:00,1.3,0,996.5,0.0,-1.2,99,0.0,3
2017-03-03 06:00:00,0.6,0,996.6,0.0,-1.1,98,0.0,3
2017-03-03 07:00:00,1.6,0,996.7,0.0,-1.2,98,0.0,3
2017-03-03 08:00:00,1.1,0,997.0,0.0,-1.1,96,0.0,3
2017-03-03 09:00:00,1.1,0,997.2,9.9,-0.9,95,0.0,3
2017-03-03 10:00:00,2.5,0,997.7,43.8,-0.6,87,167.3333,3
2017-03-03 11:00:00,2.5,0,997.8,75.7,-0.3,84,404.5,3
2017-03-03 12:00:00,1.3,0,998.4,119.9,0.3,81,654.3334,3
2017-03-03 13:00:00,1.3,0,998.8,110.1,0.2,80,1953.3333,3
2017-03-03 14:00:00,1.8,0,999.0,52.8,0.1,84,2301.5,3
2017-03-03 15:00:00,0.7,0,999.2,70.4,0.4,82,1538.5,3
2017-03-03 16:00:00,1.5,0,999.3,70.5,0.4,83,987.6666,3
2017-03-03 17:00:00,1.8,0,999.7,28.2,0.2,84,337.3333,3
2017-03-03 18:00:00,1.4,0,999.7,0.1,0.1,84,0.0,3
2017-03-03 19:00:00,1.4,0,1000.3,0.0,-0.1,81,0.0,3
2017-03-03 20:00:00,1.6,0,1000.6,0.0,0.0,83,0.0,3
2017-03-03 21:00:00,2.5,0,1000.6,0.0,-0.3,87,0.0,3
2017-03-03 22:00:00,2.5,0,1001.2,0.0,-0.5,85,0.0,3
2017-03-03 23:00:00,3.1,0,1001.4,0.0,-0.7,89,0.0,3
2017-03-04 00:00:00,4.0,0,1001.4,0.0,-0.8,89,0.0,3
2017-03-04 01:00:00,3.6,0,1002.0,0.0,-0.9,89,0.0,3
2017-03-04 02:00:00,4.3,0,1001.8,0.0,-1.1,90,0.0,3
2017-03-04 03:00:00,4.2,0,1001.8,0.0,-1.1,87,0.0,3
2017-03-04 04:00:00,4.7,0,1001.8,0.0,-1.3,86,0.0,3
2017-03-04 05:00:00,4.7,0,1002.2,0.0,-0.8,84,0.0,3
2017-03-04 06:00:00,3.6,0,1002.4,0.0,-0.8,83,0.0,3
2017-03-04 07:00:00,4.4,0,1002.6,0.0,-0.7,83,0.0,3
2017-03-04 08:00:00,4.0,0,1003.2,3.4,-0.6,83,0.0,3
2017-03-04 09:00:00,4.1,0,1003.3,55.4,-0.4,82,0.0,3
2017-03-04 10:00:00,4.0,0,1003.7,80.9,-0.2,81,0.0,3
2017-03-04 11:00:00,4.4,0,1004.0,107.8,0.1,80,44.5,3
2017-03-04 12:00:00,3.6,0,1004.4,177.4,0.7,79,425.8333,3
2017-03-04 13:00:00,3.9,0,1004.8,146.9,0.6,85,352.6667,3
2017-03-04 14:00:00,4.1,0,1004.6,219.6,1.0,83,642.1666,3
2017-03-04 15:00:00,4.2,0,1004.5,118.3,0.7,88,515.3333,3
2017-03-04 16:00:00,3.8,0,1004.8,63.8,1.1,86,534.5,3
2017-03-04 17:00:00,5.7,0,1005.5,22.6,0.8,88,102.5,3
2017-03-04 18:00:00,5.0,0,1006.1,3.1,0.8,88,0.0,3
2017-03-04 19:00:00,5.3,0,1006.6,0.0,0.9,85,0.0,3
2017-03-04 20:00:00,5.0,0,1007.4,0.0,0.5,83,0.0,3
2017-03-04 21:00:00,5.3,0,1007.7,0.0,0.1,82,0.0,3
2017-03-04 22:00:00,4.2,0,1008.2,0.0,-0.2,83,0.0,3
2017-03-04 23:00:00,4.9,0,1008.6,0.0,-0.5,85,0.0,3
2017-03-05 00:00:00,5.1,0,1009.0,0.0,-0.6,85,0.0,3
2017-03-05 01:00:00,4.5,0,1009.4,0.0,-0.8,86,0.0,3
2017-03-05 02:00:00,5.6,0,1009.4,0.0,-1.1,85,0.0,3
2017-03-05 03:00:00,6.3,0,1009.5,0.0,-1.5,81,0.0,3
2017-03-05 04:00:00,5.2,0,1009.7,0.0,-1.8,77,0.0,3
2017-03-05 05:00:00,5.6,0,1010.2,0.0,-2.1,74,0.0,3
2017-03-05 06:00:00,5.6,0,1010.3,0.0,-2.4,75,0.0,3
2017-03-05 07:00:00,7.2,0,1010.8,0.0,-2.7,74,0.0,3
2017-03-05 08:00:00,6.0,0,1011.1,3.1,-2.6,73,0.0,3
2017-03-05 09:00:00,6.0,0,1011.2,26.8,-2.5,73,281.8333,3
2017-03-05 10:00:00,6.6,0,1011.0,109.2,-2.2,72,915.3333,3
2017-03-05 11:00:00,7.0,0,1011.0,95.3,-1.9,66,1332.6667,3
2017-03-05 12:00:00,5.0,0,1011.2,51.4,-1.5,65,827.0001,3
2017-03-05 13:00:00,4.8,0,1011.2,73.7,-0.9,61,684.0001,3
2017-03-05 14:00:00,6.3,0,1010.8,165.4,-0.3,59,2305.0,3
2017-03-05 15:00:00,6.4,0,1010.9,140.1,0.0,55,1857.5,3
2017-03-05 16:00:00,4.4,0,1010.8,51.9,-0.2,58,520.0,3
2017-03-05 17:00:00,4.8,0,1011.0,17.0,-0.4,57,135.0,3
2017-03-05 18:00:00,5.0,0,1011.6,1.9,-0.5,56,0.0,3
2017-03-05 19:00:00,5.6,0,1012.4,0.0,-0.7,60,0.0,3
2017-03-05 20:00:00,5.9,0,1013.3,0.0,-1.0,54,0.0,3
2017-03-05 21:00:00,6.1,0,1013.8,0.0,-1.3,54,0.0,3
2017-03-05 22:00:00,4.9,0,1014.3,0.0,-1.8,58,0.0,3
2017-03-05 23:00:00,4.9,0,1014.7,0.0,-2.3,59,0.0,3
2017-03-06 00:00:00,5.1,0,1015.3,0.0,-2.6,58,0.0,3
2017-03-06 01:00:00,6.0,0,1015.8,0.0,-3.1,60,0.0,3
2017-03-06 02:00:00,5.9,0,1016.2,0.0,-3.6,64,0.0,3
2017-03-06 03:00:00,5.5,0,1016.4,0.0,-3.7,67,0.0,3
2017-03-06 04:00:00,5.6,0,1016.7,0.0,-3.5,67,0.0,3
2017-03-06 05:00:00,6.6,0,1017.3,0.0,-3.5,67,0.0,3
2017-03-06 06:00:00,5.8,0,1018.0,0.0,-3.5,67,0.0,3
2017-03-06 07:00:00,6.6,0,1018.7,0.0,-3.6,67,0.0,3
2017-03-06 08:00:00,6.3,12,1019.1,46.9,-3.3,66,172.3334,3
2017-03-06 09:00:00,5.3,56,1019.4,156.6,-3.1,65,666.8333,3
2017-03-06 10:00:00,5.8,60,1019.4,256.2,-2.6,63,648.6667,3
2017-03-06 11:00:00,5.3,59,1019.2,348.4,-1.5,56,1728.8333,3
2017-03-06 12:00:00,5.0,42,1019.3,317.3,-1.2,54,2313.8334,3
2017-03-06 13:00:00,4.4,35,1019.1,364.2,-0.1,49,3238.1667,3
2017-03-06 14:00:00,5.9,57,1018.9,385.7,-0.3,49,2362.8333,3
2017-03-06 15:00:00,7.1,58,1018.7,316.7,-0.1,47,984.8333,3
2017-03-06 16:00:00,6.5,59,1018.9,254.4,-0.3,49,490.0,3
2017-03-06 17:00:00,6.0,58,1019.1,131.6,-0.7,51,752.3334,3
2017-03-06 18:00:00,5.0,33,1019.6,26.0,-1.4,55,166.8333,3
2017-03-06 19:00:00,6.4,0,1020.3,0.0,-1.7,56,0.0,3
2017-03-06 20:00:00,6.1,0,1020.8,0.0,-2.1,57,0.0,3
2017-03-06 21:00:00,5.3,0,1021.3,0.0,-2.9,57,0.0,3
2017-03-06 22:00:00,6.0,0,1021.8,0.0,-3.3,57,0.0,3
2017-03-06 23:00:00,5.6,0,1022.2,0.0,-3.8,58,0.0,3
2017-03-07 00:00:00,5.1,0,1022.7,0.0,-4.1,60,0.0,3
2017-03-07 01:00:00,5.1,0,1022.8,0.0,-4.5,62,0.0,3
2017-03-07 02:00:00,5.5,0,1022.8,0.0,-4.9,64,0.0,3
2017-03-07 03:00:00,4.9,0,1022.7,0.0,-5.4,66,0.0,3
2017-03-07 04:00:00,5.3,0,1022.6,0.0,-5.7,69,0.0,3
2017-03-07 05:00:00,5.0,0,1022.9,0.0,-5.0,69,0.0,3
2017-03-07 06:00:00,4.8,0,1022.8,0.0,-5.0,67,0.0,3
2017-03-07 07:00:00,4.8,0,1022.8,0.0,-5.1,66,0.0,3
2017-03-07 08:00:00,5.4,3,1022.5,14.7,-5.3,66,71.5833,3
2017-03-07 09:00:00,6.9,45,1021.9,101.7,-4.4,61,241.8333,3
2017-03-07 10:00:00,6.9,60,1021.1,272.1,-3.5,55,472.8332,3
2017-03-07 11:00:00,6.2,60,1020.4,354.1,-2.2,49,4201.6669,3
2017-03-07 12:00:00,5.5,60,1019.8,424.3,-1.0,44,6279.8334,3
2017-03-07 13:00:00,3.9,60,1019.3,451.0,-0.2,42,6636.8334,3
2017-03-07 14:00:00,5.3,60,1018.9,426.1,-0.4,40,4832.6665,3
2017-03-07 15:00:00,5.3,40,1018.3,177.9,-0.3,40,940.6666,3
2017-03-07 16:00:00,4.3,59,1017.8,129.8,0.0,40,460.1666,3
2017-03-07 17:00:00,3.8,56,1017.8,83.8,-0.5,43,464.1666,3
2017-03-07 18:00:00,3.7,6,1017.8,28.5,-0.8,45,13.3333,3
2017-03-07 19:00:00,3.4,0,1017.8,0.0,-1.1,46,0.0,3
2017-03-07 20:00:00,3.5,0,1017.7,0.0,-1.6,49,0.0,3
2017-03-07 21:00:00,4.7,0,1017.6,0.0,-2.0,60,0.0,3
2017-03-07 22:00:00,2.6,0,1017.4,0.0,-3.0,73,0.0,3
2017-03-07 23:00:00,2.4,0,1017.2,0.0,-3.3,72,0.0,3
2017-03-08 00:00:00,2.9,0,1016.9,0.0,-3.5,72,0.0,3
2017-03-08 01:00:00,2.5,0,1016.6,0.0,-3.6,71,0.0,3
2017-03-08 02:00:00,3.1,0,1016.2,0.0,-3.6,69,0.0,3
2017-03-08 03:00:00,2.5,0,1015.9,0.0,-3.6,68,0.0,3
2017-03-08 04:00:00,2.0,0,1015.4,0.0,-3.7,70,0.0,3
2017-03-08 05:00:00,0.7,0,1015.1,0.0,-3.9,71,0.0,3
2017-03-08 06:00:00,0.9,0,1014.6,0.0,-4.0,71,0.0,3
2017-03-08 07:00:00,1.8,0,1013.9,0.0,-4.7,75,0.0,3
2017-03-08 08:00:00,0.3,2,1014.0,20.6,-4.6,75,41.25,3
2017-03-08 09:00:00,1.2,0,1013.9,53.0,-4.7,74,658.8332,3
2017-03-08 10:00:00,1.2,59,1013.4,249.2,-2.9,63,1063.3333,3
2017-03-08 11:00:00,1.6,60,1012.9,365.5,-1.5,54,4009.3332,3
2017-03-08 12:00:00,2.9,60,1012.7,426.7,-0.6,51,6046.8336,3
2017-03-08 13:00:00,3.4,60,1012.6,450.3,-0.7,48,6448.1668,3
2017-03-08 14:00:00,3.9,60,1012.0,407.4,0.7,47,5641.3334,3
2017-03-08 15:00:00,3.1,14,1011.5,172.8,-0.5,54,1487.3332,3
2017-03-08 16:00:00,4.9,0,1011.0,102.5,-1.1,57,764.3333,3
2017-03-08 17:00:00,4.2,0,1010.5,55.6,-1.4,66,353.1667,3
2017-03-08 18:00:00,2.2,0,1010.3,5.0,-2.8,87,25.3333,3
2017-03-08 19:00:00,0.7,0,1009.9,0.0,-2.9,91,0.0,3
2017-03-08 20:00:00,1.3,0,1009.4,0.0,-2.5,93,0.0,3
2017-03-08 21:00:00,2.0,0,1008.6,0.0,-2.2,95,0.0,3
2017-03-08 22:00:00,2.8,0,1007.8,0.0,-2.0,94,0.0,3
2017-03-08 23:00:00,2.9,0,1007.0,0.0,-1.7,93,0.0,3
2017-03-09 00:00:00,2.1,0,1006.5,0.0,-1.4,96,0.0,3
2017-03-09 01:00:00,2.2,0,1006.3,0.0,-1.0,97,0.0,3
2017-03-09 02:00:00,2.7,0,1005.9,0.0,-1.1,97,0.0,3
2017-03-09 03:00:00,2.8,0,1005.3,0.0,-1.0,95,0.0,3
2017-03-09 04:00:00,3.0,0,1004.6,0.0,-0.7,95,0.0,3
2017-03-09 05:00:00,2.8,0,1004.3,0.0,-0.4,95,0.0,3
2017-03-09 06:00:00,2.7,0,1003.9,0.0,-0.2,95,0.0,3
2017-03-09 07:00:00,2.0,0,1004.0,0.0,-0.1,96,0.0,3
2017-03-09 08:00:00,1.1,0,1004.5,13.8,0.2,97,0.0,3
2017-03-09 09:00:00,2.9,0,1004.7,50.1,-0.2,97,0.0,3
2017-03-09 10:00:00,2.0,0,1005.0,100.4,0.2,97,0.0,3
2017-03-09 11:00:00,2.6,0,1005.1,178.4,0.5,92,0.0,3
2017-03-09 12:00:00,1.9,0,1005.8,118.8,0.7,92,0.0,3
2017-03-09 13:00:00,1.4,0,1005.9,109.1,0.6,92,0.0,3
2017-03-09 14:00:00,2.9,0,1005.8,106.5,1.0,92,304.5,3
2017-03-09 15:00:00,2.0,0,1005.8,91.1,1.3,95,1370.4999,3
2017-03-09 16:00:00,1.4,0,1005.5,53.6,1.6,94,782.6667,3
2017-03-09 17:00:00,0.4,0,1005.4,37.3,2.2,93,327.9999,3
2017-03-09 18:00:00,0.6,0,1005.5,13.3,2.1,94,54.6667,3
2017-03-09 19:00:00,1.3,0,1005.7,0.0,2.3,96,0.0,3
2017-03-09 20:00:00,1.6,0,1005.9,0.0,2.3,98,0.0,3
2017-03-09 21:00:00,1.1,0,1006.4,0.0,2.4,98,0.0,3
2017-03-09 22:00:00,0.6,0,1006.7,0.0,2.1,98,0.0,3
2017-03-09 23:00:00,1.4,0,1007.7,0.0,1.7,98,0.0,3
2017-03-10 00:00:00,1.3,0,1008.9,0.0,1.5,96,0.0,3
2017-03-10 01:00:00,1.6,0,1010.0,0.0,1.9,82,0.0,3
2017-03-10 02:00:00,3.2,0,1011.0,0.0,1.3,83,0.0,3
2017-03-10 03:00:00,1.1,0,1011.9,0.0,-0.3,90,0.0,3
2017-03-10 04:00:00,2.5,0,1012.7,0.0,0.8,75,0.0,3
2017-03-10 05:00:00,1.3,0,1013.7,0.0,-0.2,80,0.0,3
2017-03-10 06:00:00,3.0,0,1014.4,0.0,0.1,76,0.0,3
2017-03-10 07:00:00,2.0,0,1015.5,0.0,-0.5,79,0.0,3
2017-03-10 08:00:00,3.5,48,1016.5,48.0,1.5,66,0.0,3
2017-03-10 09:00:00,5.5,60,1017.1,168.0,3.9,53,0.0,3
2017-03-10 10:00:00,3.5,60,1018.0,285.6,4.4,52,128.0,3
2017-03-10 11:00:00,3.9,60,1018.7,378.4,5.3,50,4566.3335,3
2017-03-10 12:00:00,4.5,60,1019.1,440.1,6.4,47,6210.9998,3
2017-03-10 13:00:00,4.3,60,1019.4,465.0,6.5,45,6514.8332,3
2017-03-10 14:00:00,4.2,60,1019.8,405.9,6.8,42,6304.9998,3
2017-03-10 15:00:00,3.3,60,1019.9,377.7,7.1,38,2103.0,3
2017-03-10 16:00:00,2.5,60,1020.0,275.9,7.1,37,359.5,3
2017-03-10 17:00:00,1.1,60,1019.8,153.8,6.7,37,1084.8334,3
2017-03-10 18:00:00,0.7,29,1020.1,25.1,4.9,44,254.8334,3
2017-03-10 19:00:00,2.4,0,1020.6,0.0,1.8,65,0.0,3
2017-03-10 20:00:00,1.5,0,1021.2,0.0,1.8,67,0.0,3
2017-03-10 21:00:00,2.3,0,1021.6,0.0,1.7,68,0.0,3
2017-03-10 22:00:00,2.3,0,1022.1,0.0,1.6,70,0.0,3
2017-03-10 23:00:00,2.6,0,1022.1,0.0,1.6,68,0.0,3
2017-03-11 00:00:00,1.8,0,1022.4,0.0,1.3,70,0.0,3
2017-03-11 01:00:00,1.8,0,1022.9,0.0,0.2,76,0.0,3
2017-03-11 02:00:00,1.9,0,1023.4,0.0,-0.7,76,0.0,3
2017-03-11 03:00:00,0.2,0,1023.5,0.0,-1.6,77,0.0,3
2017-03-11 04:00:00,0.6,0,1023.5,0.0,-2.2,81,0.0,3
2017-03-11 05:00:00,1.9,0,1023.6,0.0,-2.3,83,0.0,3
2017-03-11 06:00:00,2.0,0,1023.8,0.0,-2.1,80,0.0,3
2017-03-11 07:00:00,3.2,0,1024.2,0.0,-1.9,79,0.0,3
2017-03-11 08:00:00,2.8,57,1024.6,53.9,-1.1,75,0.0,3
2017-03-11 09:00:00,0.8,60,1025.1,170.9,0.7,70,0.0,3
2017-03-11 10:00:00,0.6,60,1025.3,286.3,3.3,58,199.8333,3
2017-03-11 11:00:00,1.4,60,1025.2,379.1,5.0,57,4807.0001,3
2017-03-11 12:00:00,1.3,60,1024.8,436.7,6.7,55,6040.1668,3
2017-03-11 13:00:00,2.4,60,1024.8,440.3,6.0,57,5728.1668,3
2017-03-11 14:00:00,2.2,60,1024.7,402.6,6.5,55,5387.0,3
2017-03-11 15:00:00,1.5,60,1024.2,313.1,6.6,57,2912.8333,3
2017-03-11 16:00:00,2.7,51,1023.9,221.9,5.0,66,701.8333,3
2017-03-11 17:00:00,2.7,43,1024.0,113.1,4.2,77,542.0,3
2017-03-11 18:00:00,4.4,0,1024.7,17.2,1.3,93,122.5,3
2017-03-11 19:00:00,2.7,0,1024.6,0.0,1.3,97,0.0,3
2017-03-11 20:00:00,2.7,0,1024.5,0.0,1.5,96,0.0,3
2017-03-11 21:00:00,2.9,0,1024.6,0.0,1.7,94,0.0,3
2017-03-11 22:00:00,3.0,0,1024.3,0.0,1.9,93,0.0,3
2017-03-11 23:00:00,3.5,0,1024.3,0.0,1.3,96,0.0,3
2017-03-12 00:00:00,2.6,0,1024.0,0.0,1.1,98,0.0,3
2017-03-12 01:00:00,3.1,0,1024.0,0.0,0.9,99,0.0,3
2017-03-12 02:00:00,2.4,0,1023.8,0.0,1.1,99,0.0,3
2017-03-12 03:00:00,2.6,0,1023.4,0.0,1.1,99,0.0,3
2017-03-12 04:00:00,3.6,0,1022.9,0.0,1.2,100,0.0,3
2017-03-12 05:00:00,3.2,0,1022.7,0.0,1.4,100,0.0,3
2017-03-12 06:00:00,3.7,0,1022.5,0.0,1.3,100,0.0,3
2017-03-12 07:00:00,2.7,0,1022.5,0.0,1.4,100,0.0,3
2017-03-12 08:00:00,2.3,0,1022.3,7.8,1.6,100,0.0,3
2017-03-12 09:00:00,2.9,0,1022.5,53.0,2.0,100,846.4999,3
2017-03-12 10:00:00,2.9,0,1022.7,62.1,2.4,100,1070.0,3
2017-03-12 11:00:00,2.6,0,1022.7,124.3,3.3,98,1326.5,3
2017-03-12 12:00:00,2.7,0,1022.9,122.5,3.7,93,1766.8333,3
2017-03-12 13:00:00,3.9,0,1022.6,108.8,4.1,89,1181.8333,3
2017-03-12 14:00:00,3.7,0,1022.7,80.6,3.8,90,843.6667,3
2017-03-12 15:00:00,4.1,0,1022.5,64.8,4.0,87,632.8333,3
2017-03-12 16:00:00,2.5,0,1022.6,46.7,3.9,88,579.8333,3
2017-03-12 17:00:00,4.2,0,1022.5,25.9,3.7,89,188.5001,3
2017-03-12 18:00:00,4.1,0,1022.5,8.1,3.2,92,44.5,3
2017-03-12 19:00:00,3.1,0,1022.9,0.0,2.9,93,0.0,3
2017-03-12 20:00:00,3.1,0,1023.3,0.0,2.8,93,0.0,3
2017-03-12 21:00:00,2.7,0,1023.4,0.0,2.6,94,0.0,3
2017-03-12 22:00:00,2.5,0,1023.4,0.0,2.5,93,0.0,3
2017-03-12 23:00:00,2.1,0,1023.3,0.0,2.2,94,0.0,3
2017-03-13 00:00:00,2.2,0,1023.2,0.0,2.0,94,0.0,3
2017-03-13 01:00:00,2.4,0,1023.0,0.0,1.9,95,0.0,3
2017-03-13 02:00:00,1.8,0,1022.7,0.0,1.7,96,0.0,3
2017-03-13 03:00:00,2.5,0,1022.4,0.0,2.0,95,0.0,3
2017-03-13 04:00:00,3.2,0,1021.9,0.0,2.0,96,0.0,3
2017-03-13 05:00:00,2.9,0,1021.7,0.0,2.0,95,0.0,3
2017-03-13 06:00:00,3.6,0,1021.3,0.0,2.0,91,0.0,3
2017-03-13 07:00:00,3.1,0,1021.2,0.0,1.8,90,0.0,3
2017-03-13 08:00:00,3.7,0,1021.1,12.0,2.1,91,0.0,3
2017-03-13 09:00:00,3.8,0,1021.1,27.8,2.1,90,74.5,3
2017-03-13 10:00:00,2.9,0,1021.0,39.9,1.1,96,748.1666,3
2017-03-13 11:00:00,3.5,0,1020.7,45.6,1.3,97,353.8334,3
2017-03-13 12:00:00,4.8,0,1020.3,39.6,1.4,97,429.8333,3
2017-03-13 13:00:00,2.9,0,1020.1,32.5,2.1,98,410.1667,3
2017-03-13 14:00:00,4.0,0,1019.9,15.5,2.4,97,230.3333,3
2017-03-13 15:00:00,4.2,0,1019.7,14.9,2.4,94,56.3334,3
2017-03-13 16:00:00,3.6,0,1019.4,16.7,2.4,95,134.3334,3
2017-03-13 17:00:00,3.8,0,1018.9,4.0,2.4,95,81.5,3
2017-03-13 18:00:00,3.7,0,1018.5,0.0,2.4,95,0.0,3
2017-03-13 19:00:00,2.9,0,1018.5,0.0,2.5,95,0.0,3
2017-03-13 20:00:00,2.7,0,1018.7,0.0,2.4,96,0.0,3
2017-03-13 21:00:00,2.7,0,1018.9,0.0,2.4,97,0.0,3
2017-03-13 22:00:00,3.2,0,1018.6,0.0,2.6,96,0.0,3
2017-03-13 23:00:00,1.9,0,1018.6,0.0,2.5,95,0.0,3
2017-03-14 00:00:00,1.6,0,1018.5,0.0,2.3,96,0.0,3
2017-03-14 01:00:00,1.0,0,1018.4,0.0,1.9,97,0.0,3
2017-03-14 02:00:00,1.6,0,1017.5,0.0,1.9,98,0.0,3
2017-03-14 03:00:00,2.0,0,1017.2,0.0,1.8,98,0.0,3
2017-03-14 04:00:00,0.6,0,1016.8,0.0,1.4,99,0.0,3
2017-03-14 05:00:00,0.6,0,1016.1,0.0,1.7,99,0.0,3
2017-03-14 06:00:00,1.1,0,1015.1,0.0,1.7,98,0.0,3
2017-03-14 07:00:00,0.6,0,1013.9,0.0,1.8,98,0.0,3
2017-03-14 08:00:00,2.0,0,1013.7,3.9,2.1,96,0.0,3
2017-03-14 09:00:00,1.5,0,1013.2,22.5,2.6,93,0.0,3
2017-03-14 10:00:00,2.3,0,1012.0,30.3,2.8,92,147.8333,3
2017-03-14 11:00:00,3.8,0,1010.0,41.2,3.3,97,685.3333,3
2017-03-14 12:00:00,4.8,0,1009.1,58.5,3.7,96,1200.8334,3
2017-03-14 13:00:00,3.7,0,1008.2,48.9,4.3,95,1050.8333,3
2017-03-14 14:00:00,4.2,0,1007.1,145.7,5.3,92,2660.6666,3
2017-03-14 15:00:00,4.8,22,1005.5,239.5,6.4,86,3990.4999,3
2017-03-14 16:00:00,0.6,39,1004.8,203.4,7.6,79,773.0,3
2017-03-14 17:00:00,4.5,59,1004.7,169.7,9.4,44,1353.3333,3
2017-03-14 18:00:00,7.7,52,1004.7,58.9,8.1,46,633.5,3
2017-03-14 19:00:00,5.1,0,1004.9,0.0,6.9,50,0.0,3
2017-03-14 20:00:00,6.2,0,1004.5,0.0,5.7,57,0.0,3
2017-03-14 21:00:00,4.0,0,1004.9,0.0,4.5,70,0.0,3
2017-03-14 22:00:00,3.3,0,1004.7,0.0,3.9,71,0.0,3
2017-03-14 23:00:00,4.6,0,1004.3,0.0,3.7,71,0.0,3
2017-03-15 00:00:00,2.9,0,1004.8,0.0,3.6,71,0.0,3
2017-03-15 01:00:00,3.7,0,1004.2,0.0,3.5,72,0.0,3
2017-03-15 02:00:00,3.3,0,1003.7,0.0,4.0,59,0.0,3
2017-03-15 03:00:00,4.4,0,1004.0,0.0,5.5,53,0.0,3
2017-03-15 04:00:00,4.3,0,1004.1,0.0,5.4,51,0.0,3
2017-03-15 05:00:00,3.1,0,1005.1,0.0,5.3,50,0.0,3
2017-03-15 06:00:00,3.6,0,1005.5,0.0,5.7,50,0.0,3
2017-03-15 07:00:00,4.1,6,1005.8,0.0,6.0,49,0.0,3
2017-03-15 08:00:00,5.9,60,1006.4,77.2,6.8,44,0.0,3
2017-03-15 09:00:00,6.5,60,1007.3,203.9,7.6,43,0.0,3
2017-03-15 10:00:00,5.0,60,1008.2,325.9,8.8,39,369.0,3
2017-03-15 11:00:00,5.0,60,1008.9,417.3,9.4,36,5377.6668,3
2017-03-15 12:00:00,5.2,60,1009.7,474.3,9.7,34,6272.1668,3
2017-03-15 13:00:00,5.4,56,1009.7,465.3,10.3,36,6583.3334,3
2017-03-15 14:00:00,6.9,60,1010.0,512.0,10.2,34,5527.3334,3
2017-03-15 15:00:00,5.9,59,1010.2,394.9,10.3,32,4133.9999,3
2017-03-15 16:00:00,5.2,60,1010.5,318.0,9.7,35,558.0,3
2017-03-15 17:00:00,5.2,60,1010.9,186.4,8.3,44,1667.6667,3
2017-03-15 18:00:00,4.0,57,1011.3,59.2,7.3,44,573.9999,3
2017-03-15 19:00:00,3.1,3,1011.4,0.0,6.1,54,0.0,3
2017-03-15 20:00:00,1.4,0,1011.9,0.0,5.1,58,0.0,3
2017-03-15 21:00:00,1.9,0,1011.8,0.0,4.9,57,0.0,3
2017-03-15 22:00:00,3.7,0,1012.4,0.0,4.9,55,0.0,3
2017-03-15 23:00:00,3.6,0,1012.8,0.0,5.3,52,0.0,3
2017-03-16 00:00:00,1.8,0,1013.6,0.0,4.1,55,0.0,3
2017-03-16 01:00:00,1.5,0,1014.1,0.0,3.3,59,0.0,3
2017-03-16 02:00:00,1.5,0,1015.1,0.0,0.8,69,0.0,3
2017-03-16 03:00:00,1.4,0,1015.0,0.0,-0.5,77,0.0,3
2017-03-16 04:00:00,0.9,0,1015.0,0.0,-0.8,78,0.0,3
2017-03-16 05:00:00,2.7,0,1014.8,0.0,-0.1,73,0.0,3
2017-03-16 06:00:00,1.6,0,1014.9,0.0,0.5,72,0.0,3
2017-03-16 07:00:00,1.3,0,1014.8,0.0,1.0,72,0.0,3
2017-03-16 08:00:00,0.2,0,1014.2,16.3,2.0,69,148.3333,3
2017-03-16 09:00:00,1.3,0,1013.6,81.2,3.3,63,649.8333,3
2017-03-16 10:00:00,0.8,0,1012.8,130.7,4.7,57,1400.5,3
2017-03-16 11:00:00,1.2,0,1011.9,141.0,5.2,60,979.3333,3
2017-03-16 12:00:00,2.3,4,1010.7,240.3,5.7,65,2002.3333,3
2017-03-16 13:00:00,1.2,3,1009.6,268.8,7.0,63,2450.8333,3
2017-03-16 14:00:00,4.0,0,1007.8,187.8,7.4,67,1678.8332,3
2017-03-16 15:00:00,3.9,0,1006.4,119.5,6.7,75,726.9999,3
2017-03-16 16:00:00,3.7,0,1004.8,27.0,6.7,79,351.8333,3
2017-03-16 17:00:00,6.6,0,1003.0,21.0,6.8,86,344.8333,3
2017-03-16 18:00:00,4.8,0,1001.8,0.0,6.0,91,94.3333,3
2017-03-16 19:00:00,6.5,0,1000.1,0.0,5.0,95,0.0,3
2017-03-16 20:00:00,4.8,0,998.8,0.0,5.0,94,0.0,3
2017-03-16 21:00:00,4.8,0,997.6,0.0,4.9,95,0.0,3
2017-03-16 22:00:00,4.8,0,996.7,0.0,5.3,93,0.0,3
2017-03-16 23:00:00,4.2,0,996.0,0.0,4.9,94,0.0,3
2017-03-17 00:00:00,1.1,0,994.8,0.0,4.6,95,0.0,3
2017-03-17 01:00:00,0.5,0,994.3,0.0,4.1,95,0.0,3
2017-03-17 02:00:00,1.0,0,993.9,0.0,3.5,81,0.0,3
2017-03-17 03:00:00,4.3,0,993.5,0.0,3.2,73,0.0,3
2017-03-17 04:00:00,2.9,0,993.1,0.0,2.7,70,0.0,3
2017-03-17 05:00:00,6.5,0,992.0,0.0,3.0,64,0.0,3
2017-03-17 06:00:00,6.1,0,991.7,0.0,2.2,66,0.0,3
2017-03-17 07:00:00,4.2,12,991.5,3.1,2.0,69,0.0,3
2017-03-17 08:00:00,4.4,59,991.1,94.1,3.3,63,175.75,3
2017-03-17 09:00:00,4.7,30,990.7,139.8,4.3,58,590.3333,3
2017-03-17 10:00:00,6.1,60,989.7,347.6,5.9,51,1072.1667,3
2017-03-17 11:00:00,5.5,60,989.1,445.4,7.1,48,3393.9999,3
2017-03-17 12:00:00,6.5,59,988.5,454.8,7.1,47,2104.5001,3
2017-03-17 13:00:00,7.3,58,987.8,464.1,8.6,39,3062.6667,3
2017-03-17 14:00:00,6.6,50,987.6,322.6,9.1,35,2918.6666,3
2017-03-17 15:00:00,7.9,51,987.7,260.6,8.9,35,2597.8333,3
2017-03-17 16:00:00,6.0,60,987.9,207.3,8.6,37,1388.8334,3
2017-03-17 17:00:00,5.4,60,988.5,152.6,8.6,37,1555.3333,3
2017-03-17 18:00:00,3.5,50,989.1,86.4,7.6,41,705.8333,3
2017-03-17 19:00:00,2.8,9,989.7,2.1,6.1,45,0.0,3
2017-03-17 20:00:00,3.3,0,990.3,0.0,5.0,49,0.0,3
2017-03-17 21:00:00,2.7,0,990.6,0.0,4.2,51,0.0,3
2017-03-17 22:00:00,2.5,0,990.5,0.0,3.0,54,0.0,3
2017-03-17 23:00:00,1.9,0,990.2,0.0,2.4,56,0.0,3
2017-03-18 00:00:00,0.8,0,990.4,0.0,1.9,58,0.0,3
2017-03-18 01:00:00,1.8,0,990.4,0.0,0.9,61,0.0,3
2017-03-18 02:00:00,1.1,0,990.2,0.0,-0.1,64,0.0,3
2017-03-18 03:00:00,0.6,0,989.8,0.0,-0.7,66,0.0,3
2017-03-18 04:00:00,2.0,0,989.9,0.0,-1.7,72,0.0,3
2017-03-18 05:00:00,0.9,0,990.1,0.0,-2.1,73,0.0,3
2017-03-18 06:00:00,1.1,0,990.2,0.0,-2.0,73,0.0,3
2017-03-18 07:00:00,0.7,0,990.6,0.0,-2.9,77,0.0,3
2017-03-18 08:00:00,1.0,50,990.9,92.1,0.3,67,0.0,3
2017-03-18 09:00:00,4.6,60,991.3,236.6,3.0,52,259.5,3
2017-03-18 10:00:00,6.0,15,992.5,220.6,1.8,75,1500.3333,3
2017-03-18 11:00:00,3.6,0,993.1,206.7,2.8,61,3222.6667,3
2017-03-18 12:00:00,2.4,31,993.4,309.8,4.7,51,5120.0,3
2017-03-18 13:00:00,3.8,27,993.8,312.5,5.1,42,6683.5,3
2017-03-18 14:00:00,3.5,14,994.2,264.7,5.6,39,5472.6666,3
2017-03-18 15:00:00,4.7,14,994.6,188.2,5.9,35,4882.5,3
2017-03-18 16:00:00,4.8,34,995.7,227.5,5.8,33,610.3334,3
2017-03-18 17:00:00,5.2,46,996.6,157.1,5.8,29,1380.6666,3
2017-03-18 18:00:00,3.9,4,997.7,20.6,4.6,35,922.3334,3
2017-03-18 19:00:00,3.3,0,998.7,0.0,2.9,43,0.0,3
2017-03-18 20:00:00,3.1,0,999.8,0.0,1.4,49,0.0,3
2017-03-18 21:00:00,0.5,0,1000.8,0.0,-0.2,56,0.0,3
2017-03-18 22:00:00,2.7,0,1001.5,0.0,-0.2,55,0.0,3
2017-03-18 23:00:00,0.9,0,1002.3,0.0,-1.5,58,0.0,3
2017-03-19 00:00:00,2.7,0,1002.8,0.0,-1.3,60,0.0,3
2017-03-19 01:00:00,1.6,0,1003.2,0.0,-2.1,64,0.0,3
2017-03-19 02:00:00,2.2,0,1003.6,0.0,-2.5,64,0.0,3
2017-03-19 03:00:00,3.0,0,1003.5,0.0,-2.7,65,0.0,3
2017-03-19 04:00:00,0.4,0,1003.8,0.0,-3.1,68,0.0,3
2017-03-19 05:00:00,3.4,0,1003.3,0.0,-2.4,65,0.0,3
2017-03-19 06:00:00,0.9,0,1003.4,0.0,-2.7,68,0.0,3
2017-03-19 07:00:00,2.5,3,1003.6,2.6,-2.0,65,0.0,3
2017-03-19 08:00:00,1.5,0,1003.5,48.0,-0.9,62,347.8333,3
2017-03-19 09:00:00,1.2,29,1002.8,166.3,1.0,51,860.8334,3
2017-03-19 10:00:00,2.0,60,1002.4,299.1,1.6,51,1982.1666,3
2017-03-19 11:00:00,1.0,11,1001.7,231.1,1.8,52,2333.1666,3
2017-03-19 12:00:00,1.8,27,1001.4,285.2,2.6,52,3183.3333,3
2017-03-19 13:00:00,3.1,60,1000.8,481.4,4.0,57,6175.3332,3
2017-03-19 14:00:00,2.4,60,1000.1,406.6,3.9,60,2606.0,3
2017-03-19 15:00:00,5.8,19,999.8,229.9,4.0,57,2494.8333,3
2017-03-19 16:00:00,5.0,15,999.4,195.3,3.5,67,1422.5,3
2017-03-19 17:00:00,4.4,3,999.0,116.3,3.1,65,717.3333,3
2017-03-19 18:00:00,3.8,0,998.8,38.3,2.8,71,85.1666,3
2017-03-19 19:00:00,3.3,0,998.6,5.1,2.6,76,0.0,3
2017-03-19 20:00:00,3.3,0,998.7,0.0,0.8,92,0.0,3
2017-03-19 21:00:00,4.2,0,998.4,0.0,1.0,90,0.0,3
2017-03-19 22:00:00,3.0,0,998.1,0.0,0.5,96,0.0,3
2017-03-19 23:00:00,2.0,0,997.9,0.0,0.5,94,0.0,3
2017-03-20 00:00:00,2.5,0,997.8,0.0,0.5,93,0.0,3
2017-03-20 01:00:00,2.4,0,997.4,0.0,0.5,92,0.0,3
2017-03-20 02:00:00,2.5,0,997.2,0.0,0.1,98,0.0,3
2017-03-20 03:00:00,1.7,0,996.8,0.0,-0.1,99,0.0,3
2017-03-20 04:00:00,3.0,0,996.6,0.0,0.1,100,0.0,3
2017-03-20 05:00:00,2.9,0,996.4,0.0,0.0,100,0.0,3
2017-03-20 06:00:00,2.8,0,996.4,0.0,0.2,100,0.0,3
2017-03-20 07:00:00,3.2,0,996.3,1.4,0.3,100,0.0,3
2017-03-20 08:00:00,2.1,0,996.3,21.0,0.7,100,0.0,3
2017-03-20 09:00:00,2.3,0,996.5,53.2,1.1,97,30.75,3
2017-03-20 10:00:00,1.1,0,996.3,72.1,1.5,94,515.8334,3
2017-03-20 11:00:00,2.1,0,996.4,114.5,1.9,91,884.1666,3
2017-03-20 12:00:00,3.5,0,996.8,149.9,1.7,89,1430.1667,3
2017-03-20 13:00:00,2.2,0,996.8,116.7,1.9,89,1559.1666,3
2017-03-20 14:00:00,2.6,0,996.5,100.9,2.1,89,1495.3333,3
2017-03-20 15:00:00,2.5,0,995.6,97.6,2.2,88,1023.3333,3
2017-03-20 16:00:00,0.2,0,995.1,53.3,2.4,88,351.8334,3
2017-03-20 17:00:00,1.5,0,994.4,38.1,2.7,89,241.6666,3
2017-03-20 18:00:00,1.4,0,993.2,1.5,3.5,89,13.8334,3
2017-03-20 19:00:00,4.3,0,992.4,0.0,3.7,95,0.0,3
2017-03-20 20:00:00,2.5,0,991.0,0.0,3.6,95,0.0,3
2017-03-20 21:00:00,3.9,0,989.9,0.0,3.7,90,0.0,3
2017-03-20 22:00:00,3.6,0,988.6,0.0,3.2,94,0.0,3
2017-03-20 23:00:00,3.1,0,987.5,0.0,2.8,94,0.0,3
2017-03-21 00:00:00,1.6,0,986.5,0.0,2.4,95,0.0,3
2017-03-21 01:00:00,2.9,0,985.7,0.0,1.6,97,0.0,3
2017-03-21 02:00:00,1.7,0,985.7,0.0,1.7,97,0.0,3
2017-03-21 03:00:00,0.7,0,985.7,0.0,1.6,97,0.0,3
2017-03-21 04:00:00,1.4,0,985.8,0.0,2.1,98,0.0,3
2017-03-21 05:00:00,2.4,0,985.8,0.0,1.9,100,0.0,3
2017-03-21 06:00:00,1.9,0,985.6,0.0,1.5,100,0.0,3
2017-03-21 07:00:00,3.3,0,985.6,1.9,1.6,100,0.0,3
2017-03-21 08:00:00,2.5,0,985.7,25.4,2.1,98,122.1667,3
2017-03-21 09:00:00,2.2,0,986.0,57.6,2.5,95,566.1667,3
2017-03-21 10:00:00,1.7,0,986.6,78.2,3.2,93,1187.1666,3
2017-03-21 11:00:00,3.2,0,987.0,120.3,4.2,88,1468.6667,3
2017-03-21 12:00:00,3.0,0,987.4,196.7,5.2,84,2388.3334,3
2017-03-21 13:00:00,4.9,0,988.0,219.9,5.9,77,2702.9999,3
2017-03-21 14:00:00,5.3,0,988.1,229.9,6.6,69,3567.0001,3
2017-03-21 15:00:00,5.0,0,988.4,203.9,6.6,68,3255.6666,3
2017-03-21 16:00:00,3.0,1,988.6,161.7,6.9,68,1843.8333,3
2017-03-21 17:00:00,4.1,0,988.9,71.1,5.7,68,1148.8334,3
2017-03-21 18:00:00,3.2,0,989.5,44.3,5.3,68,197.8333,3
2017-03-21 19:00:00,1.4,0,990.3,0.2,3.8,75,0.0,3
2017-03-21 20:00:00,0.4,0,990.9,0.0,2.8,84,0.0,3
2017-03-21 21:00:00,1.6,0,991.5,0.0,1.4,91,0.0,3
2017-03-21 22:00:00,0.4,0,992.1,0.0,1.4,90,0.0,3
2017-03-21 23:00:00,1.1,0,992.9,0.0,0.6,91,0.0,3
2017-03-22 00:00:00,2.0,0,993.9,0.0,0.0,93,0.0,3
2017-03-22 01:00:00,1.1,0,994.7,0.0,-0.7,94,0.0,3
2017-03-22 02:00:00,2.0,0,995.7,0.0,-0.4,95,0.0,3
2017-03-22 03:00:00,1.8,0,996.5,0.0,-0.2,93,0.0,3
2017-03-22 04:00:00,1.3,0,997.4,0.0,0.2,94,0.0,3
2017-03-22 05:00:00,0.6,0,998.5,0.0,-0.3,94,0.0,3
2017-03-22 06:00:00,0.5,0,999.5,0.0,-1.3,97,0.0,3
2017-03-22 07:00:00,1.4,28,1000.6,18.6,-1.1,97,0.0,3
2017-03-22 08:00:00,1.9,60,1001.6,121.5,1.0,93,222.1666,3
2017-03-22 09:00:00,1.5,60,1002.5,217.7,2.4,89,273.5001,3
2017-03-22 10:00:00,2.1,59,1003.2,357.4,3.9,71,1721.8334,3
2017-03-22 11:00:00,3.7,60,1003.6,454.0,6.3,45,5028.1666,3
2017-03-22 12:00:00,4.6,60,1004.2,532.8,7.1,35,6168.8334,3
2017-03-22 13:00:00,5.7,60,1005.1,552.2,7.6,32,3966.1666,3
2017-03-22 14:00:00,4.3,60,1005.9,525.7,8.0,31,4349.1666,3
2017-03-22 15:00:00,6.2,60,1006.7,462.4,8.0,35,5973.8334,3
2017-03-22 16:00:00,5.7,57,1007.9,290.4,6.4,45,1573.3333,3
2017-03-22 17:00:00,5.7,49,1009.2,226.0,5.5,46,2223.5,3
2017-03-22 18:00:00,1.7,49,1010.1,79.0,5.6,47,1064.9999,3
2017-03-22 19:00:00,1.2,20,1011.5,6.0,3.3,56,9.1667,3
2017-03-22 20:00:00,2.6,0,1012.6,0.0,3.5,48,0.0,3
2017-03-22 21:00:00,3.3,0,1013.4,0.0,2.9,51,0.0,3
2017-03-22 22:00:00,2.4,0,1014.8,0.0,2.1,55,0.0,3
2017-03-22 23:00:00,1.8,0,1016.1,0.0,0.9,57,0.0,3
2017-03-23 00:00:00,1.5,0,1016.7,0.0,1.0,52,0.0,3
2017-03-23 01:00:00,2.5,0,1017.5,0.0,0.4,53,0.0,3
2017-03-23 02:00:00,2.1,0,1018.5,0.0,-0.5,56,0.0,3
2017-03-23 03:00:00,0.9,0,1019.2,0.0,-2.2,66,0.0,3
2017-03-23 04:00:00,0.9,0,1019.4,0.0,-2.8,70,0.0,3
2017-03-23 05:00:00,1.8,0,1020.1,0.0,-2.5,67,0.0,3
2017-03-23 06:00:00,0.7,0,1020.9,0.0,-3.1,70,0.0,3
2017-03-23 07:00:00,0.9,34,1021.3,21.6,-3.2,71,0.0,3
2017-03-23 08:00:00,0.6,60,1022.2,132.2,0.9,56,0.0,3
2017-03-23 09:00:00,2.8,60,1022.6,281.4,1.9,56,450.8334,3
2017-03-23 10:00:00,2.4,60,1023.1,370.0,2.9,43,2410.1666,3
2017-03-23 11:00:00,2.2,60,1023.0,486.6,5.3,36,5615.6668,3
2017-03-23 12:00:00,4.3,60,1023.0,509.0,5.8,32,6341.8332,3
2017-03-23 13:00:00,3.0,60,1022.7,643.1,7.8,32,5365.3333,3
2017-03-23 14:00:00,3.9,60,1022.5,549.0,8.3,33,6305.0,3
2017-03-23 15:00:00,4.0,60,1022.4,436.8,8.8,32,5360.1667,3
2017-03-23 16:00:00,3.7,60,1022.2,354.0,9.1,32,2008.1667,3
2017-03-23 17:00:00,4.3,59,1022.5,236.0,8.0,31,2862.6667,3
2017-03-23 18:00:00,4.3,21,1023.1,42.1,6.4,36,304.0,3
2017-03-23 19:00:00,3.3,0,1023.7,2.9,5.4,40,2.0,3
2017-03-23 20:00:00,2.6,0,1024.1,0.0,4.1,45,0.0,3
2017-03-23 21:00:00,3.5,0,1024.6,0.0,3.2,49,0.0,3
2017-03-23 22:00:00,1.2,0,1025.4,0.0,1.9,54,0.0,3
2017-03-23 23:00:00,2.4,0,1025.5,0.0,0.6,61,0.0,3
2017-03-24 00:00:00,1.9,0,1025.9,0.0,-0.8,70,0.0,3
2017-03-24 01:00:00,2.1,0,1026.2,0.0,-0.6,70,0.0,3
2017-03-24 02:00:00,0.8,0,1026.4,0.0,-0.8,73,0.0,3
2017-03-24 03:00:00,1.4,0,1026.4,0.0,-1.3,76,0.0,3
2017-03-24 04:00:00,2.1,0,1026.2,0.0,-0.9,74,0.0,3
2017-03-24 05:00:00,0.2,0,1026.4,0.0,-1.1,78,0.0,3
2017-03-24 06:00:00,1.8,0,1026.3,0.0,-0.8,77,0.0,3
2017-03-24 07:00:00,0.6,0,1026.7,6.6,-0.4,76,0.0,3
2017-03-24 08:00:00,0.2,4,1026.6,81.8,0.7,70,427.0,3
2017-03-24 09:00:00,1.4,45,1026.8,191.0,1.8,68,882.8334,3
2017-03-24 10:00:00,1.5,60,1026.5,325.9,3.8,65,2571.1667,3
2017-03-24 11:00:00,2.7,49,1026.0,414.6,5.5,58,4822.3333,3
2017-03-24 12:00:00,2.7,14,1026.1,308.5,6.6,50,3406.8334,3
2017-03-24 13:00:00,6.3,40,1025.7,407.6,8.5,34,3946.0001,3
2017-03-24 14:00:00,6.6,23,1026.2,328.3,6.5,52,3557.5,3
2017-03-24 15:00:00,3.7,0,1025.9,125.1,3.9,76,908.8334,3
2017-03-24 16:00:00,2.8,0,1025.5,40.1,3.9,76,316.4999,3
2017-03-24 17:00:00,3.0,0,1024.7,17.4,3.6,76,79.8333,3
2017-03-24 18:00:00,3.5,0,1024.4,2.2,3.5,77,20.5,3
2017-03-24 19:00:00,4.1,0,1023.8,0.0,3.3,77,0.0,3
2017-03-24 20:00:00,3.1,0,1023.9,0.0,3.2,75,0.0,3
2017-03-24 21:00:00,2.9,0,1023.5,0.0,2.2,81,0.0,3
2017-03-24 22:00:00,0.9,0,1023.2,0.0,1.9,83,0.0,3
2017-03-24 23:00:00,0.3,0,1023.2,0.0,1.0,87,0.0,3
2017-03-25 00:00:00,1.0,0,1023.2,0.0,0.9,86,0.0,3
2017-03-25 01:00:00,1.1,0,1023.0,0.0,0.0,87,0.0,3
2017-03-25 02:00:00,1.7,0,1022.9,0.0,-0.3,88,0.0,3
2017-03-25 03:00:00,0.9,0,1022.8,0.0,-0.1,85,0.0,3
2017-03-25 04:00:00,0.7,0,1022.7,0.0,-0.3,86,0.0,3
2017-03-25 05:00:00,0.7,0,1023.0,0.0,-0.7,87,0.0,3
2017-03-25 06:00:00,1.1,0,1023.3,0.0,-0.6,87,0.0,3
2017-03-25 07:00:00,1.9,0,1023.8,17.2,0.2,84,0.0,3
2017-03-25 08:00:00,1.1,31,1024.2,116.9,3.5,73,372.5,3
2017-03-25 09:00:00,0.6,60,1024.3,245.4,6.0,60,1023.3333,3
2017-03-25 10:00:00,2.2,60,1024.8,320.4,7.4,54,2581.6667,3
2017-03-25 11:00:00,2.3,60,1024.8,440.8,9.7,48,4693.1668,3
2017-03-25 12:00:00,1.8,60,1024.6,471.9,11.2,41,4958.0002,3
2017-03-25 13:00:00,2.4,53,1024.1,440.8,11.5,35,4581.5,3
2017-03-25 14:00:00,2.6,60,1023.9,390.5,11.9,33,4491.4999,3
2017-03-25 15:00:00,2.8,60,1023.3,363.2,12.1,25,3395.5,3
2017-03-25 16:00:00,2.6,60,1022.9,344.2,12.9,27,3910.5,3
2017-03-25 17:00:00,3.2,60,1022.6,213.5,12.1,35,2077.1667,3
2017-03-25 18:00:00,2.7,20,1022.0,90.9,10.9,45,245.1667,3
2017-03-25 19:00:00,1.7,0,1022.4,4.1,9.9,50,2.1667,3
2017-03-25 20:00:00,1.6,0,1022.6,0.0,9.5,52,0.0,3
2017-03-25 21:00:00,1.4,0,1022.9,0.0,6.9,62,0.0,3
2017-03-25 22:00:00,1.5,0,1022.7,0.0,5.5,68,0.0,3
2017-03-25 23:00:00,0.7,0,1023.0,0.0,5.0,71,0.0,3
2017-03-26 00:00:00,1.2,0,1023.2,0.0,5.1,71,0.0,3
2017-03-26 01:00:00,1.0,0,1022.8,0.0,4.3,74,0.0,3
2017-03-26 02:00:00,1.2,0,1022.3,0.0,4.0,77,0.0,3
2017-03-26 03:00:00,1.1,0,1022.6,0.0,3.2,80,0.0,3
2017-03-26 04:00:00,1.5,0,1022.3,0.0,2.8,83,0.0,3
2017-03-26 05:00:00,0.8,0,1022.0,0.0,2.1,85,0.0,3
2017-03-26 06:00:00,0.4,0,1022.1,0.0,1.9,86,0.0,3
2017-03-26 07:00:00,0.3,17,1021.9,27.8,2.7,85,0.0,3
2017-03-26 08:00:00,0.5,60,1021.9,186.1,6.5,67,69.1667,3
2017-03-26 09:00:00,1.9,60,1021.9,246.7,6.5,70,610.6666,3
2017-03-26 10:00:00,1.5,60,1021.5,411.3,8.9,63,694.8333,3
2017-03-26 11:00:00,1.6,60,1020.9,509.0,11.6,55,2760.3333,3
2017-03-26 12:00:00,2.0,60,1020.4,561.7,13.7,51,4936.1666,3
2017-03-26 13:00:00,1.3,60,1019.9,551.1,16.3,46,6137.1668,3
2017-03-26 14:00:00,3.4,60,1019.6,519.0,18.2,43,6514.0,3
2017-03-26 15:00:00,6.3,60,1019.3,455.3,19.7,40,6357.1666,3
2017-03-26 16:00:00,5.0,60,1018.9,382.5,19.8,39,5768.1666,3
2017-03-26 17:00:00,5.4,60,1019.1,308.6,19.0,39,3886.8334,3
2017-03-26 18:00:00,3.6,55,1019.4,136.2,16.9,44,1283.0001,3
2017-03-26 19:00:00,2.4,20,1020.0,10.2,15.7,47,781.4999,3
2017-03-26 20:00:00,2.3,0,1020.7,0.0,15.1,48,21.5,3
2017-03-26 21:00:00,2.8,0,1021.3,0.0,13.5,54,0.0,3
2017-03-26 22:00:00,1.9,0,1021.9,0.0,11.9,59,0.0,3
2017-03-26 23:00:00,1.3,0,1022.1,0.0,8.9,68,0.0,3
2017-03-27 00:00:00,0.4,0,1022.3,0.0,7.0,78,0.0,3
2017-03-27 01:00:00,1.0,0,1022.0,0.0,6.2,80,0.0,3
2017-03-27 02:00:00,1.8,0,1021.9,0.0,4.8,90,0.0,3
2017-03-27 03:00:00,0.9,0,1021.7,0.0,4.0,91,0.0,3
2017-03-27 04:00:00,0.8,0,1021.4,0.0,2.9,94,0.0,3
2017-03-27 05:00:00,0.3,0,1021.1,0.0,2.6,97,0.0,3
2017-03-27 06:00:00,0.3,0,1020.7,0.0,2.0,97,0.0,3
2017-03-27 07:00:00,0.4,15,1020.3,24.6,2.8,98,0.0,3
2017-03-27 08:00:00,1.1,51,1019.7,148.1,4.7,91,0.0,3
2017-03-27 09:00:00,2.1,60,1019.1,269.7,5.2,86,72.0,3
2017-03-27 10:00:00,2.3,60,1018.3,393.9,8.0,75,461.3333,3
2017-03-27 11:00:00,1.6,60,1017.9,420.4,9.7,69,2461.0,3
2017-03-27 12:00:00,1.6,51,1017.4,410.0,11.4,63,3561.3333,3
2017-03-27 13:00:00,1.4,42,1016.7,398.3,13.5,57,3162.3333,3
2017-03-27 14:00:00,2.7,60,1015.7,522.1,16.9,44,3976.9999,3
2017-03-27 15:00:00,3.6,60,1015.0,403.8,18.4,33,3071.6666,3
2017-03-27 16:00:00,4.9,60,1014.9,415.5,18.6,28,2039.5,3
2017-03-27 17:00:00,3.8,19,1014.9,176.2,17.3,30,1487.1667,3
2017-03-27 18:00:00,2.3,21,1015.1,91.3,16.2,32,762.8334,3
2017-03-27 19:00:00,1.3,6,1015.5,15.8,14.3,36,681.5,3
2017-03-27 20:00:00,1.4,0,1016.5,0.0,10.9,49,15.8333,3
2017-03-27 21:00:00,2.2,0,1017.5,0.0,9.6,53,0.0,3
2017-03-27 22:00:00,5.0,0,1018.1,0.0,9.6,50,0.0,3
2017-03-27 23:00:00,2.2,0,1018.6,0.0,8.4,53,0.0,3
2017-03-28 00:00:00,1.0,0,1019.0,0.0,7.3,54,0.0,3
2017-03-28 01:00:00,3.2,0,1019.2,0.0,5.9,60,0.0,3
2017-03-28 02:00:00,2.1,0,1019.5,0.0,5.2,62,0.0,3
2017-03-28 03:00:00,2.3,0,1019.7,0.0,4.8,64,0.0,3
2017-03-28 04:00:00,2.4,0,1019.7,0.0,4.5,66,0.0,3
2017-03-28 05:00:00,3.5,0,1019.7,0.0,4.8,64,0.0,3
2017-03-28 06:00:00,3.3,0,1020.0,0.0,4.9,63,0.0,3
2017-03-28 07:00:00,2.4,15,1020.4,20.7,4.2,65,0.0,3
2017-03-28 08:00:00,2.0,60,1020.6,155.4,6.9,51,0.0,3
2017-03-28 09:00:00,3.5,60,1020.6,290.0,7.5,47,0.0,3
2017-03-28 10:00:00,1.8,60,1020.2,402.0,9.0,47,170.6667,3
2017-03-28 11:00:00,1.0,60,1019.7,487.5,10.0,47,2731.3333,3
2017-03-28 12:00:00,1.7,60,1019.1,535.1,10.6,42,5705.0,3
2017-03-28 13:00:00,2.7,60,1018.2,563.0,11.1,41,6366.1666,3
2017-03-28 14:00:00,1.5,60,1017.5,548.0,12.2,40,6333.8334,3
2017-03-28 15:00:00,2.5,60,1016.8,488.5,11.7,42,6237.1668,3
2017-03-28 16:00:00,1.4,60,1016.3,239.8,10.7,44,4180.3332,3
2017-03-28 17:00:00,0.7,60,1015.7,174.1,11.2,41,3389.0,3
2017-03-28 18:00:00,1.3,43,1015.4,102.0,10.3,44,2570.6666,3
2017-03-28 19:00:00,3.9,0,1015.6,6.0,8.5,52,866.8334,3
2017-03-28 20:00:00,5.3,0,1015.7,0.0,7.5,52,9.8333,3
2017-03-28 21:00:00,6.0,0,1016.0,0.0,6.9,50,0.0,3
2017-03-28 22:00:00,4.7,0,1015.7,0.0,6.6,51,0.0,3
2017-03-28 23:00:00,3.2,0,1016.0,0.0,6.5,51,0.0,3
2017-03-29 00:00:00,3.0,0,1015.8,0.0,6.0,53,0.0,3
2017-03-29 01:00:00,3.6,0,1015.6,0.0,5.4,55,0.0,3
2017-03-29 02:00:00,3.5,0,1014.8,0.0,4.6,56,0.0,3
2017-03-29 03:00:00,4.4,0,1014.2,0.0,4.0,54,0.0,3
2017-03-29 04:00:00,3.9,0,1014.0,0.0,3.5,52,0.0,3
2017-03-29 05:00:00,4.7,0,1013.6,0.0,3.3,52,0.0,3
2017-03-29 06:00:00,4.5,0,1013.8,0.0,3.1,51,0.0,3
2017-03-29 07:00:00,4.7,0,1014.1,3.5,3.0,51,0.0,3
2017-03-29 08:00:00,4.0,0,1014.2,38.1,3.2,50,0.0,3
2017-03-29 09:00:00,3.2,0,1014.6,111.1,3.9,49,325.0834,3
2017-03-29 10:00:00,4.1,0,1015.3,181.3,4.0,48,965.9999,3
2017-03-29 11:00:00,4.5,0,1015.6,189.4,4.2,49,1124.3334,3
2017-03-29 12:00:00,3.1,0,1015.8,222.6,4.7,50,1215.8333,3
2017-03-29 13:00:00,2.9,0,1016.0,294.0,5.5,48,1661.8334,3
2017-03-29 14:00:00,2.7,0,1016.5,257.0,6.0,46,1887.0,3
2017-03-29 15:00:00,1.6,1,1016.4,246.1,6.5,46,2461.0001,3
2017-03-29 16:00:00,3.5,49,1016.5,245.8,7.0,45,3454.5001,3
2017-03-29 17:00:00,2.0,14,1017.0,158.9,6.9,45,2647.8333,3
2017-03-29 18:00:00,2.5,4,1017.6,60.6,6.0,50,1673.5,3
2017-03-29 19:00:00,1.1,17,1018.7,12.4,4.2,58,536.5001,3
2017-03-29 20:00:00,2.5,0,1019.7,0.0,2.5,64,21.6667,3
2017-03-29 21:00:00,2.8,0,1020.5,0.0,1.5,67,0.0,3
2017-03-29 22:00:00,2.1,0,1021.0,0.0,0.4,69,0.0,3
2017-03-29 23:00:00,2.9,0,1021.8,0.0,-0.1,71,0.0,3
2017-03-30 00:00:00,3.8,0,1021.6,0.0,1.7,53,0.0,3
2017-03-30 01:00:00,2.2,0,1021.9,0.0,2.0,49,0.0,3
2017-03-30 02:00:00,3.2,0,1021.6,0.0,2.2,47,0.0,3
2017-03-30 03:00:00,2.4,0,1021.4,0.0,2.0,49,0.0,3
2017-03-30 04:00:00,2.5,0,1021.1,0.0,1.9,50,0.0,3
2017-03-30 05:00:00,1.7,0,1020.6,0.0,1.8,51,0.0,3
2017-03-30 06:00:00,1.9,0,1020.1,0.0,1.8,54,0.0,3
2017-03-30 07:00:00,1.0,0,1019.7,10.0,2.1,54,0.0,3
2017-03-30 08:00:00,1.1,0,1019.3,34.7,2.6,60,0.0,3
2017-03-30 09:00:00,0.9,0,1018.5,58.8,3.4,67,424.3333,3
2017-03-30 10:00:00,2.7,0,1018.2,57.1,4.0,79,470.3334,3
2017-03-30 11:00:00,3.2,0,1017.3,28.3,2.7,93,437.0,3
2017-03-30 12:00:00,2.3,0,1016.7,30.4,2.2,96,252.3333,3
2017-03-30 13:00:00,3.1,0,1015.7,32.3,2.8,98,393.1666,3
2017-03-30 14:00:00,3.8,0,1014.7,37.1,3.0,97,481.1666,3
2017-03-30 15:00:00,3.4,0,1013.4,31.4,3.0,97,542.0,3
2017-03-30 16:00:00,3.1,0,1012.5,36.1,3.3,95,268.6667,3
2017-03-30 17:00:00,0.8,0,1011.5,22.7,3.5,98,529.5,3
2017-03-30 18:00:00,0.7,0,1011.0,10.2,3.6,99,201.1666,3
2017-03-30 19:00:00,0.7,0,1010.8,0.0,3.6,99,24.8334,3
2017-03-30 20:00:00,1.8,0,1010.8,0.0,3.3,98,0.0,3
2017-03-30 21:00:00,0.6,0,1010.7,0.0,3.4,99,0.0,3
2017-03-30 22:00:00,0.6,0,1011.0,0.0,3.5,99,0.0,3
2017-03-30 23:00:00,2.1,0,1011.2,0.0,3.7,99,0.0,3
2017-03-31 00:00:00,1.4,0,1011.4,0.0,3.7,96,0.0,3
2017-03-31 01:00:00,1.7,0,1011.8,0.0,3.7,94,0.0,3
2017-03-31 02:00:00,2.8,0,1012.0,0.0,2.8,95,0.0,3
2017-03-31 03:00:00,2.7,0,1011.9,0.0,2.6,95,0.0,3
2017-03-31 04:00:00,1.4,0,1012.5,0.0,2.6,95,0.0,3
2017-03-31 05:00:00,2.2,0,1012.6,0.0,2.4,94,0.0,3
2017-03-31 06:00:00,2.7,0,1013.0,0.0,2.4,95,0.0,3
2017-03-31 07:00:00,2.3,0,1013.3,6.8,2.4,94,0.0,3
2017-03-31 08:00:00,3.1,0,1013.3,54.4,2.2,93,0.0,3
2017-03-31 09:00:00,2.6,0,1013.5,97.0,2.5,91,357.5,3
2017-03-31 10:00:00,2.1,0,1014.0,100.0,2.7,91,633.3333,3
2017-03-31 11:00:00,3.1,0,1014.1,77.6,2.7,92,682.1667,3
2017-03-31 12:00:00,3.3,0,1014.2,83.6,2.7,93,604.0,3
2017-03-31 13:00:00,2.9,0,1013.7,99.9,3.1,95,905.1666,3
2017-03-31 14:00:00,3.5,0,1013.2,107.3,3.4,94,789.6667,3
2017-03-31 15:00:00,3.5,0,1012.7,85.4,3.6,94,907.1666,3
2017-03-31 16:00:00,2.8,0,1012.0,62.9,3.6,94,582.6667,3
2017-03-31 17:00:00,3.1,0,1011.4,40.0,3.5,94,367.1667,3
2017-03-31 18:00:00,3.1,0,1011.0,14.6,3.5,94,251.5,3
2017-03-31 19:00:00,2.9,0,1010.7,0.0,3.5,95,40.8333,3
2017-03-31 20:00:00,2.9,0,1010.3,0.0,3.7,95,0.0,3
2017-03-31 21:00:00,2.5,0,1009.7,0.0,3.7,94,0.0,3
2017-03-31 22:00:00,2.3,0,1008.9,0.0,3.9,95,0.0,3
2017-03-31 23:00:00,2.6,0,1008.3,0.0,3.9,96,0.0,3
2017-04-01 00:00:00,2.7,0,1007.4,0.0,3.8,98,0.0,4
2017-04-01 01:00:00,1.7,0,1007.0,0.0,3.8,99,0.0,4
2017-04-01 02:00:00,2.5,0,1006.1,0.0,3.6,98,0.0,4
2017-04-01 03:00:00,1.9,0,1005.4,0.0,4.0,97,0.0,4
2017-04-01 04:00:00,1.0,0,1005.6,0.0,3.9,98,0.0,4
2017-04-01 05:00:00,1.0,0,1005.2,0.0,3.7,99,0.0,4
2017-04-01 06:00:00,0.8,0,1004.9,0.0,3.8,100,0.0,4
2017-04-01 07:00:00,1.5,0,1005.1,4.9,4.0,100,0.0,4
2017-04-01 08:00:00,2.4,0,1005.3,36.2,4.1,100,0.0,4
2017-04-01 09:00:00,2.3,0,1005.6,57.3,4.3,100,389.8334,4
2017-04-01 10:00:00,1.9,0,1005.8,74.7,4.8,100,673.1667,4
2017-04-01 11:00:00,1.8,0,1005.8,105.1,5.6,100,979.5,4
2017-04-01 12:00:00,0.8,0,1006.0,136.9,6.4,95,1331.8333,4
2017-04-01 13:00:00,0.7,16,1005.4,327.4,10.6,81,3943.8334,4
2017-04-01 14:00:00,3.9,60,1005.0,548.2,11.2,77,3484.3332,4
2017-04-01 15:00:00,4.6,21,1005.0,241.3,10.2,81,4388.1668,4
2017-04-01 16:00:00,4.6,22,1004.9,250.0,9.2,84,4376.1666,4
2017-04-01 17:00:00,4.9,25,1004.9,192.6,8.9,85,3894.5001,4
2017-04-01 18:00:00,3.5,1,1005.2,68.5,8.6,87,2070.8334,4
2017-04-01 19:00:00,2.1,8,1005.7,21.0,7.7,90,941.1667,4
2017-04-01 20:00:00,0.9,0,1006.4,0.0,6.8,94,53.0,4
2017-04-01 21:00:00,1.4,0,1006.8,0.0,5.9,96,0.0,4
2017-04-01 22:00:00,2.0,0,1007.2,0.0,4.2,97,0.0,4
2017-04-01 23:00:00,0.5,0,1007.7,0.0,3.5,97,0.0,4
2017-04-02 00:00:00,0.6,0,1008.1,0.0,2.5,97,0.0,4
2017-04-02 01:00:00,1.5,0,1008.4,0.0,2.9,99,0.0,4
2017-04-02 02:00:00,1.5,0,1008.5,0.0,3.8,100,0.0,4
2017-04-02 03:00:00,0.6,0,1008.7,0.0,3.9,100,0.0,4
2017-04-02 04:00:00,1.2,0,1009.1,0.0,3.9,100,0.0,4
2017-04-02 05:00:00,1.1,0,1009.2,0.0,3.8,100,0.0,4
2017-04-02 06:00:00,1.1,0,1009.8,0.0,3.5,100,0.0,4
2017-04-02 07:00:00,0.8,0,1010.3,4.1,3.4,100,0.0,4
2017-04-02 08:00:00,0.4,0,1010.9,39.8,3.7,100,0.0,4
2017-04-02 09:00:00,0.7,0,1011.5,66.7,3.6,100,882.8333,4
2017-04-02 10:00:00,0.6,0,1012.1,186.0,4.5,100,1184.6667,4
2017-04-02 11:00:00,1.0,37,1012.4,341.4,7.2,87,4546.1668,4
2017-04-02 12:00:00,2.1,53,1012.4,411.8,9.1,75,4522.1667,4
2017-04-02 13:00:00,0.5,40,1012.4,544.8,12.3,64,5606.1664,4
2017-04-02 14:00:00,2.1,56,1012.4,538.8,13.8,55,5369.4999,4
2017-04-02 15:00:00,2.8,60,1012.4,506.8,14.6,52,5828.5,4
2017-04-02 16:00:00,2.6,60,1012.6,413.4,14.7,48,5968.1666,4
2017-04-02 17:00:00,2.1,30,1013.4,206.8,12.5,56,3825.8333,4
2017-04-02 18:00:00,1.2,39,1014.2,126.8,12.8,59,1019.0,4
2017-04-02 19:00:00,1.8,36,1015.2,29.0,10.2,73,292.4999,4
2017-04-02 20:00:00,1.8,0,1016.3,0.0,8.1,84,189.5,4
2017-04-02 21:00:00,1.6,0,1017.4,0.0,6.7,93,0.0,4
2017-04-02 22:00:00,1.4,0,1018.2,0.0,5.6,98,0.0,4
2017-04-02 23:00:00,0.4,0,1018.9,0.0,5.4,99,0.0,4
2017-04-03 00:00:00,0.3,0,1019.5,0.0,4.9,99,0.0,4
2017-04-03 01:00:00,0.6,0,1020.1,0.0,4.5,100,0.0,4
2017-04-03 02:00:00,0.6,0,1020.6,0.0,3.9,100,0.0,4
2017-04-03 03:00:00,0.5,0,1021.0,0.0,3.5,100,0.0,4
2017-04-03 04:00:00,0.9,0,1021.2,0.0,3.4,100,0.0,4
2017-04-03 05:00:00,1.4,0,1021.5,0.0,1.9,100,0.0,4
2017-04-03 06:00:00,0.2,0,1022.1,0.0,2.6,100,0.0,4
2017-04-03 07:00:00,1.0,0,1022.8,15.3,2.7,100,0.0,4
2017-04-03 08:00:00,0.4,0,1023.6,42.5,3.3,100,97.75,4
2017-04-03 09:00:00,0.7,0,1023.9,107.7,3.7,100,584.3332,4
2017-04-03 10:00:00,1.2,9,1023.9,221.1,5.8,97,1278.0,4
2017-04-03 11:00:00,1.8,60,1023.9,487.6,6.3,83,2538.8334,4
2017-04-03 12:00:00,1.6,60,1023.7,595.2,8.5,69,5737.1666,4
2017-04-03 13:00:00,1.8,57,1023.4,485.7,10.0,60,5934.6666,4
2017-04-03 14:00:00,2.4,60,1023.5,539.6,11.0,61,6226.1666,4
2017-04-03 15:00:00,3.0,60,1022.9,487.5,11.2,63,6280.4998,4
2017-04-03 16:00:00,4.0,60,1022.8,385.5,10.1,68,5761.1666,4
2017-04-03 17:00:00,4.2,60,1022.7,278.9,8.8,71,4306.8334,4
2017-04-03 18:00:00,3.5,56,1022.7,107.8,7.4,79,3330.1666,4
2017-04-03 19:00:00,3.0,6,1022.9,22.5,6.0,86,965.4999,4
2017-04-03 20:00:00,4.4,0,1023.4,0.0,4.1,97,58.8333,4
2017-04-03 21:00:00,3.7,0,1023.5,0.0,4.0,98,0.0,4
2017-04-03 22:00:00,4.1,0,1023.2,0.0,3.8,99,0.0,4
2017-04-03 23:00:00,3.9,0,1023.1,0.0,3.9,100,0.0,4
2017-04-04 00:00:00,3.1,0,1022.7,0.0,3.6,99,0.0,4
2017-04-04 01:00:00,3.1,0,1022.3,0.0,3.6,99,0.0,4
2017-04-04 02:00:00,2.3,0,1021.6,0.0,3.9,99,0.0,4
2017-04-04 03:00:00,3.7,0,1021.0,0.0,4.0,100,0.0,4
2017-04-04 04:00:00,4.3,0,1020.4,0.0,4.0,100,0.0,4
2017-04-04 05:00:00,3.3,0,1019.9,0.0,4.0,100,0.0,4
2017-04-04 06:00:00,4.1,0,1019.5,0.0,4.4,96,0.0,4
2017-04-04 07:00:00,3.4,0,1019.9,8.2,4.3,94,0.0,4
2017-04-04 08:00:00,2.9,0,1019.5,37.2,4.3,89,0.0,4
2017-04-04 09:00:00,3.9,0,1019.1,100.0,5.0,81,228.6667,4
2017-04-04 10:00:00,4.4,42,1019.0,325.0,7.0,69,1041.0,4
2017-04-04 11:00:00,5.5,30,1018.5,373.1,8.0,64,3069.8333,4
2017-04-04 12:00:00,6.3,7,1017.9,260.4,7.5,73,3598.6667,4
2017-04-04 13:00:00,7.3,0,1017.3,172.4,6.7,81,2740.6667,4
2017-04-04 14:00:00,5.5,0,1017.1,101.3,7.2,83,931.4999,4
2017-04-04 15:00:00,4.1,0,1016.5,89.8,7.1,85,690.6668,4
2017-04-04 16:00:00,4.6,7,1015.8,108.0,7.0,88,498.4999,4
2017-04-04 17:00:00,2.8,0,1015.2,57.3,7.2,88,544.8333,4
2017-04-04 18:00:00,3.9,0,1014.8,46.4,6.5,93,294.0,4
2017-04-04 19:00:00,2.0,0,1014.7,9.1,6.2,92,43.5,4
2017-04-04 20:00:00,3.6,0,1014.3,0.0,6.1,92,8.3333,4
2017-04-04 21:00:00,2.0,0,1014.0,0.0,4.7,96,0.0,4
2017-04-04 22:00:00,2.3,0,1013.2,0.0,4.3,93,0.0,4
2017-04-04 23:00:00,1.4,0,1012.7,0.0,3.8,85,0.0,4
2017-04-05 00:00:00,2.2,0,1011.9,0.0,4.8,75,0.0,4
2017-04-05 01:00:00,3.9,0,1011.0,0.0,5.0,68,0.0,4
2017-04-05 02:00:00,3.1,0,1010.1,0.0,5.1,68,0.0,4
2017-04-05 03:00:00,2.4,0,1009.8,0.0,4.7,73,0.0,4
2017-04-05 04:00:00,4.9,0,1008.8,0.0,4.1,74,0.0,4
2017-04-05 05:00:00,3.8,0,1008.1,0.0,3.9,79,0.0,4
2017-04-05 06:00:00,3.6,0,1007.8,0.0,4.0,80,0.0,4
2017-04-05 07:00:00,4.9,53,1006.9,79.2,4.8,76,0.0,4
2017-04-05 08:00:00,4.7,60,1006.3,214.3,6.4,58,0.0,4
2017-04-05 09:00:00,4.6,60,1005.1,351.1,7.6,50,0.0,4
2017-04-05 10:00:00,4.8,60,1004.2,457.8,8.5,49,614.5,4
2017-04-05 11:00:00,5.4,33,1003.2,322.5,9.1,47,3872.1666,4
2017-04-05 12:00:00,5.8,9,1002.6,292.2,10.3,38,4540.5001,4
2017-04-05 13:00:00,7.4,18,1002.3,373.6,9.8,41,1096.0,4
2017-04-05 14:00:00,6.4,44,1002.4,447.7,11.1,36,2537.5,4
2017-04-05 15:00:00,10.9,46,1004.3,425.7,7.2,58,4669.8334,4
2017-04-05 16:00:00,10.4,46,1004.6,295.5,10.0,36,3125.3333,4
2017-04-05 17:00:00,5.9,58,1006.4,276.4,9.7,39,1782.9999,4
2017-04-05 18:00:00,5.8,60,1008.0,175.4,9.4,36,2999.0,4
2017-04-05 19:00:00,5.5,57,1009.9,49.3,8.3,35,1432.8333,4
2017-04-05 20:00:00,4.2,0,1011.9,0.0,7.4,39,205.4999,4
2017-04-05 21:00:00,5.7,0,1013.0,0.0,7.2,41,0.0,4
2017-04-05 22:00:00,0.7,0,1014.1,0.0,5.4,48,0.0,4
2017-04-05 23:00:00,1.9,0,1015.2,0.0,5.0,49,0.0,4
2017-04-06 00:00:00,2.8,0,1015.5,0.0,3.8,54,0.0,4
2017-04-06 01:00:00,1.5,0,1015.9,0.0,2.7,59,0.0,4
2017-04-06 02:00:00,1.5,0,1016.5,0.0,1.4,66,0.0,4
2017-04-06 03:00:00,0.9,0,1016.5,0.0,1.1,70,0.0,4
2017-04-06 04:00:00,1.1,0,1016.5,0.0,1.1,72,0.0,4
2017-04-06 05:00:00,0.6,0,1016.3,0.0,1.0,74,0.0,4
2017-04-06 06:00:00,1.0,0,1016.5,0.3,1.4,74,0.0,4
2017-04-06 07:00:00,0.2,0,1016.0,36.1,2.7,70,0.0,4
2017-04-06 08:00:00,0.5,0,1016.0,46.4,3.8,64,379.3334,4
2017-04-06 09:00:00,1.1,0,1015.2,143.2,5.7,56,487.1666,4
2017-04-06 10:00:00,1.6,0,1014.6,115.1,5.3,61,1174.0,4
2017-04-06 11:00:00,2.4,0,1013.5,172.2,6.3,62,1078.5,4
2017-04-06 12:00:00,3.1,0,1012.4,232.2,7.3,57,1070.0,4
2017-04-06 13:00:00,4.1,2,1011.1,283.4,8.6,54,1537.5,4
2017-04-06 14:00:00,4.0,29,1009.7,356.3,10.0,50,1509.5,4
2017-04-06 15:00:00,2.8,24,1009.0,330.1,9.6,52,2468.0,4
2017-04-06 16:00:00,2.8,55,1008.2,368.3,11.3,48,2387.6667,4
2017-04-06 17:00:00,3.1,60,1007.6,252.0,10.9,51,4853.3332,4
2017-04-06 18:00:00,3.4,42,1007.6,139.0,9.6,60,3197.3334,4
2017-04-06 19:00:00,2.5,0,1007.5,29.3,9.1,64,883.3334,4
2017-04-06 20:00:00,0.8,0,1007.7,0.0,7.5,73,98.3333,4
2017-04-06 21:00:00,1.0,0,1007.9,0.0,5.6,81,0.0,4
2017-04-06 22:00:00,2.1,0,1008.0,0.0,5.3,83,0.0,4
2017-04-06 23:00:00,1.1,0,1007.9,0.0,4.7,85,0.0,4
2017-04-07 00:00:00,0.4,0,1008.1,0.0,4.0,88,0.0,4
2017-04-07 01:00:00,1.9,0,1008.1,0.0,3.4,89,0.0,4
2017-04-07 02:00:00,1.8,0,1008.0,0.0,2.9,89,0.0,4
2017-04-07 03:00:00,0.7,0,1007.9,0.0,2.1,92,0.0,4
2017-04-07 04:00:00,2.2,0,1007.5,0.0,2.4,91,0.0,4
2017-04-07 05:00:00,1.4,0,1007.6,0.0,1.7,93,0.0,4
2017-04-07 06:00:00,2.0,3,1007.9,4.5,2.3,90,0.0,4
2017-04-07 07:00:00,1.2,57,1008.4,86.3,6.1,78,0.0,4
2017-04-07 08:00:00,0.5,60,1009.0,218.6,9.1,64,89.5,4
2017-04-07 09:00:00,0.5,60,1009.4,329.0,11.6,57,465.5,4
2017-04-07 10:00:00,3.8,60,1009.8,451.7,14.0,39,696.3334,4
2017-04-07 11:00:00,2.3,60,1010.1,549.8,15.6,36,3863.3334,4
2017-04-07 12:00:00,2.3,58,1010.4,543.6,15.7,35,5622.9998,4
2017-04-07 13:00:00,2.0,46,1010.7,510.5,16.3,33,6461.5,4
2017-04-07 14:00:00,3.9,41,1010.9,403.2,15.2,34,3813.6667,4
2017-04-07 15:00:00,2.7,54,1010.9,480.5,17.1,31,3570.3333,4
2017-04-07 16:00:00,2.6,43,1010.9,339.9,17.6,31,3356.8333,4
2017-04-07 17:00:00,3.7,60,1011.2,328.7,16.9,31,4251.1667,4
2017-04-07 18:00:00,3.1,60,1011.7,162.4,15.7,32,3158.5,4
2017-04-07 19:00:00,2.3,29,1012.4,46.2,14.1,38,1452.3334,4
2017-04-07 20:00:00,3.9,0,1013.3,0.0,12.6,41,233.1667,4
2017-04-07 21:00:00,2.1,0,1014.0,0.0,9.9,50,0.0,4
2017-04-07 22:00:00,3.7,0,1014.4,0.0,9.8,49,0.0,4
2017-04-07 23:00:00,3.0,0,1014.6,0.0,9.4,50,0.0,4
2017-04-08 00:00:00,3.7,0,1015.0,0.0,8.7,55,0.0,4
2017-04-08 01:00:00,2.8,0,1015.1,0.0,8.4,58,0.0,4
2017-04-08 02:00:00,2.3,0,1015.0,0.0,7.5,62,0.0,4
2017-04-08 03:00:00,2.0,0,1014.8,0.0,6.2,67,0.0,4
2017-04-08 04:00:00,1.1,0,1014.4,0.0,4.6,74,0.0,4
2017-04-08 05:00:00,1.4,0,1014.6,0.0,4.0,77,0.0,4
2017-04-08 06:00:00,0.7,0,1014.5,4.0,3.7,79,0.0,4
2017-04-08 07:00:00,1.6,2,1014.4,56.7,5.4,73,0.0,4
2017-04-08 08:00:00,1.8,32,1014.4,149.8,7.3,67,306.8334,4
2017-04-08 09:00:00,1.2,60,1014.2,326.7,8.9,59,694.5001,4
2017-04-08 10:00:00,1.6,36,1014.4,330.6,9.5,57,1144.5001,4
2017-04-08 11:00:00,2.2,31,1014.1,366.4,11.8,53,2219.3333,4
2017-04-08 12:00:00,1.2,14,1014.0,337.6,12.5,51,3136.8334,4
2017-04-08 13:00:00,1.8,45,1013.4,440.1,14.5,46,3452.6666,4
2017-04-08 14:00:00,3.7,60,1013.2,548.8,15.3,37,4805.3334,4
2017-04-08 15:00:00,5.5,60,1013.2,413.3,13.9,38,4813.3332,4
2017-04-08 16:00:00,3.3,6,1013.2,240.0,13.0,40,3516.8333,4
2017-04-08 17:00:00,4.4,2,1013.4,167.1,12.0,43,2083.1667,4
2017-04-08 18:00:00,3.1,0,1013.4,80.3,11.3,44,1477.3333,4
2017-04-08 19:00:00,2.3,0,1013.7,23.3,10.5,46,483.1667,4
2017-04-08 20:00:00,1.1,0,1014.0,0.0,9.1,51,64.0,4
2017-04-08 21:00:00,2.1,0,1014.1,0.0,9.0,53,0.0,4
2017-04-08 22:00:00,2.0,0,1014.1,0.0,7.8,58,0.0,4
2017-04-08 23:00:00,0.7,0,1014.2,0.0,6.5,65,0.0,4
2017-04-09 00:00:00,1.4,0,1014.4,0.0,5.3,70,0.0,4
2017-04-09 01:00:00,0.4,0,1014.3,0.0,4.4,74,0.0,4
2017-04-09 02:00:00,0.9,0,1014.3,0.0,3.6,76,0.0,4
2017-04-09 03:00:00,1.7,0,1014.3,0.0,3.3,78,0.0,4
2017-04-09 04:00:00,0.7,0,1014.5,0.0,3.2,78,0.0,4
2017-04-09 05:00:00,0.5,0,1014.6,0.0,2.8,82,0.0,4
2017-04-09 06:00:00,1.6,0,1014.7,0.0,3.4,78,0.0,4
2017-04-09 07:00:00,1.5,0,1015.0,38.5,5.0,73,0.0,4
2017-04-09 08:00:00,0.9,0,1015.1,104.2,6.0,72,281.1666,4
2017-04-09 09:00:00,1.5,11,1015.1,214.4,8.6,60,850.1666,4
2017-04-09 10:00:00,2.3,60,1014.7,380.3,10.7,50,1718.1667,4
2017-04-09 11:00:00,3.5,60,1014.3,484.9,12.4,45,3545.5,4
2017-04-09 12:00:00,3.1,60,1013.5,536.3,13.3,40,4206.5001,4
2017-04-09 13:00:00,4.2,54,1012.9,511.9,13.9,40,5130.1668,4
2017-04-09 14:00:00,4.7,60,1012.3,514.7,14.2,41,4839.5,4
2017-04-09 15:00:00,6.1,60,1011.5,525.2,13.9,46,3903.3333,4
2017-04-09 16:00:00,6.0,60,1011.0,360.8,11.6,57,4735.3332,4
2017-04-09 17:00:00,5.6,60,1010.2,252.3,10.3,67,3639.5,4
2017-04-09 18:00:00,5.4,33,1010.0,134.1,7.8,84,2008.8333,4
2017-04-09 19:00:00,2.6,0,1009.4,15.5,7.2,91,986.0,4
2017-04-09 20:00:00,2.9,0,1008.8,0.0,7.1,93,13.8334,4
2017-04-09 21:00:00,3.8,0,1007.9,0.0,6.9,93,0.0,4
2017-04-09 22:00:00,3.3,0,1007.2,0.0,6.7,93,0.0,4
2017-04-09 23:00:00,3.9,0,1006.3,0.0,6.3,95,0.0,4
2017-04-10 00:00:00,3.2,0,1004.3,0.0,6.2,97,0.0,4
2017-04-10 01:00:00,4.0,0,1002.9,0.0,6.0,99,0.0,4
2017-04-10 02:00:00,3.5,0,1001.6,0.0,6.0,98,0.0,4
2017-04-10 03:00:00,3.2,0,1000.1,0.0,6.4,95,0.0,4
2017-04-10 04:00:00,2.5,0,998.8,0.0,6.6,94,0.0,4
2017-04-10 05:00:00,2.5,0,997.9,0.0,6.5,94,0.0,4
2017-04-10 06:00:00,2.1,0,997.2,0.0,6.5,96,0.0,4
2017-04-10 07:00:00,2.3,0,996.2,13.9,6.4,97,0.0,4
2017-04-10 08:00:00,2.0,5,996.5,100.7,6.7,97,132.0,4
2017-04-10 09:00:00,3.8,59,996.8,351.4,9.4,65,670.3334,4
2017-04-10 10:00:00,5.2,60,996.9,492.5,11.5,38,1150.6666,4
2017-04-10 11:00:00,8.0,60,997.5,598.3,12.1,31,4071.8333,4
2017-04-10 12:00:00,6.2,60,997.9,656.5,12.6,27,5785.1668,4
2017-04-10 13:00:00,6.4,46,998.4,554.2,12.3,29,6699.8334,4
2017-04-10 14:00:00,6.0,57,998.5,723.4,13.3,28,4705.8333,4
2017-04-10 15:00:00,7.1,38,998.9,435.1,12.3,28,4713.3332,4
2017-04-10 16:00:00,4.0,22,999.3,257.8,12.0,29,4151.1666,4
2017-04-10 17:00:00,6.5,33,999.8,228.7,12.3,29,5114.3333,4
2017-04-10 18:00:00,6.7,51,1000.5,189.8,10.3,34,2764.8332,4
2017-04-10 19:00:00,6.1,23,1001.2,51.3,9.0,35,1997.1667,4
2017-04-10 20:00:00,4.7,8,1002.1,1.9,7.9,35,268.8333,4
2017-04-10 21:00:00,6.9,0,1002.5,0.0,7.2,37,0.0,4
2017-04-10 22:00:00,5.7,0,1003.0,0.0,6.4,40,0.0,4
2017-04-10 23:00:00,2.9,0,1004.0,0.0,5.7,43,0.0,4
2017-04-11 00:00:00,0.7,0,1004.7,0.0,4.5,46,0.0,4
2017-04-11 01:00:00,2.6,0,1005.2,0.0,4.7,45,0.0,4
2017-04-11 02:00:00,2.4,0,1006.2,0.0,4.2,47,0.0,4
2017-04-11 03:00:00,5.3,0,1007.2,0.0,4.1,47,0.0,4
2017-04-11 04:00:00,3.1,0,1007.8,0.0,4.0,47,0.0,4
2017-04-11 05:00:00,2.8,0,1008.8,0.0,3.5,50,0.0,4
2017-04-11 06:00:00,2.8,0,1009.4,2.4,3.1,52,0.0,4
2017-04-11 07:00:00,1.6,58,1010.1,120.5,4.6,47,0.0,4
2017-04-11 08:00:00,3.6,60,1010.4,261.1,5.8,39,0.0,4
2017-04-11 09:00:00,5.2,60,1010.8,396.7,7.1,34,84.5,4
2017-04-11 10:00:00,4.1,60,1011.1,510.6,8.1,32,696.0,4
2017-04-11 11:00:00,3.5,56,1011.0,607.0,8.9,28,4703.8332,4
2017-04-11 12:00:00,2.2,47,1010.8,604.6,9.8,26,4716.9999,4
2017-04-11 13:00:00,3.1,29,1010.8,509.7,9.3,26,5541.9998,4
2017-04-11 14:00:00,3.9,38,1010.4,530.5,9.8,22,6397.8334,4
2017-04-11 15:00:00,3.5,54,1010.0,379.0,9.9,23,3146.8333,4
2017-04-11 16:00:00,2.8,60,1009.0,469.0,10.6,23,3271.6666,4
2017-04-11 17:00:00,3.2,60,1008.3,344.8,10.1,26,3957.0,4
2017-04-11 18:00:00,3.4,19,1007.6,128.2,9.1,28,2170.8333,4
2017-04-11 19:00:00,2.1,0,1007.1,23.1,8.1,29,743.3333,4
2017-04-11 20:00:00,1.6,0,1006.6,0.0,7.0,37,96.1666,4
2017-04-11 21:00:00,0.9,0,1005.8,0.0,6.3,40,0.0,4
2017-04-11 22:00:00,0.3,0,1004.8,0.0,5.8,41,0.0,4
2017-04-11 23:00:00,1.0,0,1004.2,0.0,4.3,55,0.0,4
2017-04-12 00:00:00,1.7,0,1003.1,0.0,5.0,56,0.0,4
2017-04-12 01:00:00,4.9,0,1002.1,0.0,4.7,73,0.0,4
2017-04-12 02:00:00,3.1,0,1000.9,0.0,4.2,83,0.0,4
2017-04-12 03:00:00,3.3,0,1000.0,0.0,2.9,93,0.0,4
2017-04-12 04:00:00,1.3,0,999.4,0.0,1.6,95,0.0,4
2017-04-12 05:00:00,0.3,0,998.4,0.0,1.6,97,0.0,4
2017-04-12 06:00:00,1.3,0,998.0,0.3,1.8,96,0.0,4
2017-04-12 07:00:00,0.7,0,997.5,59.0,2.7,91,0.0,4
2017-04-12 08:00:00,1.6,0,997.3,109.6,3.3,84,149.1667,4
2017-04-12 09:00:00,1.5,3,997.3,190.4,3.9,77,868.6666,4
2017-04-12 10:00:00,0.8,18,997.3,331.2,5.7,71,1409.8333,4
2017-04-12 11:00:00,0.9,22,996.9,343.9,6.7,67,3911.9999,4
2017-04-12 12:00:00,2.3,48,996.6,561.7,7.8,64,3846.8333,4
2017-04-12 13:00:00,2.6,33,996.5,446.9,8.0,67,3863.3334,4
2017-04-12 14:00:00,1.9,60,995.9,716.0,8.6,62,4103.3333,4
2017-04-12 15:00:00,2.6,59,995.5,597.0,8.8,61,5208.6667,4
2017-04-12 16:00:00,2.5,19,995.8,276.8,7.8,69,5982.5,4
2017-04-12 17:00:00,2.8,14,995.7,157.7,7.5,75,1165.3333,4
2017-04-12 18:00:00,3.3,0,995.8,39.6,6.0,87,554.1667,4
2017-04-12 19:00:00,2.0,0,996.2,2.4,5.9,84,416.8333,4
2017-04-12 20:00:00,2.8,0,996.6,0.0,5.2,87,36.875,4
2017-04-12 21:00:00,1.9,0,996.9,0.0,4.9,92,0.0,4
2017-04-12 22:00:00,3.0,0,997.1,0.0,4.9,86,0.0,4
2017-04-12 23:00:00,3.0,0,997.4,0.0,4.7,87,0.0,4
2017-04-13 00:00:00,3.7,0,997.8,0.0,4.2,88,0.0,4
2017-04-13 01:00:00,2.6,0,998.2,0.0,4.0,88,0.0,4
2017-04-13 02:00:00,2.2,0,998.5,0.0,3.8,90,0.0,4
2017-04-13 03:00:00,2.4,0,998.9,0.0,3.7,89,0.0,4
2017-04-13 04:00:00,2.0,0,999.4,0.0,3.6,91,0.0,4
2017-04-13 05:00:00,1.7,0,999.9,0.0,3.4,89,0.0,4
2017-04-13 06:00:00,1.7,0,1000.7,0.0,2.8,92,0.0,4
2017-04-13 07:00:00,2.6,0,1001.5,8.8,1.8,96,0.0,4
2017-04-13 08:00:00,2.3,0,1002.1,41.3,2.3,91,0.0,4
2017-04-13 09:00:00,2.3,0,1002.5,47.1,2.4,87,458.5,4
2017-04-13 10:00:00,1.7,0,1002.9,77.4,2.5,87,663.8333,4
2017-04-13 11:00:00,1.9,0,1003.1,125.5,2.9,89,1179.1667,4
2017-04-13 12:00:00,3.2,0,1002.8,101.4,3.3,86,1448.3334,4
2017-04-13 13:00:00,3.5,0,1002.8,152.2,3.4,85,1496.6666,4
2017-04-13 14:00:00,3.5,0,1002.8,120.9,3.1,90,2118.0,4
2017-04-13 15:00:00,3.0,0,1002.3,92.3,3.1,92,999.1666,4
2017-04-13 16:00:00,2.3,0,1002.0,61.2,3.3,94,704.6668,4
2017-04-13 17:00:00,3.0,0,1001.4,37.6,3.4,93,614.6667,4
2017-04-13 18:00:00,4.2,0,1001.3,13.6,2.7,94,227.3333,4
2017-04-13 19:00:00,4.3,0,1001.4,1.4,1.8,96,102.6666,4
2017-04-13 20:00:00,1.9,0,1001.2,0.0,1.6,98,0.0,4
2017-04-13 21:00:00,1.4,0,1000.8,0.0,1.7,97,0.0,4
2017-04-13 22:00:00,0.6,0,1000.6,0.0,1.8,97,0.0,4
2017-04-13 23:00:00,1.0,0,1000.6,0.0,1.9,97,0.0,4
2017-04-14 00:00:00,0.8,0,1000.5,0.0,1.9,98,0.0,4
2017-04-14 01:00:00,1.1,0,1000.7,0.0,1.8,89,0.0,4
2017-04-14 02:00:00,1.3,0,1001.1,0.0,1.0,86,0.0,4
2017-04-14 03:00:00,1.2,0,1001.3,0.0,0.5,89,0.0,4
2017-04-14 04:00:00,0.6,0,1001.8,0.0,-0.1,91,0.0,4
2017-04-14 05:00:00,2.3,0,1002.1,0.0,0.4,86,0.0,4
2017-04-14 06:00:00,4.2,0,1002.7,10.1,0.7,83,0.0,4
2017-04-14 07:00:00,5.9,1,1003.7,44.5,0.4,90,0.0,4
2017-04-14 08:00:00,4.7,0,1005.3,47.2,-0.1,88,105.1667,4
2017-04-14 09:00:00,3.0,0,1006.4,94.9,-0.2,84,221.8332,4
2017-04-14 10:00:00,3.5,0,1007.4,132.1,0.3,78,429.9999,4
2017-04-14 11:00:00,4.3,4,1008.3,311.3,0.8,75,875.3334,4
2017-04-14 12:00:00,3.9,5,1009.0,268.8,0.4,78,1459.1667,4
2017-04-14 13:00:00,2.7,2,1009.5,233.9,1.2,74,1558.1667,4
2017-04-14 14:00:00,2.7,0,1009.9,216.8,1.4,76,2335.6666,4
2017-04-14 15:00:00,3.4,0,1010.3,217.2,1.5,68,2009.8333,4
2017-04-14 16:00:00,2.7,0,1010.2,180.9,2.3,65,2010.1667,4
2017-04-14 17:00:00,3.9,39,1010.2,226.0,2.6,62,1464.6666,4
2017-04-14 18:00:00,4.6,45,1010.3,212.3,1.9,65,1794.5,4
2017-04-14 19:00:00,2.6,57,1010.7,80.3,1.3,69,969.8334,4
2017-04-14 20:00:00,1.5,4,1011.3,0.5,0.4,75,112.6667,4
2017-04-14 21:00:00,0.7,0,1011.6,0.0,-0.9,82,0.0,4
2017-04-14 22:00:00,0.2,0,1011.7,0.0,-1.2,86,0.0,4
2017-04-14 23:00:00,1.4,0,1011.8,0.0,-1.3,86,0.0,4
2017-04-15 00:00:00,0.9,0,1011.7,0.0,-2.1,89,0.0,4
2017-04-15 01:00:00,1.8,0,1011.5,0.0,-2.9,92,0.0,4
2017-04-15 02:00:00,2.5,0,1011.2,0.0,-3.2,92,0.0,4
2017-04-15 03:00:00,2.0,0,1010.9,0.0,-3.4,91,0.0,4
2017-04-15 04:00:00,1.3,0,1010.7,0.0,-3.9,91,0.0,4
2017-04-15 05:00:00,2.3,0,1010.4,0.0,-4.2,91,0.0,4
2017-04-15 06:00:00,2.0,1,1010.2,23.9,-2.9,89,0.0,4
2017-04-15 07:00:00,1.1,53,1010.0,130.1,-1.1,82,24.5,4
2017-04-15 08:00:00,1.1,60,1010.0,231.8,-0.1,72,485.0,4
2017-04-15 09:00:00,2.0,60,1009.6,304.9,0.5,69,919.1666,4
2017-04-15 10:00:00,1.6,20,1009.3,273.2,0.5,68,1879.1667,4
2017-04-15 11:00:00,2.2,0,1009.1,190.9,0.8,64,3686.8332,4
2017-04-15 12:00:00,2.6,0,1008.9,199.1,1.4,63,1283.3332,4
2017-04-15 13:00:00,2.2,0,1008.9,217.9,1.5,60,1383.1667,4
2017-04-15 14:00:00,2.4,0,1008.9,198.3,1.7,62,1708.4999,4
2017-04-15 15:00:00,3.0,0,1008.8,163.0,1.7,61,1669.5,4
2017-04-15 16:00:00,3.5,0,1008.8,130.9,1.7,60,1414.0,4
2017-04-15 17:00:00,2.3,0,1008.9,100.5,1.7,58,1451.8334,4
2017-04-15 18:00:00,0.8,0,1009.0,69.5,1.8,59,756.6667,4
2017-04-15 19:00:00,1.9,0,1009.3,21.7,1.7,61,528.8334,4
2017-04-15 20:00:00,2.7,0,1009.7,0.0,1.4,59,54.4999,4
2017-04-15 21:00:00,1.8,0,1010.1,0.0,0.1,72,0.0,4
2017-04-15 22:00:00,2.4,0,1010.3,0.0,-1.0,80,0.0,4
2017-04-15 23:00:00,2.2,0,1010.5,0.0,-1.6,81,0.0,4
2017-04-16 00:00:00,2.7,0,1011.2,0.0,-1.9,80,0.0,4
2017-04-16 01:00:00,2.9,0,1011.5,0.0,-2.0,81,0.0,4
2017-04-16 02:00:00,3.0,0,1011.8,0.0,-2.0,82,0.0,4
2017-04-16 03:00:00,1.9,0,1012.0,0.0,-2.6,86,0.0,4
2017-04-16 04:00:00,2.0,0,1012.3,0.0,-2.6,86,0.0,4
2017-04-16 05:00:00,2.4,0,1012.5,0.0,-2.3,84,0.0,4
2017-04-16 06:00:00,1.8,0,1012.8,13.4,-2.0,84,0.0,4
2017-04-16 07:00:00,1.2,0,1013.1,77.7,-0.5,77,33.75,4
2017-04-16 08:00:00,0.7,0,1013.5,131.2,0.5,70,537.6667,4
2017-04-16 09:00:00,1.1,0,1013.8,150.8,1.1,68,1257.6667,4
2017-04-16 10:00:00,1.8,0,1013.7,191.1,2.0,63,1957.8334,4
2017-04-16 11:00:00,1.7,0,1013.8,177.0,2.6,56,4790.3334,4
2017-04-16 12:00:00,2.2,0,1013.9,237.3,3.2,57,2448.6667,4
2017-04-16 13:00:00,1.2,0,1013.8,275.9,4.0,51,2713.8333,4
2017-04-16 14:00:00,0.8,0,1013.8,194.2,3.9,51,2614.0,4
2017-04-16 15:00:00,1.8,0,1013.7,221.3,4.5,57,1981.6667,4
2017-04-16 16:00:00,1.4,0,1013.5,199.7,4.6,54,1503.8334,4
2017-04-16 17:00:00,2.7,13,1013.4,194.9,4.9,56,1372.8333,4
2017-04-16 18:00:00,1.3,0,1013.3,111.5,4.5,58,662.0,4
2017-04-16 19:00:00,2.5,0,1013.6,37.3,4.2,57,404.6667,4
2017-04-16 20:00:00,3.2,0,1014.1,0.0,3.5,66,166.8333,4
2017-04-16 21:00:00,3.0,0,1014.5,0.0,3.0,67,0.0,4
2017-04-16 22:00:00,2.2,0,1014.9,0.0,2.7,66,0.0,4
2017-04-16 23:00:00,2.8,0,1015.5,0.0,2.3,66,0.0,4
2017-04-17 00:00:00,2.4,0,1016.2,0.0,0.7,83,0.0,4
2017-04-17 01:00:00,2.2,0,1016.6,0.0,-0.2,92,0.0,4
2017-04-17 02:00:00,2.3,0,1016.5,0.0,0.1,83,0.0,4
2017-04-17 03:00:00,3.0,0,1016.8,0.0,0.4,81,0.0,4
2017-04-17 04:00:00,3.0,0,1017.0,0.0,0.2,83,0.0,4
2017-04-17 05:00:00,2.4,0,1017.3,0.0,0.6,78,0.0,4
2017-04-17 06:00:00,2.8,0,1017.7,17.6,0.5,78,0.0,4
2017-04-17 07:00:00,2.2,5,1018.2,87.7,1.0,72,139.0,4
2017-04-17 08:00:00,2.7,39,1018.6,198.8,2.3,61,548.1666,4
2017-04-17 09:00:00,3.6,30,1019.1,264.3,2.8,55,849.0,4
2017-04-17 10:00:00,3.6,49,1019.3,326.7,3.2,47,1770.8334,4
2017-04-17 11:00:00,3.1,23,1019.7,364.9,3.6,44,3259.6666,4
2017-04-17 12:00:00,3.0,26,1020.2,396.2,3.9,44,3088.5,4
2017-04-17 13:00:00,3.6,0,1020.5,274.9,4.1,42,4955.6668,4
2017-04-17 14:00:00,2.2,1,1020.8,320.2,4.7,41,4433.5001,4
2017-04-17 15:00:00,2.9,2,1021.1,276.7,4.7,40,2169.0,4
2017-04-17 16:00:00,2.8,0,1021.4,214.9,4.9,40,2622.6666,4
2017-04-17 17:00:00,3.7,0,1021.9,135.3,4.6,40,1667.3333,4
2017-04-17 18:00:00,2.5,0,1022.5,84.0,4.4,43,1018.3334,4
2017-04-17 19:00:00,2.4,0,1023.3,41.5,3.4,46,1025.3334,4
2017-04-17 20:00:00,2.5,0,1024.6,3.8,2.0,55,353.3333,4
2017-04-17 21:00:00,2.9,0,1025.5,0.0,0.9,63,2.1667,4
2017-04-17 22:00:00,3.2,0,1026.2,0.0,0.5,66,0.0,4
2017-04-17 23:00:00,3.1,0,1027.0,0.0,0.2,67,0.0,4
2017-04-18 00:00:00,3.4,0,1027.8,0.0,0.4,67,0.0,4
2017-04-18 01:00:00,2.9,0,1028.3,0.0,0.0,68,0.0,4
2017-04-18 02:00:00,2.7,0,1028.8,0.0,-0.5,71,0.0,4
2017-04-18 03:00:00,2.0,0,1029.5,0.0,-0.6,71,0.0,4
2017-04-18 04:00:00,2.0,0,1030.4,0.0,-1.4,75,0.0,4
2017-04-18 05:00:00,3.1,0,1031.1,0.0,-1.5,77,0.0,4
2017-04-18 06:00:00,2.3,23,1031.7,30.8,-0.8,73,0.0,4
2017-04-18 07:00:00,2.0,60,1032.1,156.7,1.1,61,0.0,4
2017-04-18 08:00:00,1.3,60,1032.6,297.9,2.1,54,291.6666,4
2017-04-18 09:00:00,1.5,60,1032.7,431.5,3.1,53,354.1668,4
2017-04-18 10:00:00,1.8,60,1033.0,552.5,4.2,49,1342.4999,4
2017-04-18 11:00:00,3.0,47,1033.1,617.2,4.0,49,4757.8334,4
2017-04-18 12:00:00,2.1,45,1033.0,550.5,6.1,50,6369.8334,4
2017-04-18 13:00:00,1.4,20,1032.8,387.3,5.9,45,4915.9998,4
2017-04-18 14:00:00,1.6,39,1032.9,456.9,5.3,45,3331.8332,4
2017-04-18 15:00:00,0.8,15,1032.6,285.8,6.1,44,3776.8334,4
2017-04-18 16:00:00,2.0,26,1032.4,304.5,6.9,43,3492.0,4
2017-04-18 17:00:00,2.0,51,1032.3,363.9,6.9,37,2423.5001,4
2017-04-18 18:00:00,2.1,24,1032.3,149.1,7.0,31,3017.5,4
2017-04-18 19:00:00,1.1,59,1032.5,106.0,6.5,34,1661.6667,4
2017-04-18 20:00:00,0.9,4,1033.1,2.4,3.0,56,486.3333,4
2017-04-18 21:00:00,2.0,0,1033.5,0.0,1.2,66,3.0,4
2017-04-18 22:00:00,2.3,0,1033.6,0.0,0.3,70,0.0,4
2017-04-18 23:00:00,2.8,0,1033.9,0.0,-0.3,73,0.0,4
2017-04-19 00:00:00,2.5,0,1034.2,0.0,-0.7,75,0.0,4
2017-04-19 01:00:00,1.6,0,1034.3,0.0,-1.4,79,0.0,4
2017-04-19 02:00:00,1.9,0,1034.3,0.0,-1.3,78,0.0,4
2017-04-19 03:00:00,1.5,0,1034.2,0.0,-2.0,81,0.0,4
2017-04-19 04:00:00,0.7,0,1034.4,0.0,-2.4,82,0.0,4
2017-04-19 05:00:00,1.1,0,1034.5,0.0,-2.7,84,0.0,4
2017-04-19 06:00:00,2.2,37,1034.3,41.8,-1.5,78,0.0,4
2017-04-19 07:00:00,0.6,60,1034.3,160.1,1.8,66,0.0,4
2017-04-19 08:00:00,0.9,59,1034.2,284.5,3.0,61,0.0,4
2017-04-19 09:00:00,1.9,60,1034.0,406.3,4.3,57,202.8333,4
2017-04-19 10:00:00,2.2,60,1033.7,555.7,5.9,52,1471.1666,4
2017-04-19 11:00:00,3.4,60,1032.8,636.4,7.3,41,4483.0,4
2017-04-19 12:00:00,4.0,60,1032.3,720.3,8.6,37,6167.8334,4
2017-04-19 13:00:00,4.2,59,1031.8,651.6,9.2,32,6691.8334,4
2017-04-19 14:00:00,4.0,60,1031.2,554.0,9.7,32,5663.0,4
2017-04-19 15:00:00,5.2,60,1030.5,580.5,9.7,35,5533.1668,4
2017-04-19 16:00:00,4.5,60,1029.9,421.9,9.6,35,4976.3332,4
2017-04-19 17:00:00,4.3,58,1029.5,290.7,10.0,34,4199.3332,4
2017-04-19 18:00:00,3.7,60,1029.2,214.3,9.5,34,3428.8333,4
2017-04-19 19:00:00,3.7,26,1029.1,58.7,8.4,38,2190.0,4
2017-04-19 20:00:00,2.0,0,1029.0,5.2,6.9,45,381.3334,4
2017-04-19 21:00:00,2.1,0,1028.7,0.0,5.8,49,2.8333,4
2017-04-19 22:00:00,2.1,0,1028.7,0.0,4.9,52,0.0,4
2017-04-19 23:00:00,1.5,0,1028.4,0.0,3.9,58,0.0,4
2017-04-20 00:00:00,1.1,0,1027.8,0.0,3.7,65,0.0,4
2017-04-20 01:00:00,0.9,0,1027.2,0.0,3.1,67,0.0,4
2017-04-20 02:00:00,0.9,0,1026.6,0.0,2.4,70,0.0,4
2017-04-20 03:00:00,1.1,0,1025.9,0.0,2.1,73,0.0,4
2017-04-20 04:00:00,1.7,0,1025.0,0.0,2.9,76,0.0,4
2017-04-20 05:00:00,1.3,0,1024.3,0.0,3.3,79,0.0,4
2017-04-20 06:00:00,1.5,0,1023.5,8.9,3.9,80,0.0,4
2017-04-20 07:00:00,1.9,0,1022.9,31.5,4.5,83,0.0,4
2017-04-20 08:00:00,2.4,0,1022.2,59.8,4.9,82,22.5,4
2017-04-20 09:00:00,3.1,0,1021.4,74.6,5.8,79,518.5,4
2017-04-20 10:00:00,3.0,0,1020.6,112.1,6.8,73,696.6666,4
2017-04-20 11:00:00,3.0,0,1019.4,190.6,8.6,64,1103.6667,4
2017-04-20 12:00:00,5.9,0,1018.4,188.4,9.8,57,1406.8333,4
2017-04-20 13:00:00,3.6,0,1017.6,165.7,10.3,59,994.3333,4
2017-04-20 14:00:00,3.8,0,1017.0,150.0,10.0,66,1118.8333,4
2017-04-20 15:00:00,3.6,0,1016.1,126.2,9.5,71,1016.1667,4
2017-04-20 16:00:00,3.7,0,1015.3,128.5,10.5,65,792.8334,4
2017-04-20 17:00:00,2.0,1,1014.4,149.5,10.7,67,829.3333,4
2017-04-20 18:00:00,0.9,27,1013.9,151.2,10.3,70,1308.0001,4
2017-04-20 19:00:00,2.3,21,1013.7,88.4,11.0,65,1358.6667,4
2017-04-20 20:00:00,2.8,16,1013.3,17.5,10.9,47,315.5,4
2017-04-20 21:00:00,3.1,0,1013.7,0.0,10.1,43,22.6667,4
2017-04-20 22:00:00,4.8,0,1013.4,0.0,8.4,43,0.0,4
2017-04-20 23:00:00,2.3,0,1012.9,0.0,7.6,46,0.0,4
2017-04-21 00:00:00,3.2,0,1012.4,0.0,7.0,46,0.0,4
2017-04-21 01:00:00,4.3,0,1011.4,0.0,7.5,45,0.0,4
2017-04-21 02:00:00,2.6,0,1010.9,0.0,6.4,54,0.0,4
2017-04-21 03:00:00,1.2,0,1010.5,0.0,4.9,60,0.0,4
2017-04-21 04:00:00,1.6,0,1009.8,0.0,3.5,67,0.0,4
2017-04-21 05:00:00,1.2,0,1009.0,0.0,2.8,71,0.0,4
2017-04-21 06:00:00,0.5,44,1008.3,49.5,3.6,69,0.0,4
2017-04-21 07:00:00,4.9,60,1007.6,173.4,7.6,54,0.0,4
2017-04-21 08:00:00,5.1,60,1007.1,316.8,8.9,48,0.0,4
2017-04-21 09:00:00,5.0,57,1006.4,432.5,11.1,37,68.1667,4
2017-04-21 10:00:00,5.0,26,1005.7,320.4,10.8,35,1519.3334,4
2017-04-21 11:00:00,7.9,47,1005.0,566.2,11.5,30,2536.5,4
2017-04-21 12:00:00,9.3,48,1004.4,599.2,10.9,30,6980.5,4
2017-04-21 13:00:00,8.7,29,1003.5,471.8,11.5,30,6279.6666,4
2017-04-21 14:00:00,7.6,47,1003.4,574.4,9.7,43,5915.1666,4
2017-04-21 15:00:00,6.6,43,1002.7,453.1,9.6,37,4466.5,4
2017-04-21 16:00:00,6.1,46,1001.8,337.2,9.9,31,5638.5001,4
2017-04-21 17:00:00,7.2,23,1001.8,211.2,8.1,38,4742.3333,4
2017-04-21 18:00:00,5.3,29,1002.2,151.2,7.5,41,1280.6667,4
2017-04-21 19:00:00,9.7,36,1002.7,86.9,6.6,35,1734.0,4
2017-04-21 20:00:00,4.8,24,1004.1,14.8,5.2,40,408.3333,4
2017-04-21 21:00:00,5.4,0,1004.7,0.0,4.5,40,15.0,4
2017-04-21 22:00:00,4.0,0,1005.1,0.0,4.1,41,0.0,4
2017-04-21 23:00:00,3.0,0,1005.2,0.0,3.6,43,0.0,4
2017-04-22 00:00:00,3.3,0,1005.0,0.0,3.9,43,0.0,4
2017-04-22 01:00:00,6.1,0,1005.0,0.0,4.4,42,0.0,4
2017-04-22 02:00:00,4.9,0,1005.3,0.0,4.9,42,0.0,4
2017-04-22 03:00:00,4.5,0,1005.7,0.0,4.7,43,0.0,4
2017-04-22 04:00:00,3.9,0,1006.1,0.0,4.2,45,0.0,4
2017-04-22 05:00:00,0.8,0,1007.2,0.0,3.5,47,0.0,4
2017-04-22 06:00:00,3.0,0,1007.8,39.4,4.7,41,0.0,4
2017-04-22 07:00:00,4.0,5,1008.5,120.6,5.7,38,136.3333,4
2017-04-22 08:00:00,4.5,33,1009.3,186.5,6.3,35,661.3334,4
2017-04-22 09:00:00,5.6,60,1009.7,406.9,7.5,31,1138.5001,4
2017-04-22 10:00:00,8.1,59,1010.1,554.8,8.3,29,2084.8334,4
2017-04-22 11:00:00,7.3,59,1010.3,671.1,9.4,26,4705.1665,4
2017-04-22 12:00:00,9.2,45,1010.3,584.8,9.4,23,4816.0002,4
2017-04-22 13:00:00,7.0,51,1010.2,611.1,10.1,22,4597.8333,4
2017-04-22 14:00:00,5.9,52,1010.0,576.0,10.8,20,5152.4999,4
2017-04-22 15:00:00,5.6,51,1010.3,483.0,9.9,23,4709.3332,4
2017-04-22 16:00:00,4.6,50,1009.9,473.3,11.0,28,6460.8332,4
2017-04-22 17:00:00,3.0,40,1010.2,276.3,9.4,32,3301.8332,4
2017-04-22 18:00:00,4.2,55,1010.0,268.8,9.2,30,2641.3333,4
2017-04-22 19:00:00,4.2,48,1010.1,102.7,8.7,28,1927.6666,4
2017-04-22 20:00:00,3.9,18,1010.5,14.8,7.0,36,543.1667,4
2017-04-22 21:00:00,4.2,0,1010.7,0.0,6.2,41,10.6667,4
2017-04-22 22:00:00,3.4,0,1010.7,0.0,5.3,43,0.0,4
2017-04-22 23:00:00,0.7,0,1010.9,0.0,3.2,51,0.0,4
2017-04-23 00:00:00,1.1,0,1011.0,0.0,2.3,56,0.0,4
2017-04-23 01:00:00,0.6,0,1011.0,0.0,1.0,60,0.0,4
2017-04-23 02:00:00,1.1,0,1010.9,0.0,0.8,62,0.0,4
2017-04-23 03:00:00,1.0,0,1010.9,0.0,0.3,66,0.0,4
2017-04-23 04:00:00,0.3,0,1011.2,0.0,-0.8,71,0.0,4
2017-04-23 05:00:00,1.8,0,1011.2,0.0,-0.1,65,0.0,4
2017-04-23 06:00:00,1.7,17,1011.3,39.2,0.7,61,0.0,4
2017-04-23 07:00:00,1.7,31,1011.3,94.5,1.7,53,42.0,4
2017-04-23 08:00:00,2.6,60,1011.4,332.0,5.4,35,188.6667,4
2017-04-23 09:00:00,5.7,60,1011.1,473.5,6.3,29,214.1666,4
2017-04-23 10:00:00,5.9,60,1011.1,597.2,7.0,27,1612.4999,4
2017-04-23 11:00:00,2.8,55,1010.5,680.5,8.9,26,4895.3335,4
2017-04-23 12:00:00,3.1,8,1010.5,293.3,7.5,27,6694.6666,4
2017-04-23 13:00:00,2.7,18,1010.1,393.2,8.3,24,3491.0001,4
2017-04-23 14:00:00,3.2,41,1010.1,444.1,8.0,28,4299.1666,4
2017-04-23 15:00:00,4.5,15,1009.6,270.1,8.4,25,2376.9999,4
2017-04-23 16:00:00,3.2,9,1009.6,217.2,7.6,25,4282.0001,4
2017-04-23 17:00:00,4.0,13,1009.4,167.2,7.7,25,3419.8334,4
2017-04-23 18:00:00,2.4,34,1009.2,180.9,8.3,23,3583.3334,4
2017-04-23 19:00:00,1.4,49,1009.3,125.5,7.3,25,2437.6667,4
2017-04-23 20:00:00,2.6,0,1009.3,4.1,5.8,31,587.1667,4
2017-04-23 21:00:00,3.6,0,1009.1,0.0,5.3,36,1.8333,4
2017-04-23 22:00:00,1.2,0,1008.7,0.0,4.3,42,0.0,4
2017-04-23 23:00:00,0.4,0,1008.3,0.0,4.0,45,0.0,4
2017-04-24 00:00:00,1.1,0,1007.5,0.0,3.2,50,0.0,4
2017-04-24 01:00:00,0.7,0,1006.5,0.0,2.7,56,0.0,4
2017-04-24 02:00:00,1.0,0,1005.1,0.0,2.7,57,0.0,4
2017-04-24 03:00:00,4.4,0,1003.9,0.0,3.1,71,0.0,4
2017-04-24 04:00:00,2.1,0,1002.2,0.0,1.3,91,0.0,4
2017-04-24 05:00:00,2.3,0,1000.4,0.0,0.4,98,0.0,4
2017-04-24 06:00:00,1.9,0,998.5,0.0,0.6,98,0.0,4
2017-04-24 07:00:00,3.3,0,997.0,5.9,0.7,97,0.0,4
2017-04-24 08:00:00,2.7,0,995.7,25.4,0.5,98,0.0,4
2017-04-24 09:00:00,3.3,0,994.3,59.2,1.0,96,0.0,4
2017-04-24 10:00:00,3.9,0,993.5,116.4,1.4,94,0.0,4
2017-04-24 11:00:00,4.5,0,992.8,169.9,1.7,92,495.25,4
2017-04-24 12:00:00,4.9,0,992.6,286.3,2.2,90,1299.6667,4
2017-04-24 13:00:00,4.6,0,992.0,337.2,2.5,90,1781.8333,4
2017-04-24 14:00:00,4.3,0,991.7,185.8,2.1,91,2370.8333,4
2017-04-24 15:00:00,4.1,0,991.3,122.3,1.9,93,1994.5,4
2017-04-24 16:00:00,4.7,0,991.0,88.6,1.8,92,1781.8333,4
2017-04-24 17:00:00,4.7,0,990.8,67.4,1.8,91,1190.1667,4
2017-04-24 18:00:00,6.1,0,990.7,41.7,1.5,92,625.0,4
2017-04-24 19:00:00,7.0,0,990.9,35.2,1.2,93,393.3332,4
2017-04-24 20:00:00,8.6,0,991.0,2.8,1.7,87,76.5,4
2017-04-24 21:00:00,6.6,0,991.3,0.0,0.9,93,0.0,4
2017-04-24 22:00:00,7.7,0,991.8,0.0,1.2,89,0.0,4
2017-04-24 23:00:00,7.7,0,992.0,0.0,1.6,81,0.0,4
2017-04-25 00:00:00,6.7,0,992.6,0.0,1.2,86,0.0,4
2017-04-25 01:00:00,6.8,0,993.1,0.0,0.9,89,0.0,4
2017-04-25 02:00:00,6.8,0,993.3,0.0,1.1,85,0.0,4
2017-04-25 03:00:00,4.9,0,994.0,0.0,1.0,85,0.0,4
2017-04-25 04:00:00,5.4,0,994.3,0.0,0.9,82,0.0,4
2017-04-25 05:00:00,5.1,0,994.9,0.0,0.7,84,0.0,4
2017-04-25 06:00:00,6.7,0,995.3,34.0,1.1,79,0.0,4
2017-04-25 07:00:00,7.5,0,996.0,76.4,1.1,81,0.0,4
2017-04-25 08:00:00,7.5,34,996.5,302.2,2.7,70,0.0,4
2017-04-25 09:00:00,6.8,27,997.2,265.1,2.6,69,271.25,4
2017-04-25 10:00:00,4.5,7,997.8,275.1,3.5,66,1981.6667,4
2017-04-25 11:00:00,6.5,52,998.3,480.6,3.9,64,4066.3334,4
2017-04-25 12:00:00,5.1,15,998.6,432.4,5.2,58,5043.3333,4
2017-04-25 13:00:00,6.0,10,998.9,401.6,5.4,55,4816.5001,4
2017-04-25 14:00:00,4.8,16,999.5,414.2,6.2,54,4696.5001,4
2017-04-25 15:00:00,4.7,8,999.9,282.6,5.3,62,3490.6666,4
2017-04-25 16:00:00,6.0,45,1000.5,360.3,6.1,58,3371.3334,4
2017-04-25 17:00:00,5.1,42,1000.9,260.9,6.5,54,3070.0,4
2017-04-25 18:00:00,6.2,46,1001.3,206.4,5.9,55,2501.0,4
2017-04-25 19:00:00,5.2,34,1001.9,100.1,4.8,57,2720.4999,4
2017-04-25 20:00:00,5.6,19,1002.5,17.3,4.3,57,821.8334,4
2017-04-25 21:00:00,4.8,0,1003.0,0.0,3.7,57,18.8333,4
2017-04-25 22:00:00,5.2,0,1003.5,0.0,3.5,56,0.0,4
2017-04-25 23:00:00,6.0,0,1003.8,0.0,3.3,53,0.0,4
2017-04-26 00:00:00,6.5,0,1004.3,0.0,2.7,54,0.0,4
2017-04-26 01:00:00,5.8,0,1004.8,0.0,2.5,55,0.0,4
2017-04-26 02:00:00,6.4,0,1005.0,0.0,2.3,55,0.0,4
2017-04-26 03:00:00,7.2,0,1005.5,0.0,2.2,54,0.0,4
2017-04-26 04:00:00,5.5,0,1005.8,0.0,1.8,52,0.0,4
2017-04-26 05:00:00,5.4,0,1006.3,0.0,1.5,51,0.0,4
2017-04-26 06:00:00,4.1,56,1006.9,77.4,2.4,48,0.0,4
2017-04-26 07:00:00,2.9,60,1007.5,209.3,3.8,44,0.0,4
2017-04-26 08:00:00,6.8,60,1007.4,353.5,4.5,40,0.0,4
2017-04-26 09:00:00,5.5,60,1007.6,492.6,5.5,38,111.6666,4
2017-04-26 10:00:00,4.0,60,1007.6,608.1,6.9,39,2178.5,4
2017-04-26 11:00:00,5.1,60,1007.8,694.1,7.4,34,5040.0,4
2017-04-26 12:00:00,3.9,55,1007.7,707.4,7.5,35,7070.5,4
2017-04-26 13:00:00,4.0,28,1007.5,469.4,8.2,29,6457.5001,4
2017-04-26 14:00:00,4.2,35,1007.6,512.0,8.0,33,7451.3334,4
2017-04-26 15:00:00,2.5,42,1007.1,525.6,9.2,30,4485.5,4
2017-04-26 16:00:00,3.1,18,1007.3,277.8,8.0,33,5651.5001,4
2017-04-26 17:00:00,3.7,49,1007.4,364.6,7.7,33,3612.6668,4
2017-04-26 18:00:00,3.2,16,1007.3,145.1,7.8,37,3841.1665,4
2017-04-26 19:00:00,3.0,46,1007.7,109.5,6.8,39,1712.5,4
2017-04-26 20:00:00,3.3,4,1007.7,12.8,5.5,45,582.3333,4
2017-04-26 21:00:00,2.9,0,1007.9,0.0,3.9,55,12.3333,4
2017-04-26 22:00:00,2.7,0,1007.9,0.0,3.2,58,0.0,4
2017-04-26 23:00:00,2.3,0,1008.0,0.0,1.9,64,0.0,4
2017-04-27 00:00:00,1.9,0,1007.9,0.0,0.5,73,0.0,4
2017-04-27 01:00:00,2.5,0,1008.0,0.0,-0.2,75,0.0,4
2017-04-27 02:00:00,2.9,0,1007.7,0.0,-0.4,76,0.0,4
2017-04-27 03:00:00,2.7,0,1007.4,0.0,-0.3,75,0.0,4
2017-04-27 04:00:00,1.5,0,1007.1,0.0,-0.7,78,0.0,4
2017-04-27 05:00:00,0.6,0,1007.2,0.0,-1.1,80,0.0,4
2017-04-27 06:00:00,0.2,0,1007.2,37.3,-0.2,76,0.0,4
2017-04-27 07:00:00,1.7,0,1007.3,85.2,1.7,70,232.8334,4
2017-04-27 08:00:00,2.4,0,1007.4,149.7,3.3,60,758.0,4
2017-04-27 09:00:00,3.2,0,1007.9,211.0,3.7,57,1301.0,4
2017-04-27 10:00:00,3.7,0,1008.0,313.6,4.9,54,1947.9999,4
2017-04-27 11:00:00,4.0,2,1008.4,354.4,5.4,52,2744.0,4
2017-04-27 12:00:00,4.2,0,1008.6,393.3,5.8,50,2839.3334,4
2017-04-27 13:00:00,4.1,11,1008.7,379.6,5.9,51,3218.5001,4
2017-04-27 14:00:00,2.6,60,1008.6,704.3,7.3,48,5147.8333,4
2017-04-27 15:00:00,2.1,18,1008.8,306.5,6.8,47,5235.4999,4
2017-04-27 16:00:00,2.7,1,1009.0,149.8,6.7,45,3417.3334,4
2017-04-27 17:00:00,1.7,3,1009.1,177.9,6.9,51,3867.0001,4
2017-04-27 18:00:00,1.8,10,1009.5,92.9,6.1,48,1042.5,4
2017-04-27 19:00:00,2.4,22,1010.2,84.3,4.7,71,780.0,4
2017-04-27 20:00:00,1.2,32,1010.9,35.6,3.5,76,525.6667,4
2017-04-27 21:00:00,1.9,0,1011.7,0.0,2.5,83,40.8334,4
2017-04-27 22:00:00,1.9,0,1012.3,0.0,1.8,86,0.0,4
2017-04-27 23:00:00,2.6,0,1012.3,0.0,1.4,85,0.0,4
2017-04-28 00:00:00,2.4,0,1012.8,0.0,0.8,87,0.0,4
2017-04-28 01:00:00,4.7,0,1013.1,0.0,1.3,79,0.0,4
2017-04-28 02:00:00,4.2,0,1013.8,0.0,1.3,66,0.0,4
2017-04-28 03:00:00,5.7,0,1013.8,0.0,1.5,61,0.0,4
2017-04-28 04:00:00,6.5,0,1013.7,0.0,1.6,62,0.0,4
2017-04-28 05:00:00,5.8,0,1014.5,2.9,1.6,61,0.0,4
2017-04-28 06:00:00,4.9,0,1014.7,29.2,2.1,59,0.0,4
2017-04-28 07:00:00,5.6,0,1015.3,75.7,2.1,66,199.3333,4
2017-04-28 08:00:00,6.9,0,1015.7,144.0,2.5,70,599.3333,4
2017-04-28 09:00:00,6.2,0,1016.3,192.5,1.8,86,878.1666,4
2017-04-28 10:00:00,6.5,1,1016.1,214.8,3.6,78,997.3334,4
2017-04-28 11:00:00,7.5,24,1016.1,429.5,5.5,66,2608.6667,4
2017-04-28 12:00:00,6.8,0,1016.1,335.8,6.5,62,3723.1668,4
2017-04-28 13:00:00,5.5,0,1016.1,260.9,7.1,58,2258.1666,4
2017-04-28 14:00:00,6.8,0,1016.4,162.4,6.1,67,1670.6666,4
2017-04-28 15:00:00,6.3,0,1016.7,95.6,4.8,81,882.5,4
2017-04-28 16:00:00,4.9,0,1016.8,71.9,5.3,80,562.6667,4
2017-04-28 17:00:00,5.3,0,1017.4,39.7,4.5,86,459.5,4
2017-04-28 18:00:00,4.9,0,1017.8,47.6,4.4,88,437.8333,4
2017-04-28 19:00:00,5.3,0,1017.8,24.4,5.0,81,222.4999,4
2017-04-28 20:00:00,6.3,0,1018.3,1.9,5.6,70,151.1667,4
2017-04-28 21:00:00,6.0,0,1018.9,0.0,5.5,69,0.0,4
2017-04-28 22:00:00,7.1,0,1019.5,0.0,5.2,68,0.0,4
2017-04-28 23:00:00,6.6,0,1020.2,0.0,5.1,64,0.0,4
2017-04-29 00:00:00,6.4,0,1020.8,0.0,4.7,64,0.0,4
2017-04-29 01:00:00,5.8,0,1021.4,0.0,3.8,66,0.0,4
2017-04-29 02:00:00,5.5,0,1021.9,0.0,3.3,67,0.0,4
2017-04-29 03:00:00,4.9,0,1022.5,0.0,2.5,69,0.0,4
2017-04-29 04:00:00,4.5,0,1023.2,0.0,1.7,71,0.0,4
2017-04-29 05:00:00,4.0,5,1023.7,6.1,1.1,71,0.0,4
2017-04-29 06:00:00,4.3,60,1023.8,92.0,1.7,67,0.0,4
2017-04-29 07:00:00,5.5,60,1023.7,220.4,2.8,63,0.0,4
2017-04-29 08:00:00,4.4,60,1023.7,364.3,4.0,57,225.0001,4
2017-04-29 09:00:00,5.4,60,1023.6,504.6,4.9,54,342.5,4
2017-04-29 10:00:00,4.7,60,1023.4,618.1,6.5,50,2365.8333,4
2017-04-29 11:00:00,4.8,60,1023.1,702.2,7.6,43,4954.1666,4
2017-04-29 12:00:00,4.0,54,1022.7,691.1,8.6,41,6729.3332,4
2017-04-29 13:00:00,3.9,51,1022.4,717.2,8.9,40,5852.1668,4
2017-04-29 14:00:00,3.5,26,1022.3,456.3,9.4,35,4964.6669,4
2017-04-29 15:00:00,1.4,20,1022.1,267.9,9.2,35,3683.6667,4
2017-04-29 16:00:00,3.4,25,1021.9,318.8,9.2,33,4923.3334,4
2017-04-29 17:00:00,2.6,28,1021.8,292.4,9.2,33,2835.8333,4
2017-04-29 18:00:00,2.3,30,1021.4,187.8,9.9,31,2868.4999,4
2017-04-29 19:00:00,1.4,57,1021.4,142.4,9.5,31,1582.0,4
2017-04-29 20:00:00,1.4,48,1021.5,35.9,6.5,49,893.3334,4
2017-04-29 21:00:00,1.2,0,1021.8,0.0,3.8,59,103.8334,4
2017-04-29 22:00:00,3.0,0,1022.0,0.0,4.2,53,0.0,4
2017-04-29 23:00:00,2.0,0,1022.3,0.0,4.0,53,0.0,4
2017-04-30 00:00:00,3.0,0,1022.6,0.0,4.0,54,0.0,4
2017-04-30 01:00:00,3.4,0,1022.8,0.0,3.5,56,0.0,4
2017-04-30 02:00:00,2.4,0,1023.0,0.0,2.1,62,0.0,4
2017-04-30 03:00:00,1.7,0,1023.3,0.0,0.6,70,0.0,4
2017-04-30 04:00:00,2.0,0,1023.3,0.0,-0.5,77,0.0,4
2017-04-30 05:00:00,1.5,9,1023.4,4.7,-0.6,77,0.0,4
2017-04-30 06:00:00,0.8,60,1023.1,90.6,0.3,74,0.0,4
2017-04-30 07:00:00,0.5,60,1022.7,221.8,4.4,55,0.0,4
2017-04-30 08:00:00,2.1,60,1022.5,365.5,5.6,47,168.2501,4
2017-04-30 09:00:00,1.8,60,1022.2,499.1,7.0,48,304.0001,4
2017-04-30 10:00:00,2.4,60,1021.8,612.9,8.4,46,2466.8333,4
2017-04-30 11:00:00,3.1,60,1021.3,698.9,9.4,41,4836.3332,4
2017-04-30 12:00:00,3.6,60,1020.7,749.0,10.7,37,6626.3332,4
2017-04-30 13:00:00,5.3,60,1020.3,800.0,11.8,35,6895.5,4
2017-04-30 14:00:00,5.5,30,1019.9,449.2,12.0,36,5258.0001,4
2017-04-30 15:00:00,3.5,58,1019.7,622.0,12.5,34,4813.3333,4
2017-04-30 16:00:00,5.0,60,1019.6,573.4,12.0,39,4563.1666,4
2017-04-30 17:00:00,4.6,60,1019.6,429.6,11.0,44,5624.0001,4
2017-04-30 18:00:00,4.0,56,1019.9,258.4,9.9,51,4239.0,4
2017-04-30 19:00:00,3.7,60,1020.3,145.3,9.0,56,2467.5,4
2017-04-30 20:00:00,2.7,45,1020.9,36.1,7.7,64,706.8333,4
2017-04-30 21:00:00,3.9,0,1021.5,0.0,6.8,74,70.1667,4
2017-04-30 22:00:00,2.4,0,1022.1,0.0,5.8,80,0.0,4
2017-04-30 23:00:00,1.7,0,1022.7,0.0,4.9,85,0.0,4
2017-05-01 00:00:00,1.3,0,1023.3,0.0,4.1,92,0.0,5
2017-05-01 01:00:00,0.5,0,1023.5,0.0,2.2,92,0.0,5
2017-05-01 02:00:00,0.8,0,1023.9,0.0,3.2,93,0.0,5
2017-05-01 03:00:00,0.7,0,1024.1,0.0,4.0,95,0.0,5
2017-05-01 04:00:00,1.1,0,1024.4,0.0,3.6,97,0.0,5
2017-05-01 05:00:00,1.4,0,1024.7,0.0,3.4,99,0.0,5
2017-05-01 06:00:00,0.9,0,1025.5,8.8,3.1,100,0.0,5
2017-05-01 07:00:00,0.7,0,1026.0,37.0,3.5,99,260.6667,5
2017-05-01 08:00:00,1.0,0,1026.4,115.9,4.5,91,721.1667,5
2017-05-01 09:00:00,1.6,0,1027.0,235.0,5.2,85,1386.1667,5
2017-05-01 10:00:00,2.4,30,1027.4,378.6,6.0,82,2786.5,5
2017-05-01 11:00:00,1.6,60,1027.2,689.2,9.1,67,4863.1668,5
2017-05-01 12:00:00,3.3,60,1027.1,751.8,11.8,43,5439.6667,5
2017-05-01 13:00:00,3.3,60,1026.8,756.6,12.0,39,7217.8332,5
2017-05-01 14:00:00,3.7,60,1026.5,730.2,13.2,30,7229.9998,5
2017-05-01 15:00:00,2.4,60,1026.1,665.4,13.3,32,7109.8334,5
2017-05-01 16:00:00,2.9,60,1026.1,561.0,13.9,30,6460.3334,5
2017-05-01 17:00:00,1.9,60,1026.0,437.4,14.1,23,5469.1668,5
2017-05-01 18:00:00,2.2,60,1025.9,289.9,13.3,27,4156.4999,5
2017-05-01 19:00:00,1.2,60,1026.1,145.9,13.0,28,2474.5001,5
2017-05-01 20:00:00,1.0,36,1026.5,32.2,9.9,45,687.3333,5
2017-05-01 21:00:00,2.6,0,1027.4,0.0,7.1,54,64.3333,5
2017-05-01 22:00:00,2.6,0,1027.6,0.0,5.8,60,0.0,5
2017-05-01 23:00:00,1.9,0,1028.1,0.0,5.1,61,0.0,5
2017-05-02 00:00:00,1.5,0,1028.6,0.0,4.0,67,0.0,5
2017-05-02 01:00:00,1.7,0,1029.1,0.0,3.1,72,0.0,5
2017-05-02 02:00:00,1.9,0,1029.3,0.0,2.9,72,0.0,5
2017-05-02 03:00:00,2.1,0,1029.4,0.0,3.1,71,0.0,5
2017-05-02 04:00:00,2.3,0,1029.6,0.0,2.4,74,0.0,5
2017-05-02 05:00:00,1.6,14,1029.7,10.0,2.3,74,0.0,5
2017-05-02 06:00:00,0.8,60,1030.2,103.2,3.9,67,0.0,5
2017-05-02 07:00:00,1.0,60,1030.5,235.2,7.4,53,0.0,5
2017-05-02 08:00:00,0.8,60,1030.8,373.7,9.6,47,59.3333,5
2017-05-02 09:00:00,1.4,60,1031.0,506.2,11.9,43,313.3333,5
2017-05-02 10:00:00,1.9,60,1030.9,618.7,13.7,36,937.0,5
2017-05-02 11:00:00,2.5,60,1030.8,701.7,15.0,29,48.5,5
2017-05-02 12:00:00,2.6,60,1030.4,749.8,16.5,30,0.0,5
2017-05-02 13:00:00,1.2,60,1030.1,757.2,16.9,30,0.0,5
2017-05-02 14:00:00,1.7,60,1029.6,730.2,17.7,25,0.0,5
2017-05-02 15:00:00,2.1,60,1029.2,653.4,17.8,24,0.0,5
2017-05-02 16:00:00,3.2,60,1028.8,553.1,18.4,23,0.0,5
2017-05-02 17:00:00,1.0,60,1028.7,429.7,18.7,23,0.0,5
2017-05-02 18:00:00,3.4,60,1028.6,299.6,18.3,13,0.0,5
2017-05-02 19:00:00,4.2,60,1029.2,164.1,17.0,22,0.0,5
2017-05-02 20:00:00,3.3,55,1029.9,44.1,14.0,27,0.0,5
2017-05-02 21:00:00,5.5,0,1030.6,0.0,12.0,35,0.0,5
2017-05-02 22:00:00,5.8,0,1031.2,0.0,12.1,32,0.0,5
2017-05-02 23:00:00,6.7,0,1031.8,0.0,11.7,31,0.0,5
2017-05-16 00:00:00,2.6,0,1029.0,0.0,6.7,94,0.0,5
2017-05-16 01:00:00,2.8,0,1029.0,0.0,6.5,96,0.0,5
2017-05-16 02:00:00,2.8,0,1029.0,0.0,6.3,96,0.0,5
2017-05-16 03:00:00,2.2,0,1029.0,0.0,6.0,97,0.0,5
2017-05-16 04:00:00,2.4,0,1028.8,0.0,5.8,99,0.0,5
2017-05-16 05:00:00,1.7,0,1028.9,0.0,5.8,99,0.0,5
2017-05-16 06:00:00,2.5,0,1028.8,11.9,5.7,99,0.0,5
2017-05-16 07:00:00,2.1,0,1029.1,35.6,5.9,98,0.0,5
2017-05-16 08:00:00,2.3,0,1029.0,45.9,6.0,97,0.0,5
2017-05-16 09:00:00,1.9,0,1028.8,68.8,6.4,96,0.0,5
2017-05-16 10:00:00,2.5,0,1028.3,64.1,6.8,95,0.0,5
2017-05-16 11:00:00,2.4,0,1028.3,120.4,7.3,94,0.0,5
2017-05-16 12:00:00,2.6,0,1027.6,115.5,7.9,94,0.0,5
2017-05-16 13:00:00,2.0,0,1027.2,68.6,8.5,94,0.0,5
2017-05-16 14:00:00,1.9,0,1026.7,48.2,8.7,97,0.0,5
2017-05-16 15:00:00,1.9,0,1026.1,36.4,9.0,98,0.0,5
2017-05-16 16:00:00,2.5,0,1025.4,32.4,9.8,98,0.0,5
2017-05-16 17:00:00,2.3,0,1024.8,22.5,9.9,99,0.0,5
2017-05-16 18:00:00,3.3,0,1024.1,15.1,9.9,99,0.0,5
2017-05-16 19:00:00,3.0,0,1023.4,10.7,9.9,100,0.0,5
2017-05-16 20:00:00,2.4,0,1022.9,3.6,10.0,100,0.0,5
2017-05-16 21:00:00,2.8,0,1022.5,0.0,10.0,100,0.0,5
2017-05-16 22:00:00,2.1,0,1022.1,0.0,9.7,100,0.0,5
2017-05-16 23:00:00,3.5,0,1021.6,0.0,9.7,100,0.0,5
2017-05-24 00:00:00,1.8,0,1012.3,0.0,9.3,79,0.0,5
2017-05-24 01:00:00,2.5,0,1012.3,0.0,8.7,80,0.0,5
2017-05-24 02:00:00,2.2,0,1012.5,0.0,8.1,82,0.0,5
2017-05-24 03:00:00,1.8,0,1012.8,0.0,7.1,86,0.0,5
2017-05-24 04:00:00,2.2,0,1012.7,0.0,7.3,85,0.0,5
2017-05-24 05:00:00,2.0,20,1012.4,39.2,8.5,81,0.0,5
2017-05-24 06:00:00,1.1,60,1012.6,174.9,11.1,73,0.0,5
2017-05-24 07:00:00,0.7,60,1013.3,304.1,13.7,62,0.0,5
2017-05-24 08:00:00,0.9,60,1013.5,437.9,14.7,54,0.0,5
2017-05-24 09:00:00,2.0,60,1013.4,564.0,16.0,52,0.0,5
2017-05-24 10:00:00,2.6,60,1013.1,670.0,17.5,44,0.0,5
2017-05-24 11:00:00,2.4,60,1013.2,751.1,19.2,38,0.0,5
2017-05-24 12:00:00,2.4,60,1012.8,793.6,20.4,42,0.0,5
2017-05-24 13:00:00,2.5,60,1012.5,800.7,20.5,41,0.0,5
2017-05-24 14:00:00,3.6,57,1012.2,714.2,21.2,44,5312.1666,5
2017-05-24 15:00:00,3.1,51,1012.0,607.5,22.2,39,6942.6666,5
2017-05-24 16:00:00,5.0,58,1011.9,640.7,20.9,44,5435.6666,5
2017-05-24 17:00:00,4.1,50,1012.1,402.3,19.7,48,5865.8334,5
2017-05-24 18:00:00,2.6,26,1012.2,181.0,19.3,50,4531.8333,5
2017-05-24 19:00:00,2.2,20,1012.3,129.0,17.5,55,2840.4167,5
2017-05-24 20:00:00,1.3,53,1012.7,102.2,16.2,62,1028.3333,5
2017-05-24 21:00:00,2.0,2,1013.1,5.9,16.2,44,271.6667,5
2017-05-24 22:00:00,0.9,0,1013.6,0.0,14.4,49,12.3333,5
2017-05-24 23:00:00,1.9,0,1014.4,0.0,13.5,49,0.0,5
2017-05-25 00:00:00,2.6,0,1015.0,0.0,12.7,52,0.0,5
2017-05-25 01:00:00,1.3,0,1015.6,0.0,11.7,58,0.0,5
2017-05-25 02:00:00,0.6,0,1016.1,0.0,10.8,62,0.0,5
2017-05-25 03:00:00,1.6,0,1016.4,0.0,10.3,64,0.0,5
2017-05-25 04:00:00,4.1,0,1016.3,0.0,9.9,65,0.0,5
2017-05-25 05:00:00,3.6,10,1016.4,39.3,11.4,57,0.0,5
2017-05-25 06:00:00,1.9,36,1016.8,137.7,11.8,61,76.8333,5
2017-05-25 07:00:00,1.8,48,1016.8,275.6,13.7,51,526.6667,5
2017-05-25 08:00:00,2.3,52,1016.5,432.6,15.2,50,803.3333,5
2017-05-25 09:00:00,2.6,20,1016.4,327.9,14.7,49,1414.0001,5
2017-05-25 10:00:00,2.4,0,1016.4,212.3,14.7,46,1867.3333,5
2017-05-25 11:00:00,3.7,27,1016.0,458.1,16.8,46,2306.3334,5
2017-05-25 12:00:00,2.8,60,1015.2,659.9,17.9,43,3905.5,5
2017-05-25 13:00:00,2.0,28,1014.7,521.6,18.7,44,4533.0,5
2017-05-25 14:00:00,3.1,37,1014.2,532.7,19.5,47,5142.3333,5
2017-05-25 15:00:00,3.8,50,1013.8,521.3,19.6,46,3426.4999,5
2017-05-25 16:00:00,2.2,60,1013.4,578.9,21.1,45,2911.1667,5
2017-05-25 17:00:00,4.3,58,1012.8,434.5,22.4,40,3628.0,5
2017-05-25 18:00:00,3.7,38,1013.2,246.7,21.1,39,2322.8334,5
2017-05-25 19:00:00,4.1,41,1013.4,166.8,20.8,40,1184.0,5
2017-05-25 20:00:00,5.2,58,1013.8,95.8,19.4,43,1052.0,5
2017-05-25 21:00:00,3.5,26,1014.9,20.4,17.8,48,341.8334,5
2017-05-25 22:00:00,5.2,0,1015.3,0.0,16.7,51,61.5,5
2017-05-25 23:00:00,1.7,0,1016.2,0.0,16.0,53,0.0,5
2017-05-26 00:00:00,1.8,0,1016.9,0.0,14.7,58,0.0,5
2017-05-26 01:00:00,0.7,0,1017.7,0.0,13.4,63,0.0,5
2017-05-26 02:00:00,3.6,0,1018.1,0.0,13.1,65,0.0,5
2017-05-26 03:00:00,1.0,0,1018.6,0.0,12.3,68,0.0,5
2017-05-26 04:00:00,0.7,0,1019.1,0.0,10.5,79,0.0,5
2017-05-26 05:00:00,1.8,0,1019.5,28.2,11.9,75,0.0,5
2017-05-26 06:00:00,0.6,14,1019.8,86.5,13.9,69,215.9999,5
2017-05-26 07:00:00,0.6,60,1019.8,267.5,17.4,55,478.1666,5
2017-05-26 08:00:00,1.6,60,1020.1,446.6,17.5,58,419.9999,5
2017-05-26 09:00:00,2.5,60,1020.2,557.4,18.2,49,1511.5,5
2017-05-26 10:00:00,2.4,60,1019.9,620.9,19.5,50,2921.0001,5
2017-05-26 11:00:00,2.8,60,1019.6,732.9,20.7,47,4024.6666,5
2017-05-26 12:00:00,2.9,60,1019.2,783.5,21.0,45,6070.5,5
2017-05-26 13:00:00,3.5,60,1018.9,790.7,22.6,44,6822.0,5
2017-05-26 14:00:00,3.5,60,1018.5,761.2,23.2,43,6995.5,5
2017-05-26 15:00:00,5.2,60,1018.6,693.4,22.2,46,6747.8336,5
2017-05-26 16:00:00,3.9,60,1018.3,601.3,22.2,46,6233.3332,5
2017-05-26 17:00:00,4.5,60,1017.9,485.9,21.7,45,5408.5,5
2017-05-26 18:00:00,3.7,60,1017.9,359.0,20.7,47,4252.8335,5
2017-05-26 19:00:00,3.6,60,1017.7,228.1,20.1,48,2769.6667,5
2017-05-26 20:00:00,3.4,60,1017.7,104.9,19.0,53,1191.3334,5
2017-05-26 21:00:00,2.9,8,1018.1,10.5,16.9,62,284.1667,5
2017-05-26 22:00:00,1.6,0,1018.4,0.0,15.3,70,7.3333,5
2017-05-26 23:00:00,0.1,0,1018.6,0.0,14.1,77,0.0,5
2017-05-27 00:00:00,0.6,0,1019.1,0.0,12.1,86,0.0,5
2017-05-27 01:00:00,0.7,0,1019.2,0.0,11.3,89,0.0,5
2017-05-27 02:00:00,0.8,0,1019.3,0.0,10.7,92,0.0,5
2017-05-27 03:00:00,0.2,0,1019.5,0.0,10.1,94,0.0,5
2017-05-27 04:00:00,0.6,0,1019.6,0.4,10.1,95,0.0,5
2017-05-27 05:00:00,0.5,21,1019.5,40.6,11.2,98,0.0,5
2017-05-27 06:00:00,1.6,57,1019.5,154.5,13.5,87,0.0,5
2017-05-27 07:00:00,1.4,50,1019.7,289.0,14.1,86,245.1667,5
2017-05-27 08:00:00,1.4,60,1019.7,432.8,14.6,81,358.1666,5
2017-05-27 09:00:00,2.5,60,1019.5,550.0,15.8,79,1433.5001,5
2017-05-27 10:00:00,1.7,60,1019.0,657.5,18.2,73,3188.0,5
2017-05-27 11:00:00,2.2,60,1018.6,735.7,20.8,66,4630.0001,5
2017-05-27 12:00:00,3.1,60,1018.3,767.3,22.2,62,5850.6666,5
2017-05-27 13:00:00,2.8,60,1017.8,788.9,22.4,56,6695.0,5
2017-05-27 14:00:00,3.7,60,1017.2,772.0,22.9,54,6407.3334,5
2017-05-27 15:00:00,3.6,60,1016.7,697.6,22.3,57,6118.8334,5
2017-05-27 16:00:00,4.9,60,1016.3,592.4,22.9,55,6367.8334,5
2017-05-27 17:00:00,3.2,60,1016.0,478.0,23.1,52,5428.3334,5
2017-05-27 18:00:00,2.2,60,1015.8,350.1,21.6,57,4228.3334,5
2017-05-27 19:00:00,2.6,60,1015.7,226.5,19.7,65,2779.9999,5
2017-05-27 20:00:00,2.8,60,1015.7,109.2,18.0,69,1225.5001,5
2017-05-27 21:00:00,3.0,34,1016.0,22.9,16.7,71,315.6667,5
2017-05-27 22:00:00,2.1,0,1015.8,0.0,15.2,77,50.1667,5
2017-05-27 23:00:00,1.9,0,1015.8,0.0,14.3,84,0.0,5
2017-05-28 00:00:00,0.9,0,1015.7,0.0,13.0,93,0.0,5
2017-05-28 01:00:00,1.9,0,1015.6,0.0,13.0,94,0.0,5
2017-05-28 02:00:00,0.3,0,1015.3,0.0,12.1,97,0.0,5
2017-05-28 03:00:00,1.2,0,1014.9,0.0,11.0,97,0.0,5
2017-05-28 04:00:00,1.6,0,1014.5,4.9,10.9,97,0.0,5
2017-05-28 05:00:00,0.7,22,1013.8,48.4,12.0,97,0.0,5
2017-05-28 06:00:00,0.9,41,1013.2,169.8,14.1,88,50.0,5
2017-05-28 07:00:00,0.5,9,1012.5,162.6,14.6,90,672.9999,5
2017-05-28 08:00:00,1.5,44,1012.2,296.5,16.1,84,978.8334,5
2017-05-28 09:00:00,0.6,5,1011.6,157.0,16.2,83,1511.1667,5
2017-05-28 10:00:00,1.3,2,1010.6,300.1,17.5,75,1265.6667,5
2017-05-28 11:00:00,2.9,3,1010.0,260.5,18.4,77,2080.8333,5
2017-05-28 12:00:00,2.0,0,1009.1,287.7,18.5,79,1821.9999,5
2017-05-28 13:00:00,2.6,0,1008.5,157.5,17.4,82,2628.6667,5
2017-05-28 14:00:00,3.3,0,1007.8,166.4,18.3,77,1389.8333,5
2017-05-28 15:00:00,4.7,14,1007.3,388.4,19.1,71,2270.3333,5
2017-05-28 16:00:00,5.7,35,1006.8,513.4,17.7,77,4358.0,5
2017-05-28 17:00:00,3.7,16,1006.2,234.3,17.1,79,2548.0,5
2017-05-28 18:00:00,1.7,28,1006.5,218.6,16.4,84,3028.1667,5
2017-05-28 19:00:00,3.0,20,1006.4,154.4,16.4,83,1447.1667,5
2017-05-28 20:00:00,1.2,42,1006.6,80.4,15.4,90,864.0,5
2017-05-28 21:00:00,1.8,8,1007.0,18.2,14.6,95,300.3334,5
2017-05-28 22:00:00,1.3,0,1007.5,0.0,13.9,99,58.8333,5
2017-05-28 23:00:00,1.5,0,1008.1,0.0,13.4,100,0.0,5
2017-05-29 00:00:00,1.0,0,1008.3,0.0,13.4,99,0.0,5
2017-05-29 01:00:00,1.4,0,1009.2,0.0,13.2,100,0.0,5
2017-05-29 02:00:00,0.7,0,1009.5,0.0,13.2,100,0.0,5
2017-05-29 03:00:00,0.9,0,1009.8,0.0,11.9,100,0.0,5
2017-05-29 04:00:00,0.6,0,1009.8,1.6,10.9,100,0.0,5
2017-05-29 05:00:00,0.3,8,1010.1,30.5,11.6,100,0.0,5
2017-05-29 06:00:00,0.9,21,1010.3,85.4,12.7,95,83.0,5
2017-05-29 07:00:00,1.8,55,1010.6,260.1,16.9,69,377.3333,5
2017-05-29 08:00:00,2.1,60,1011.0,414.1,18.1,60,617.6667,5
2017-05-29 09:00:00,3.2,60,1010.8,521.8,19.4,51,1853.1667,5
2017-05-29 10:00:00,2.8,60,1010.7,569.2,20.7,43,3193.1666,5
2017-05-29 11:00:00,3.9,60,1010.4,560.4,20.8,41,4763.1666,5
2017-05-29 12:00:00,3.4,21,1010.4,506.7,20.5,42,4692.1667,5
2017-05-29 13:00:00,1.8,14,1010.2,469.5,22.3,42,2999.8333,5
2017-05-29 14:00:00,1.4,60,1010.0,752.2,22.8,41,3826.0,5
2017-05-29 15:00:00,2.2,60,1009.4,540.5,22.8,43,4997.5002,5
2017-05-29 16:00:00,3.0,23,1009.1,380.0,23.5,47,4651.6667,5
2017-05-29 17:00:00,3.1,43,1009.4,374.7,21.1,60,2613.1668,5
2017-05-29 18:00:00,3.4,9,1009.6,202.4,18.6,71,437.6666,5
2017-05-29 19:00:00,4.9,0,1010.2,106.9,16.5,81,527.6667,5
2017-05-29 20:00:00,3.7,0,1010.6,39.4,14.3,91,285.1667,5
2017-05-29 21:00:00,3.0,0,1011.0,0.0,13.4,96,210.0,5
2017-05-29 22:00:00,2.9,0,1010.9,0.0,13.1,96,0.0,5
2017-05-29 23:00:00,2.5,0,1010.7,0.0,12.7,99,0.0,5
2017-05-30 00:00:00,3.7,0,1010.2,0.0,12.5,98,0.0,5
2017-05-30 01:00:00,3.6,0,1010.1,0.0,12.3,98,0.0,5
2017-05-30 02:00:00,1.9,0,1009.4,0.0,12.2,100,0.0,5
2017-05-30 03:00:00,2.0,0,1008.8,0.0,12.2,100,0.0,5
2017-05-30 04:00:00,2.3,0,1008.4,0.0,12.2,100,0.0,5
2017-05-30 05:00:00,2.5,0,1007.8,3.7,12.0,100,0.0,5
2017-05-30 06:00:00,2.1,0,1007.6,8.3,12.0,100,0.0,5
2017-05-30 07:00:00,1.8,0,1007.5,20.7,12.3,100,46.4166,5
2017-05-30 08:00:00,2.6,0,1007.1,45.7,12.2,100,134.6666,5
2017-05-30 09:00:00,2.5,0,1006.7,76.9,12.5,99,552.6668,5
2017-05-30 10:00:00,2.8,0,1006.2,66.6,12.7,97,774.5,5
2017-05-30 11:00:00,3.3,0,1005.8,77.0,12.3,99,779.3333,5
2017-05-30 12:00:00,3.4,0,1005.1,98.4,12.7,98,415.6666,5
2017-05-30 13:00:00,2.9,0,1004.7,80.6,12.5,98,712.8333,5
2017-05-30 14:00:00,2.3,0,1004.4,110.0,13.2,96,600.6667,5
2017-05-30 15:00:00,2.9,0,1004.0,82.5,12.9,95,665.0001,5
2017-05-30 16:00:00,2.0,0,1003.4,73.4,13.5,95,725.1667,5
2017-05-30 17:00:00,2.8,0,1002.9,189.8,14.6,89,863.3334,5
2017-05-30 18:00:00,2.6,1,1002.5,136.1,14.2,91,1954.1667,5
2017-05-30 19:00:00,2.5,0,1002.3,57.9,14.3,93,1046.1667,5
2017-05-30 20:00:00,2.7,2,1001.8,42.0,14.0,95,382.6667,5
2017-05-30 21:00:00,2.0,0,1001.9,10.3,13.9,96,261.6667,5
2017-05-30 22:00:00,2.2,0,1002.3,0.0,13.4,98,36.0,5
2017-05-30 23:00:00,1.3,0,1002.1,0.0,12.4,100,0.0,5
2017-05-31 00:00:00,1.4,0,1001.9,0.0,11.9,99,0.0,5
2017-05-31 01:00:00,0.8,0,1001.7,0.0,11.5,97,0.0,5
2017-05-31 02:00:00,1.1,0,1001.7,0.0,10.0,98,0.0,5
2017-05-31 03:00:00,1.9,0,1001.5,0.0,9.9,97,0.0,5
2017-05-31 04:00:00,1.9,0,1001.3,0.0,10.3,95,0.0,5
2017-05-31 05:00:00,0.3,0,1001.6,17.2,10.7,94,0.0,5
2017-05-31 06:00:00,0.7,0,1002.1,70.3,11.8,89,0.0,5
2017-05-31 07:00:00,3.1,0,1002.6,123.6,12.6,73,438.1667,5
2017-05-31 08:00:00,5.0,0,1003.4,124.3,12.4,65,750.8333,5
2017-05-31 09:00:00,4.7,42,1004.0,409.3,13.5,59,1005.1667,5
2017-05-31 10:00:00,2.4,5,1004.7,245.0,13.4,57,1831.5,5
2017-05-31 11:00:00,0.8,14,1004.8,369.7,15.5,55,3998.3334,5
2017-05-31 12:00:00,1.4,38,1004.7,636.6,17.1,53,2855.0,5
2017-05-31 13:00:00,1.9,14,1005.1,439.3,16.1,56,4995.0002,5
2017-05-31 14:00:00,2.3,25,1005.2,473.5,17.5,52,2976.3334,5
2017-05-31 15:00:00,5.0,1,1006.7,157.8,11.6,90,2796.1668,5
2017-05-31 16:00:00,4.7,58,1006.6,595.3,14.9,65,452.1666,5
2017-05-31 17:00:00,3.8,35,1006.8,348.0,15.2,61,2300.6666,5
2017-05-31 18:00:00,1.5,26,1007.0,254.4,16.2,53,3917.6666,5
2017-05-31 19:00:00,3.6,1,1007.7,93.4,14.7,56,1590.8334,5
2017-05-31 20:00:00,3.4,12,1008.3,69.5,13.4,62,947.6667,5
2017-05-31 21:00:00,4.0,0,1009.4,11.9,12.2,60,353.0001,5
2017-05-31 22:00:00,6.2,0,1010.5,0.0,11.3,45,38.6667,5
2017-05-31 23:00:00,5.4,0,1011.6,0.0,10.5,47,0.0,5
2017-06-01 00:00:00,4.8,0,1012.8,0.0,8.9,55,0.0,6
2017-06-01 01:00:00,4.3,0,1013.7,0.0,7.9,56,0.0,6
2017-06-01 02:00:00,0.7,0,1014.7,0.0,5.8,66,0.0,6
2017-06-01 03:00:00,0.7,0,1015.2,0.0,4.4,78,0.0,6
2017-06-01 04:00:00,0.4,0,1015.8,0.9,3.6,80,0.0,6
2017-06-01 05:00:00,0.5,26,1016.0,55.8,6.1,69,0.0,6
2017-06-01 06:00:00,0.7,60,1016.1,198.5,8.8,54,0.0,6
2017-06-01 07:00:00,1.6,60,1016.3,333.2,10.6,44,19.6667,6
2017-06-01 08:00:00,2.4,60,1016.2,469.8,11.8,42,266.0,6
2017-06-01 09:00:00,3.1,60,1016.0,595.4,12.9,39,1600.8333,6
2017-06-01 10:00:00,2.5,60,1015.8,703.4,14.5,30,3509.8332,6
2017-06-01 11:00:00,4.0,60,1015.5,783.7,15.0,33,5101.1666,6
2017-06-01 12:00:00,3.2,60,1015.2,827.3,16.2,30,6445.3332,6
2017-06-01 13:00:00,3.4,60,1014.5,839.8,16.7,29,7414.1666,6
2017-06-01 14:00:00,3.8,60,1013.8,798.1,17.6,30,7701.0,6
2017-06-01 15:00:00,2.9,60,1013.3,719.3,17.8,28,7220.1666,6
2017-06-01 16:00:00,4.5,60,1013.4,617.7,17.1,43,6981.8332,6
2017-06-01 17:00:00,4.5,60,1013.3,529.2,16.5,46,5551.0,6
2017-06-01 18:00:00,4.8,60,1013.2,365.0,15.4,46,4600.6666,6
2017-06-01 19:00:00,4.0,22,1013.4,172.5,14.3,59,2400.0,6
2017-06-01 20:00:00,1.9,0,1013.8,69.4,13.1,67,900.8333,6
2017-06-01 21:00:00,0.6,0,1014.3,16.6,11.9,77,287.6667,6
2017-06-01 22:00:00,1.2,0,1014.9,0.0,11.2,80,40.1667,6
2017-06-01 23:00:00,1.7,0,1015.5,0.0,10.7,77,0.0,6
2017-06-02 00:00:00,3.4,0,1016.1,0.0,11.1,56,0.0,6
2017-06-02 01:00:00,3.7,0,1016.3,0.0,10.7,50,0.0,6
2017-06-02 02:00:00,4.5,0,1016.6,0.0,10.2,47,0.0,6
2017-06-02 03:00:00,3.7,0,1017.0,0.0,9.7,49,0.0,6
2017-06-02 04:00:00,3.8,0,1017.7,0.0,9.3,51,0.0,6
2017-06-02 05:00:00,2.4,0,1018.4,16.4,9.1,52,0.0,6
2017-06-02 06:00:00,1.4,0,1018.9,45.6,9.2,53,72.5,6
2017-06-02 07:00:00,2.3,0,1019.4,79.7,9.4,52,427.3333,6
2017-06-02 08:00:00,2.0,0,1019.7,182.5,9.9,51,765.6666,6
2017-06-02 09:00:00,1.6,52,1019.8,424.4,11.1,47,1348.3333,6
2017-06-02 10:00:00,2.2,0,1020.0,340.3,10.7,45,2258.8333,6
2017-06-02 11:00:00,2.0,0,1020.1,402.3,11.4,44,2791.6667,6
2017-06-02 12:00:00,1.3,0,1019.9,393.4,12.2,41,2752.1667,6
2017-06-02 13:00:00,1.3,0,1019.8,364.0,11.9,43,3812.1666,6
2017-06-02 14:00:00,2.3,6,1019.7,369.2,12.8,49,3986.9999,6
2017-06-02 15:00:00,2.5,0,1019.7,322.4,11.8,52,4497.6668,6
2017-06-02 16:00:00,2.9,0,1019.7,224.5,11.1,62,3791.6667,6
2017-06-02 17:00:00,2.6,0,1019.4,189.8,10.5,68,2059.8334,6
2017-06-02 18:00:00,3.6,0,1019.3,199.5,10.4,72,1332.0,6
2017-06-02 19:00:00,2.6,0,1019.1,112.6,10.1,74,1115.3333,6
2017-06-02 20:00:00,2.2,0,1018.7,39.4,9.9,78,579.6667,6
2017-06-02 21:00:00,2.1,0,1018.5,2.4,9.3,88,206.8333,6
2017-06-02 22:00:00,2.3,0,1018.3,0.0,8.9,91,2.8333,6
2017-06-02 23:00:00,1.9,0,1017.8,0.0,8.8,93,0.0,6
2017-06-03 00:00:00,1.7,0,1017.6,0.0,8.7,94,0.0,6
2017-06-03 01:00:00,2.3,0,1017.3,0.0,8.8,94,0.0,6
2017-06-03 02:00:00,2.8,0,1017.0,0.0,8.9,93,0.0,6
2017-06-03 03:00:00,2.8,0,1016.9,0.0,8.9,93,0.0,6
2017-06-03 04:00:00,2.5,0,1016.6,0.0,8.7,96,0.0,6
2017-06-03 05:00:00,1.3,0,1016.3,3.0,8.7,99,0.0,6
2017-06-03 06:00:00,1.9,0,1016.1,21.9,8.9,97,0.0,6
2017-06-03 07:00:00,1.6,0,1016.0,56.8,9.5,94,356.8333,6
2017-06-03 08:00:00,2.6,0,1016.1,85.1,10.1,92,745.0001,6
2017-06-03 09:00:00,1.4,8,1015.9,290.6,11.5,81,860.4999,6
2017-06-03 10:00:00,1.9,4,1015.5,259.9,12.1,78,1002.0,6
2017-06-03 11:00:00,0.9,0,1015.3,256.8,11.9,76,1016.8333,6
2017-06-03 12:00:00,1.2,0,1015.1,185.8,12.2,78,1029.0,6
2017-06-03 13:00:00,1.3,0,1014.8,212.4,13.1,79,815.1666,6
2017-06-03 14:00:00,1.3,0,1014.6,135.2,12.7,79,692.3334,6
2017-06-03 15:00:00,2.0,0,1014.6,108.5,12.6,84,572.9999,6
2017-06-03 16:00:00,2.0,0,1014.0,105.9,12.2,94,488.3334,6
2017-06-03 17:00:00,1.0,0,1013.4,94.1,12.5,92,580.8333,6
2017-06-03 18:00:00,1.1,0,1012.9,71.3,12.7,88,440.3333,6
2017-06-03 19:00:00,1.5,0,1012.7,40.0,12.6,89,289.3334,6
2017-06-03 20:00:00,1.6,0,1012.6,19.4,12.7,91,244.6666,6
2017-06-03 21:00:00,1.1,0,1012.3,11.4,12.7,92,125.8333,6
2017-06-03 22:00:00,0.7,0,1012.1,0.0,12.6,94,11.3333,6
2017-06-03 23:00:00,1.5,0,1011.8,0.0,12.4,95,0.0,6
2017-06-04 00:00:00,0.9,0,1011.5,0.0,12.3,95,0.0,6
2017-06-04 01:00:00,1.9,0,1011.3,0.0,12.4,94,0.0,6
2017-06-04 02:00:00,1.5,0,1010.9,0.0,12.5,93,0.0,6
2017-06-04 03:00:00,1.7,0,1010.4,0.0,12.5,94,0.0,6
2017-06-04 04:00:00,1.5,0,1010.1,0.0,12.4,96,0.0,6
2017-06-04 05:00:00,1.5,0,1009.6,7.5,12.5,94,0.0,6
2017-06-04 06:00:00,1.6,0,1009.1,44.7,12.8,91,61.6667,6
2017-06-04 07:00:00,1.6,0,1008.9,57.4,13.1,91,329.3333,6
2017-06-04 08:00:00,2.4,0,1008.7,19.5,12.6,95,789.8333,6
2017-06-04 09:00:00,0.7,0,1008.4,18.2,12.3,99,579.6666,6
2017-06-04 10:00:00,2.1,0,1008.0,24.7,12.4,100,252.8333,6
2017-06-04 11:00:00,1.0,0,1007.6,27.0,12.6,100,279.3333,6
2017-06-04 12:00:00,1.7,0,1007.3,47.9,12.9,100,441.5,6
2017-06-04 13:00:00,3.4,0,1006.9,52.3,12.7,100,447.3334,6
2017-06-04 14:00:00,2.1,0,1006.5,79.0,12.6,99,1003.8333,6
2017-06-04 15:00:00,2.1,0,1006.2,46.2,12.2,98,649.0,6
2017-06-04 16:00:00,1.3,0,1005.8,48.4,12.4,98,195.0001,6
2017-06-04 17:00:00,1.8,0,1005.1,71.6,12.7,96,347.1667,6
2017-06-04 18:00:00,3.0,0,1004.7,20.6,12.6,98,290.3334,6
2017-06-04 19:00:00,2.0,0,1004.4,23.3,12.7,100,85.8334,6
2017-06-04 20:00:00,1.6,0,1003.9,28.6,12.9,100,38.8333,6
2017-06-04 21:00:00,2.2,0,1003.6,1.0,12.8,100,112.9999,6
2017-06-04 22:00:00,2.3,0,1003.4,0.0,12.5,100,50.0833,6
2017-06-04 23:00:00,1.9,0,1003.1,0.0,12.4,100,0.0,6
2017-06-05 00:00:00,1.0,0,1002.8,0.0,12.2,100,0.0,6
2017-06-05 01:00:00,1.5,0,1002.6,0.0,12.2,100,0.0,6
2017-06-05 02:00:00,1.4,0,1002.4,0.0,11.6,100,0.0,6
2017-06-05 03:00:00,2.1,0,1002.4,0.0,9.8,100,0.0,6
2017-06-05 04:00:00,0.9,2,1002.5,4.4,8.6,100,0.0,6
2017-06-05 05:00:00,1.4,29,1002.5,60.4,9.3,100,0.0,6
2017-06-05 06:00:00,2.2,60,1002.5,198.7,11.6,84,0.0,6
2017-06-05 07:00:00,1.9,30,1002.9,269.2,12.9,80,327.0,6
2017-06-05 08:00:00,1.7,60,1003.1,545.4,15.5,64,1068.8333,6
2017-06-05 09:00:00,2.0,60,1003.1,581.9,16.4,54,2272.5,6
2017-06-05 10:00:00,2.4,52,1003.2,601.9,16.1,50,2285.8334,6
2017-06-05 11:00:00,2.9,51,1003.3,746.1,17.3,50,4409.4999,6
2017-06-05 12:00:00,3.9,49,1003.3,778.7,17.7,47,4878.6667,6
2017-06-05 13:00:00,5.1,37,1003.4,656.9,17.9,47,5325.8335,6
2017-06-05 14:00:00,3.8,34,1003.6,502.4,16.9,53,6764.3332,6
2017-06-05 15:00:00,4.1,21,1003.6,383.6,16.2,52,7452.5,6
2017-06-05 16:00:00,1.5,11,1003.6,270.0,17.5,50,5877.8332,6
2017-06-05 17:00:00,4.8,60,1003.1,543.1,18.5,49,3389.8334,6
2017-06-05 18:00:00,5.2,60,1002.9,380.2,17.5,54,3992.6666,6
2017-06-05 19:00:00,4.5,20,1003.3,144.4,16.1,61,2586.0,6
2017-06-05 20:00:00,4.0,4,1003.9,45.4,14.9,69,903.5,6
2017-06-05 21:00:00,3.8,0,1004.3,22.2,14.1,73,220.5,6
2017-06-05 22:00:00,3.9,0,1004.8,0.0,13.0,81,44.8333,6
2017-06-05 23:00:00,4.1,0,1004.9,0.0,12.8,86,0.0,6
2017-06-06 00:00:00,3.7,0,1004.9,0.0,12.7,87,0.0,6
2017-06-06 01:00:00,4.3,0,1005.0,0.0,12.4,88,0.0,6
2017-06-06 02:00:00,3.8,0,1005.3,0.0,11.9,95,0.0,6
2017-06-06 03:00:00,2.6,0,1005.0,0.0,11.7,98,0.0,6
2017-06-06 04:00:00,2.8,0,1005.0,0.0,11.5,96,0.0,6
2017-06-06 05:00:00,2.2,0,1005.1,0.1,11.5,98,0.0,6
2017-06-06 06:00:00,3.2,0,1005.5,16.1,11.9,98,0.0,6
2017-06-06 07:00:00,3.0,0,1005.8,70.7,12.5,95,265.6666,6
2017-06-06 08:00:00,2.1,6,1006.0,197.1,13.8,91,871.3334,6
2017-06-06 09:00:00,3.1,3,1006.4,183.2,14.1,84,1289.8334,6
2017-06-06 10:00:00,2.4,0,1006.9,51.1,13.9,83,1186.8333,6
2017-06-06 11:00:00,3.4,0,1006.9,146.9,14.8,80,399.6667,6
2017-06-06 12:00:00,3.2,6,1007.0,433.1,16.5,70,1419.6667,6
2017-06-06 13:00:00,4.2,42,1006.7,704.7,18.6,59,2862.6666,6
2017-06-06 14:00:00,4.4,59,1006.2,767.4,19.3,57,3590.3334,6
2017-06-06 15:00:00,2.3,34,1006.3,464.0,18.6,56,2123.3333,6
2017-06-06 16:00:00,3.0,1,1006.0,243.8,18.6,49,2761.3334,6
2017-06-06 17:00:00,0.8,6,1005.5,213.3,19.3,47,2123.8334,6
2017-06-06 18:00:00,2.9,0,1005.2,128.7,17.7,56,1129.6667,6
2017-06-06 19:00:00,3.0,0,1005.1,36.1,16.5,68,709.1667,6
2017-06-06 20:00:00,1.8,0,1005.5,0.7,15.2,79,355.6666,6
2017-06-06 21:00:00,2.9,0,1005.2,0.0,15.5,79,1.6667,6
2017-06-06 22:00:00,1.8,0,1005.6,0.0,15.7,76,0.0,6
2017-06-06 23:00:00,3.6,0,1005.2,0.0,16.0,69,0.0,6
2017-06-07 00:00:00,3.3,0,1004.9,0.0,16.4,62,0.0,6
2017-06-07 01:00:00,2.2,0,1005.2,0.0,15.9,60,0.0,6
2017-06-07 02:00:00,3.2,0,1005.1,0.0,15.5,60,0.0,6
2017-06-07 03:00:00,4.4,0,1004.6,0.0,14.6,64,0.0,6
2017-06-07 04:00:00,5.5,0,1004.5,8.8,14.3,61,0.0,6
2017-06-07 05:00:00,6.0,0,1004.0,43.5,14.2,60,25.0,6
2017-06-07 06:00:00,6.5,0,1003.4,37.9,14.3,61,191.1666,6
2017-06-07 07:00:00,6.9,11,1002.8,137.8,14.8,62,323.8334,6
2017-06-07 08:00:00,6.1,0,1002.0,75.5,15.0,61,623.5001,6
2017-06-07 09:00:00,5.9,0,1001.8,42.7,14.7,66,475.6667,6
2017-06-07 10:00:00,7.1,0,1000.9,68.7,14.8,66,370.3333,6
2017-06-07 11:00:00,6.9,0,1000.0,81.2,14.0,77,576.6667,6
2017-06-07 12:00:00,7.9,0,998.3,94.3,13.3,84,516.0,6
2017-06-07 13:00:00,7.5,0,998.4,56.4,13.1,86,549.6667,6
2017-06-07 14:00:00,7.1,0,998.3,53.2,13.2,88,286.6666,6
2017-06-07 15:00:00,5.9,0,998.1,78.7,13.0,92,275.1667,6
2017-06-07 16:00:00,5.4,0,998.0,122.1,12.8,94,819.5,6
2017-06-07 17:00:00,3.0,0,999.7,54.0,10.9,96,1163.0,6
2017-06-07 18:00:00,1.9,0,1000.3,50.0,11.6,95,468.3333,6
2017-06-07 19:00:00,2.1,0,1000.8,17.6,12.0,94,856.1667,6
2017-06-07 20:00:00,2.2,0,1001.2,22.8,12.5,89,998.6667,6
2017-06-07 21:00:00,3.3,0,1001.6,4.6,12.5,89,87.6667,6
2017-06-07 22:00:00,3.6,0,1001.9,0.0,12.2,88,0.0,6
2017-06-07 23:00:00,4.3,0,1001.8,0.0,12.2,85,0.0,6
2017-06-08 00:00:00,2.9,0,1001.7,0.0,11.6,87,0.0,6
2017-06-08 01:00:00,4.3,0,1001.8,0.0,11.4,88,0.0,6
2017-06-08 02:00:00,3.6,0,1001.9,0.0,11.1,90,0.0,6
2017-06-08 03:00:00,3.5,0,1002.2,0.0,11.0,92,0.0,6
2017-06-08 04:00:00,2.7,0,1002.4,0.0,11.3,89,0.0,6
2017-06-08 05:00:00,4.2,0,1002.6,4.0,11.2,91,0.0,6
2017-06-08 06:00:00,2.5,0,1003.0,11.0,10.9,96,0.0,6
2017-06-08 07:00:00,2.9,0,1003.5,39.6,11.9,88,63.1667,6
2017-06-08 08:00:00,4.4,0,1003.8,126.0,12.8,81,745.3333,6
2017-06-08 09:00:00,3.3,0,1004.4,211.2,13.1,80,1338.8333,6
2017-06-08 10:00:00,3.5,10,1004.6,348.1,13.8,78,1531.8334,6
2017-06-08 11:00:00,3.1,1,1005.2,323.8,13.3,85,1593.6666,6
2017-06-08 12:00:00,3.4,16,1005.3,469.3,14.8,75,2620.0,6
2017-06-08 13:00:00,2.7,14,1005.7,513.6,14.9,74,2658.6667,6
2017-06-08 14:00:00,2.3,0,1006.1,269.0,14.8,72,2635.8332,6
2017-06-08 15:00:00,2.5,0,1006.8,139.3,13.6,87,2519.0,6
2017-06-08 16:00:00,0.4,0,1007.0,119.4,13.1,93,2306.0001,6
2017-06-08 17:00:00,1.5,18,1006.9,248.0,14.6,83,1559.8333,6
2017-06-08 18:00:00,1.7,42,1006.9,423.3,15.4,78,2385.9999,6
2017-06-08 19:00:00,1.0,11,1007.3,120.0,15.4,77,1025.3334,6
2017-06-08 20:00:00,2.6,3,1008.0,73.7,14.1,84,397.5001,6
2017-06-08 21:00:00,2.4,0,1008.7,7.9,13.5,90,164.1667,6
2017-06-08 22:00:00,3.0,0,1009.3,0.0,12.5,85,0.0,6
2017-06-08 23:00:00,2.8,0,1009.8,0.0,12.0,86,0.0,6
2017-06-09 00:00:00,2.4,0,1010.1,0.0,11.6,87,0.0,6
2017-06-09 01:00:00,1.6,0,1010.1,0.0,11.1,89,0.0,6
2017-06-09 02:00:00,2.0,0,1010.1,0.0,10.6,90,0.0,6
2017-06-09 03:00:00,1.2,0,1010.1,0.0,10.3,91,0.0,6
2017-06-09 04:00:00,1.8,0,1010.2,0.4,10.5,89,0.0,6
2017-06-09 05:00:00,1.2,0,1010.2,24.8,10.6,90,0.0,6
2017-06-09 06:00:00,2.0,0,1010.4,35.8,11.1,90,139.8333,6
2017-06-09 07:00:00,2.5,0,1010.7,52.4,10.9,94,292.6668,6
2017-06-09 08:00:00,2.0,0,1011.2,39.1,10.5,96,464.5,6
2017-06-09 09:00:00,2.4,0,1011.2,91.2,10.8,97,338.3334,6
2017-06-09 10:00:00,0.6,0,1011.7,71.7,11.3,94,909.5,6
2017-06-09 11:00:00,1.2,0,1011.9,80.4,11.7,96,822.3333,6
2017-06-09 12:00:00,1.4,0,1012.0,131.1,12.1,99,669.6667,6
2017-06-09 13:00:00,0.9,0,1012.1,158.4,13.4,93,1036.5,6
2017-06-09 14:00:00,2.0,0,1012.1,100.2,13.1,96,1007.5,6
2017-06-09 15:00:00,1.2,0,1012.3,135.5,13.6,96,1613.3333,6
2017-06-09 16:00:00,1.5,0,1012.0,109.8,14.1,93,944.1667,6
2017-06-09 17:00:00,2.1,0,1011.9,78.5,14.2,94,652.4999,6
2017-06-09 18:00:00,2.6,4,1011.5,193.5,14.9,90,1042.0,6
2017-06-09 19:00:00,2.4,0,1011.5,32.8,14.5,94,449.1666,6
2017-06-09 20:00:00,2.8,0,1011.3,10.1,13.8,97,205.5,6
2017-06-09 21:00:00,3.3,0,1011.1,1.5,13.7,96,16.1667,6
2017-06-09 22:00:00,3.8,0,1010.9,0.0,13.4,97,0.0,6
2017-06-09 23:00:00,5.1,0,1010.2,0.0,13.2,98,0.0,6
2017-06-10 00:00:00,3.9,0,1009.7,0.0,13.2,99,0.0,6
2017-06-10 01:00:00,4.9,0,1009.1,0.0,13.6,97,0.0,6
2017-06-10 02:00:00,4.3,0,1008.5,0.0,13.7,98,0.0,6
2017-06-10 03:00:00,4.4,0,1008.0,0.0,14.3,98,0.0,6
2017-06-10 04:00:00,4.2,0,1007.3,0.0,14.8,95,0.0,6
2017-06-10 05:00:00,3.8,0,1007.3,0.0,14.5,98,0.0,6
2017-06-10 06:00:00,3.9,0,1007.2,10.0,14.4,97,0.0,6
2017-06-10 07:00:00,2.8,0,1007.6,17.4,14.1,98,0.0,6
2017-06-10 08:00:00,2.5,0,1008.3,55.8,14.3,97,81.3333,6
2017-06-10 09:00:00,3.7,0,1008.9,59.7,13.8,92,559.8333,6
2017-06-10 10:00:00,3.2,0,1009.6,95.8,14.0,88,1452.0,6
2017-06-10 11:00:00,4.5,0,1010.1,73.7,14.1,86,1245.0,6
2017-06-10 12:00:00,5.2,0,1010.3,171.1,14.9,81,1716.8333,6
2017-06-10 13:00:00,4.1,0,1010.4,98.0,15.5,82,2037.6667,6
2017-06-10 14:00:00,4.3,0,1010.9,53.0,15.2,87,3647.0001,6
2017-06-10 15:00:00,5.9,0,1011.1,183.9,16.3,77,2732.3333,6
2017-06-10 16:00:00,5.0,1,1011.8,115.9,14.8,86,1824.3333,6
2017-06-10 17:00:00,2.4,0,1011.8,46.2,13.9,97,2029.6666,6
2017-06-10 18:00:00,2.8,0,1012.0,64.0,14.4,94,778.3333,6
2017-06-10 19:00:00,2.0,0,1012.1,60.6,14.5,91,700.0,6
2017-06-10 20:00:00,2.3,0,1012.1,28.8,14.4,92,202.5,6
2017-06-10 21:00:00,1.8,0,1012.5,6.4,14.0,93,84.1666,6
2017-06-10 22:00:00,2.8,0,1012.6,0.0,13.6,93,29.4583,6
2017-06-10 23:00:00,2.7,0,1012.6,0.0,13.2,94,0.0,6
2017-06-11 00:00:00,2.7,0,1012.8,0.0,13.1,95,0.0,6
2017-06-11 01:00:00,2.4,0,1012.6,0.0,12.9,97,0.0,6
2017-06-11 02:00:00,1.9,0,1012.5,0.0,12.9,97,0.0,6
2017-06-11 03:00:00,1.8,0,1012.2,0.0,12.9,97,0.0,6
2017-06-11 04:00:00,2.0,0,1011.4,9.2,12.9,96,0.0,6
2017-06-11 05:00:00,2.8,0,1011.6,27.3,12.7,96,0.0,6
2017-06-11 06:00:00,1.6,0,1011.4,21.2,12.6,97,0.0,6
2017-06-11 07:00:00,2.9,0,1011.3,65.8,12.8,97,183.9999,6
2017-06-11 08:00:00,2.4,0,1010.6,137.9,13.6,97,779.6667,6
2017-06-11 09:00:00,2.6,0,1010.4,117.7,13.9,89,1331.0,6
2017-06-11 10:00:00,2.8,0,1010.4,54.4,13.2,92,1073.0,6
2017-06-11 11:00:00,4.1,0,1010.2,36.2,12.4,98,1129.3333,6
2017-06-11 12:00:00,3.1,0,1009.3,39.6,12.4,100,769.0,6
2017-06-11 13:00:00,2.1,0,1008.5,52.6,12.8,99,835.5,6
2017-06-11 14:00:00,3.5,0,1007.5,50.2,13.2,99,675.4999,6
2017-06-11 15:00:00,3.0,0,1006.5,40.2,13.5,99,346.1668,6
2017-06-11 16:00:00,4.0,0,1005.9,41.8,13.7,99,276.5001,6
2017-06-11 17:00:00,3.1,0,1004.9,80.7,14.1,99,259.0,6
2017-06-11 18:00:00,2.6,0,1004.1,73.2,14.3,96,477.8334,6
2017-06-11 19:00:00,4.3,0,1003.4,20.9,14.6,94,578.0,6
2017-06-11 20:00:00,3.8,0,1002.7,10.4,14.2,93,279.3333,6
2017-06-11 21:00:00,3.2,0,1002.3,5.0,13.8,92,193.6667,6
2017-06-11 22:00:00,3.1,0,1001.5,0.0,13.5,93,24.6667,6
2017-06-11 23:00:00,2.8,0,1000.4,0.0,13.2,94,0.0,6
2017-06-12 00:00:00,2.9,0,1000.1,0.0,13.0,95,0.0,6
2017-06-12 01:00:00,3.4,0,999.1,0.0,13.0,96,0.0,6
2017-06-12 02:00:00,3.1,0,998.4,0.0,12.7,96,0.0,6
2017-06-12 03:00:00,2.4,0,997.6,0.0,12.5,97,0.0,6
2017-06-12 04:00:00,2.0,0,997.0,4.2,11.9,97,0.0,6
2017-06-12 05:00:00,1.6,15,996.7,54.7,11.8,96,0.0,6
2017-06-12 06:00:00,1.7,54,996.1,202.6,13.7,83,162.0,6
2017-06-12 07:00:00,2.9,32,995.5,286.6,13.8,76,380.6668,6
2017-06-12 08:00:00,3.2,54,995.1,373.1,14.8,75,925.1666,6
2017-06-12 09:00:00,3.6,60,994.6,478.5,15.8,70,2309.1667,6
2017-06-12 10:00:00,2.9,60,994.3,459.7,15.7,69,3548.8334,6
2017-06-12 11:00:00,3.7,60,993.7,752.0,18.1,59,4442.3333,6
2017-06-12 12:00:00,4.5,13,993.6,412.5,17.0,61,6264.1668,6
2017-06-12 13:00:00,6.7,37,993.3,686.4,18.6,54,7527.6667,6
2017-06-12 14:00:00,5.2,60,992.7,756.9,19.3,49,4559.1666,6
2017-06-12 15:00:00,5.9,60,992.5,774.2,19.4,53,6312.3332,6
2017-06-12 16:00:00,3.9,10,993.2,172.4,16.1,77,5945.1667,6
2017-06-12 17:00:00,1.0,1,993.3,133.7,16.7,66,3731.8333,6
2017-06-12 18:00:00,3.6,7,993.9,204.4,17.9,52,562.0,6
2017-06-12 19:00:00,4.4,16,994.6,174.4,16.8,57,2471.6667,6
2017-06-12 20:00:00,2.9,23,995.1,79.0,16.8,60,726.5,6
2017-06-12 21:00:00,3.0,10,995.9,45.9,15.8,62,322.1666,6
2017-06-12 22:00:00,2.6,0,996.7,0.5,14.9,67,32.5,6
2017-06-12 23:00:00,3.0,0,997.1,0.0,14.1,70,0.0,6
2017-06-13 00:00:00,3.4,0,997.9,0.0,13.1,77,0.0,6
2017-06-13 01:00:00,4.9,0,998.3,0.0,13.6,73,0.0,6
2017-06-13 02:00:00,3.1,0,999.1,0.0,13.9,64,0.0,6
2017-06-13 03:00:00,2.1,0,999.7,0.0,12.2,72,0.0,6
2017-06-13 04:00:00,3.5,0,1000.4,1.8,13.2,66,0.0,6
2017-06-13 05:00:00,2.7,0,1001.2,24.6,12.9,68,0.0,6
2017-06-13 06:00:00,2.1,8,1001.7,122.4,14.4,65,0.0,6
2017-06-13 07:00:00,4.3,60,1002.0,347.3,17.2,52,389.4999,6
2017-06-13 08:00:00,7.5,60,1002.6,486.7,17.6,49,466.3332,6
2017-06-13 09:00:00,5.1,30,1003.2,323.3,17.1,51,1885.3333,6
2017-06-13 10:00:00,5.3,46,1003.8,405.9,18.9,50,3458.5,6
2017-06-13 11:00:00,5.0,48,1004.1,739.3,20.4,46,2913.3333,6
2017-06-13 12:00:00,4.4,46,1004.6,706.9,20.2,46,5325.1667,6
2017-06-13 13:00:00,3.7,5,1005.1,478.9,19.9,46,5747.1666,6
2017-06-13 14:00:00,2.1,9,1005.4,463.7,21.4,46,4868.8333,6
2017-06-13 15:00:00,2.3,29,1006.6,328.0,15.8,80,2645.1667,6
2017-06-13 16:00:00,1.8,2,1006.7,212.8,16.8,72,614.3334,6
2017-06-13 17:00:00,1.0,27,1006.9,293.1,16.9,71,3266.3334,6
2017-06-13 18:00:00,1.0,53,1007.0,379.9,19.0,60,2199.8333,6
2017-06-13 19:00:00,2.5,43,1007.6,265.0,18.8,56,3034.8333,6
2017-06-13 20:00:00,1.6,0,1008.4,75.1,16.6,64,314.0,6
2017-06-13 21:00:00,2.9,7,1009.1,23.3,15.8,69,665.0001,6
2017-06-13 22:00:00,1.1,0,1009.5,0.0,14.4,77,127.3334,6
2017-06-13 23:00:00,0.7,0,1010.0,0.0,13.7,82,0.0,6
2017-06-14 00:00:00,1.5,0,1010.6,0.0,13.1,85,0.0,6
2017-06-14 01:00:00,0.9,0,1010.9,0.0,12.2,87,0.0,6
2017-06-14 02:00:00,0.5,0,1011.2,0.0,12.0,89,0.0,6
2017-06-14 03:00:00,1.5,0,1011.5,0.0,11.4,91,0.0,6
2017-06-14 04:00:00,0.7,8,1011.9,7.6,10.9,94,0.0,6
2017-06-14 05:00:00,0.7,32,1012.2,99.7,14.5,80,0.0,6
2017-06-14 06:00:00,1.4,52,1012.1,242.2,16.0,77,64.1667,6
2017-06-14 07:00:00,0.6,60,1012.3,336.6,18.2,62,600.1667,6
2017-06-14 08:00:00,1.9,20,1012.6,292.6,17.7,70,758.0,6
2017-06-14 09:00:00,1.5,33,1012.6,410.3,18.5,61,2133.8334,6
2017-06-14 10:00:00,2.1,60,1012.5,699.3,19.9,57,2801.1667,6
2017-06-14 11:00:00,2.7,60,1012.3,809.1,20.5,53,3556.6666,6
2017-06-14 12:00:00,5.3,59,1012.4,899.7,18.6,56,6349.3332,6
2017-06-14 13:00:00,3.1,18,1012.4,471.5,18.6,60,2715.0001,6
2017-06-14 14:00:00,1.6,55,1012.0,796.1,21.8,49,3898.3333,6
2017-06-14 15:00:00,0.9,47,1011.8,700.8,21.1,48,6373.3334,6
2017-06-14 16:00:00,2.6,44,1011.4,487.6,21.8,45,5540.1666,6
2017-06-14 17:00:00,2.4,60,1011.2,526.8,22.4,41,4754.9999,6
2017-06-14 18:00:00,2.8,34,1011.4,307.1,20.7,45,2122.3333,6
2017-06-14 19:00:00,3.3,37,1011.8,211.7,21.3,46,2019.3333,6
2017-06-14 20:00:00,2.5,60,1012.1,168.7,18.7,58,1447.1667,6
2017-06-14 21:00:00,1.8,28,1012.4,27.1,17.4,57,257.5,6
2017-06-14 22:00:00,2.4,0,1012.5,0.0,16.2,62,89.8333,6
2017-06-14 23:00:00,0.8,0,1012.8,0.0,13.8,79,0.0,6
2017-06-15 00:00:00,2.5,0,1013.2,0.0,12.9,83,0.0,6
2017-06-15 01:00:00,2.0,0,1013.2,0.0,12.4,85,0.0,6
2017-06-15 02:00:00,1.0,0,1013.2,0.0,11.4,83,0.0,6
2017-06-15 03:00:00,1.2,0,1013.2,0.0,11.4,82,0.0,6
2017-06-15 04:00:00,0.7,0,1013.3,2.3,11.2,91,0.0,6
2017-06-15 05:00:00,0.7,0,1013.5,32.6,11.8,87,0.0,6
2017-06-15 06:00:00,0.3,2,1013.4,115.4,14.3,71,206.8334,6
2017-06-15 07:00:00,1.0,33,1013.2,272.0,17.1,63,720.6667,6
2017-06-15 08:00:00,0.8,46,1013.0,364.0,18.0,59,872.1667,6
2017-06-15 09:00:00,1.5,0,1013.0,311.4,17.9,57,2167.8334,6
2017-06-15 10:00:00,2.5,34,1013.1,447.7,18.5,54,2626.1666,6
2017-06-15 11:00:00,2.7,37,1012.8,519.2,19.2,48,3220.3332,6
2017-06-15 12:00:00,2.4,2,1012.5,430.0,19.8,50,3533.8333,6
2017-06-15 13:00:00,2.8,59,1011.8,793.5,20.9,40,2987.1666,6
2017-06-15 14:00:00,3.1,60,1011.5,799.6,21.4,40,6436.3333,6
2017-06-15 15:00:00,4.6,60,1011.0,661.8,20.9,43,6243.8332,6
2017-06-15 16:00:00,4.0,52,1010.6,529.8,20.1,53,6583.6668,6
2017-06-15 17:00:00,4.6,29,1010.2,347.1,20.9,49,5828.8334,6
2017-06-15 18:00:00,3.7,19,1009.8,259.6,20.1,49,3217.4999,6
2017-06-15 19:00:00,3.8,12,1009.6,151.7,17.9,59,1950.0,6
2017-06-15 20:00:00,3.0,8,1009.3,80.8,17.3,67,1297.3333,6
2017-06-15 21:00:00,3.1,0,1009.3,31.0,16.6,78,347.4999,6
2017-06-15 22:00:00,3.4,0,1009.2,0.0,15.5,85,78.5,6
2017-06-15 23:00:00,3.0,0,1008.6,0.0,14.8,88,0.0,6
2017-06-16 00:00:00,2.5,0,1008.2,0.0,14.5,91,0.0,6
2017-06-16 01:00:00,1.2,0,1007.9,0.0,13.9,94,0.0,6
2017-06-16 02:00:00,2.2,0,1007.2,0.0,14.5,93,0.0,6
2017-06-16 03:00:00,2.0,0,1006.8,0.0,14.6,93,0.0,6
2017-06-16 04:00:00,0.6,0,1006.3,1.6,14.6,93,0.0,6
2017-06-16 05:00:00,1.5,0,1006.2,18.7,14.9,87,131.3333,6
2017-06-16 06:00:00,1.3,0,1005.9,26.0,14.7,88,351.3334,6
2017-06-16 07:00:00,0.4,0,1005.9,87.1,15.0,90,252.4999,6
2017-06-16 08:00:00,1.9,0,1006.0,99.2,15.4,90,1045.3333,6
2017-06-16 09:00:00,1.9,0,1006.1,172.5,15.7,86,927.5,6
2017-06-16 10:00:00,1.5,0,1006.5,104.4,15.3,90,1146.3333,6
2017-06-16 11:00:00,1.7,0,1006.9,184.9,15.8,88,1131.8333,6
2017-06-16 12:00:00,2.0,0,1007.1,240.6,16.1,89,1704.0,6
2017-06-16 13:00:00,1.7,0,1007.3,267.3,16.8,87,2117.5001,6
2017-06-16 14:00:00,0.9,0,1007.5,313.2,17.4,73,2173.1666,6
2017-06-16 15:00:00,0.8,0,1007.7,317.7,17.9,73,2326.8333,6
2017-06-16 16:00:00,0.3,0,1007.9,219.0,18.0,77,1303.6667,6
2017-06-16 17:00:00,0.5,19,1008.0,298.3,18.1,72,1635.8333,6
2017-06-16 18:00:00,1.2,5,1008.4,125.0,17.7,76,1547.1667,6
2017-06-16 19:00:00,0.8,29,1008.7,209.2,18.1,74,1280.1667,6
2017-06-16 20:00:00,1.3,0,1009.0,60.4,17.3,82,778.3334,6
2017-06-16 21:00:00,0.3,5,1009.9,24.7,16.4,88,335.8334,6
2017-06-16 22:00:00,1.1,0,1010.4,0.0,16.2,81,69.1667,6
2017-06-16 23:00:00,1.6,0,1010.8,0.0,15.7,77,0.0,6
2017-06-17 00:00:00,0.8,0,1011.4,0.0,14.0,89,0.0,6
2017-06-17 01:00:00,1.5,0,1012.0,0.0,14.2,83,0.0,6
2017-06-17 02:00:00,1.8,0,1012.3,0.0,13.6,83,0.0,6
2017-06-17 03:00:00,2.5,0,1012.9,0.0,12.8,86,0.0,6
2017-06-17 04:00:00,1.5,9,1013.5,8.4,12.6,88,0.0,6
2017-06-17 05:00:00,0.9,20,1013.8,51.9,13.8,85,0.0,6
2017-06-17 06:00:00,1.1,60,1014.3,199.2,16.3,69,62.3333,6
2017-06-17 07:00:00,1.8,60,1014.4,329.1,18.0,57,208.5,6
2017-06-17 08:00:00,3.7,60,1014.8,463.7,18.5,52,338.6666,6
2017-06-17 09:00:00,2.8,60,1014.9,590.6,19.8,53,1772.8333,6
2017-06-17 10:00:00,2.3,60,1014.8,681.7,20.5,48,3407.8332,6
2017-06-17 11:00:00,3.2,48,1015.2,603.8,20.4,51,4679.3332,6
2017-06-17 12:00:00,4.3,60,1015.2,810.0,21.3,48,5977.1666,6
2017-06-17 13:00:00,3.5,60,1015.0,791.3,22.5,39,7166.6666,6
2017-06-17 14:00:00,3.2,60,1014.7,689.7,22.2,41,4778.6667,6
2017-06-17 15:00:00,3.3,60,1014.5,493.8,23.3,35,6989.4998,6
2017-06-17 16:00:00,3.6,35,1014.6,384.4,22.1,48,6193.3334,6
2017-06-17 17:00:00,4.2,6,1014.8,234.9,20.1,54,3675.1667,6
2017-06-17 18:00:00,4.2,0,1014.7,109.3,19.7,58,2753.3334,6
2017-06-17 19:00:00,3.7,0,1014.3,91.5,19.0,60,715.6667,6
2017-06-17 20:00:00,2.7,0,1014.6,77.0,18.3,60,524.4999,6
2017-06-17 21:00:00,2.1,0,1014.5,32.2,17.5,61,336.9999,6
2017-06-17 22:00:00,1.4,0,1014.6,0.5,16.5,66,100.6667,6
2017-06-17 23:00:00,0.8,0,1014.7,0.0,15.8,73,0.0,6
2017-06-18 00:00:00,0.8,0,1015.0,0.0,14.9,82,0.0,6
2017-06-18 01:00:00,2.3,0,1014.9,0.0,14.3,85,0.0,6
2017-06-18 02:00:00,0.6,0,1014.8,0.0,14.1,92,0.0,6
2017-06-18 03:00:00,1.1,0,1014.6,0.0,14.3,92,0.0,6
2017-06-18 04:00:00,1.6,0,1014.7,0.0,14.6,92,0.0,6
2017-06-18 05:00:00,1.2,0,1014.7,15.6,14.9,92,0.0,6
2017-06-18 06:00:00,0.6,0,1014.7,40.4,15.3,90,50.3333,6
2017-06-18 07:00:00,1.2,0,1015.1,94.9,16.6,82,348.3333,6
2017-06-18 08:00:00,1.2,0,1015.2,172.2,17.6,81,795.6667,6
2017-06-18 09:00:00,1.9,0,1015.5,272.1,18.7,73,1469.1667,6
2017-06-18 10:00:00,2.4,27,1015.0,414.9,20.1,63,2617.6667,6
2017-06-18 11:00:00,3.4,8,1015.0,397.9,20.3,65,2312.5001,6
2017-06-18 12:00:00,5.5,2,1014.8,351.6,20.4,63,2220.1666,6
2017-06-18 13:00:00,4.8,8,1014.5,316.0,22.2,57,2209.5,6
2017-06-18 14:00:00,5.6,46,1014.4,552.8,22.9,44,3666.8333,6
2017-06-18 15:00:00,4.3,56,1014.0,512.5,23.3,46,4914.8332,6
2017-06-18 16:00:00,5.2,60,1013.4,626.9,24.5,42,3647.1667,6
2017-06-18 17:00:00,3.5,57,1013.2,467.0,25.5,37,4912.0,6
2017-06-18 18:00:00,3.3,28,1013.0,220.1,23.5,42,4370.0001,6
2017-06-18 19:00:00,4.8,13,1013.7,173.9,22.8,36,1467.6666,6
2017-06-18 20:00:00,5.8,0,1014.1,59.0,21.2,33,1099.1666,6
2017-06-18 21:00:00,5.7,23,1014.3,37.5,19.8,36,296.1666,6
2017-06-18 22:00:00,6.1,0,1015.0,4.5,18.3,37,120.6667,6
2017-06-18 23:00:00,4.8,0,1015.6,0.0,16.9,43,0.0,6
2017-06-19 00:00:00,5.0,0,1016.3,0.0,15.6,49,0.0,6
2017-06-19 01:00:00,2.7,0,1016.4,0.0,14.5,54,0.0,6
2017-06-19 02:00:00,1.9,0,1016.5,0.0,12.9,60,0.0,6
2017-06-19 03:00:00,1.4,0,1016.8,0.0,12.4,63,0.0,6
2017-06-19 04:00:00,2.0,6,1016.7,8.2,12.1,64,0.0,6
2017-06-19 05:00:00,1.6,32,1016.8,75.8,13.9,57,0.0,6
2017-06-19 06:00:00,2.9,60,1016.7,215.1,16.0,52,108.9167,6
2017-06-19 07:00:00,2.9,55,1016.9,375.0,16.6,47,452.8334,6
2017-06-19 08:00:00,2.1,12,1016.9,300.4,17.3,47,929.3333,6
2017-06-19 09:00:00,2.8,57,1016.5,481.5,18.4,47,1986.1667,6
2017-06-19 10:00:00,2.9,60,1016.0,678.9,19.9,43,3199.6667,6
2017-06-19 11:00:00,5.2,60,1015.6,793.8,20.3,40,4567.5,6
2017-06-19 12:00:00,4.1,57,1014.8,821.3,20.7,45,5992.8334,6
2017-06-19 13:00:00,5.6,59,1014.2,814.4,21.0,40,6920.3333,6
2017-06-19 14:00:00,4.2,37,1013.3,594.1,20.3,43,6867.6666,6
2017-06-19 15:00:00,5.0,35,1012.2,504.2,20.4,44,4378.1665,6
2017-06-19 16:00:00,6.0,0,1011.6,145.5,18.8,57,3267.6668,6
2017-06-19 17:00:00,3.7,0,1011.2,60.5,17.3,76,1282.9999,6
2017-06-19 18:00:00,2.5,0,1010.4,35.6,15.9,89,652.6666,6
2017-06-19 19:00:00,3.5,0,1010.1,24.0,14.4,83,404.1667,6
2017-06-19 20:00:00,2.6,0,1009.5,24.8,13.6,82,47.3334,6
2017-06-19 21:00:00,1.0,35,1009.3,38.3,13.0,89,97.4167,6
2017-06-19 22:00:00,0.8,0,1009.4,0.0,11.7,99,165.8333,6
2017-06-19 23:00:00,0.8,0,1009.2,0.0,10.8,100,0.0,6
2017-06-20 00:00:00,2.5,0,1009.1,0.0,10.7,95,0.0,6
2017-06-20 01:00:00,0.4,0,1009.4,0.0,9.9,88,0.0,6
2017-06-20 02:00:00,3.7,0,1009.3,0.0,10.0,76,0.0,6
2017-06-20 03:00:00,3.6,0,1009.7,0.0,10.3,69,0.0,6
2017-06-20 04:00:00,5.3,9,1009.5,10.4,10.3,68,0.0,6
2017-06-20 05:00:00,1.8,32,1009.7,71.2,11.6,63,0.0,6
2017-06-20 06:00:00,5.4,60,1009.9,210.9,12.6,57,0.0,6
2017-06-20 07:00:00,3.9,60,1010.3,341.2,13.9,55,194.8333,6
2017-06-20 08:00:00,4.7,60,1010.3,473.3,15.2,47,314.1667,6
2017-06-20 09:00:00,5.4,60,1010.5,601.0,16.1,43,1744.8334,6
2017-06-20 10:00:00,5.1,57,1010.5,703.9,17.6,39,3388.6666,6
2017-06-20 11:00:00,5.4,46,1010.1,665.6,17.9,36,5211.6668,6
2017-06-20 12:00:00,4.9,56,1010.0,836.6,19.5,35,5113.0001,6
2017-06-20 13:00:00,6.4,59,1009.7,876.0,19.9,36,6075.6668,6
2017-06-20 14:00:00,7.3,53,1009.6,741.6,19.2,34,4564.6667,6
2017-06-20 15:00:00,5.9,57,1009.5,799.1,19.5,31,4258.6666,6
2017-06-20 16:00:00,5.6,56,1009.4,675.5,20.0,34,5447.8332,6
2017-06-20 17:00:00,6.2,42,1009.3,455.3,18.0,36,5568.4999,6
2017-06-20 18:00:00,5.9,32,1009.5,293.3,19.8,32,4888.6666,6
2017-06-20 19:00:00,5.4,56,1009.7,284.3,18.5,33,3328.6668,6
2017-06-20 20:00:00,4.4,58,1010.4,154.1,16.8,35,1941.4999,6
2017-06-20 21:00:00,5.3,52,1011.1,57.7,15.4,38,465.8333,6
2017-06-20 22:00:00,3.2,0,1011.2,0.0,13.8,42,172.3333,6
2017-06-20 23:00:00,2.9,0,1011.8,0.0,12.7,45,0.625,6
2017-06-21 00:00:00,4.2,0,1012.1,0.0,12.2,46,0.0,6
2017-06-21 01:00:00,2.7,0,1012.7,0.0,11.8,48,0.0,6
2017-06-21 02:00:00,1.6,0,1013.3,0.0,11.0,51,0.0,6
2017-06-21 03:00:00,1.1,0,1013.6,0.0,9.6,59,0.0,6
2017-06-21 04:00:00,1.0,9,1013.7,8.9,9.3,60,0.0,6
2017-06-21 05:00:00,0.4,32,1013.7,72.0,11.4,54,0.0,6
2017-06-21 06:00:00,1.1,60,1014.0,207.9,13.2,49,0.0,6
2017-06-21 07:00:00,2.7,60,1014.0,345.5,15.0,42,239.1667,6
2017-06-21 08:00:00,2.9,42,1014.1,404.2,14.9,44,327.1668,6
2017-06-21 09:00:00,3.5,36,1014.2,428.5,15.7,41,2132.5,6
2017-06-21 10:00:00,1.7,60,1013.7,729.8,17.1,40,2846.8333,6
2017-06-21 11:00:00,1.5,56,1013.5,688.6,17.7,36,4736.1668,6
2017-06-21 12:00:00,3.8,59,1013.1,860.8,18.8,40,6038.3334,6
2017-06-21 13:00:00,2.8,54,1012.8,839.0,18.0,37,6256.6666,6
2017-06-21 14:00:00,4.3,52,1012.0,784.3,19.2,37,2837.1667,6
2017-06-21 15:00:00,3.3,58,1011.7,731.3,20.2,34,1644.5,6
2017-06-21 16:00:00,1.9,57,1011.0,648.4,20.5,36,3883.1667,6
2017-06-21 17:00:00,5.2,17,1010.8,355.6,18.3,46,3735.0001,6
2017-06-21 18:00:00,3.4,1,1010.9,168.4,17.4,49,946.0,6
2017-06-21 19:00:00,2.8,0,1010.7,87.4,16.7,55,791.5,6
2017-06-21 20:00:00,3.2,0,1010.6,48.9,16.4,51,432.3333,6
2017-06-21 21:00:00,2.9,0,1010.6,16.6,15.6,58,157.0,6
2017-06-21 22:00:00,1.9,0,1010.7,0.0,14.2,67,56.6666,6
2017-06-21 23:00:00,2.0,0,1010.6,0.0,13.5,70,0.0,6
2017-06-22 00:00:00,0.6,0,1010.3,0.0,13.2,70,0.0,6
2017-06-22 01:00:00,0.9,0,1010.4,0.0,13.0,75,0.0,6
2017-06-22 02:00:00,1.1,0,1010.1,0.0,12.2,81,0.0,6
2017-06-22 03:00:00,2.7,0,1009.7,0.0,12.1,83,0.0,6
2017-06-22 04:00:00,2.1,0,1009.7,0.0,12.0,82,0.0,6
2017-06-22 05:00:00,2.1,0,1009.6,18.4,11.9,82,0.0,6
2017-06-22 06:00:00,4.9,0,1009.4,53.4,11.9,70,59.5,6
2017-06-22 07:00:00,3.7,0,1009.5,110.4,12.2,72,357.5,6
2017-06-22 08:00:00,3.5,1,1009.4,215.8,13.0,69,1031.3333,6
2017-06-22 09:00:00,2.6,34,1009.3,405.9,14.6,62,1309.6666,6
2017-06-22 10:00:00,1.5,60,1008.5,522.3,16.0,58,2175.6666,6
2017-06-22 11:00:00,2.1,60,1007.8,650.3,17.1,52,3801.8333,6
2017-06-22 12:00:00,1.8,48,1007.3,751.4,17.8,50,5424.1668,6
2017-06-22 13:00:00,1.9,0,1007.2,429.9,17.5,49,4237.3333,6
2017-06-22 14:00:00,1.3,21,1006.9,457.2,18.1,51,4141.6666,6
2017-06-22 15:00:00,1.3,6,1006.6,386.8,17.8,50,2971.5,6
2017-06-22 16:00:00,1.0,0,1006.5,188.0,17.6,53,2314.3334,6
2017-06-22 17:00:00,1.3,0,1006.1,198.3,18.5,49,1692.1667,6
2017-06-22 18:00:00,2.0,0,1005.9,143.5,18.0,53,1175.0,6
2017-06-22 19:00:00,1.8,0,1005.6,123.4,17.8,54,891.0001,6
2017-06-22 20:00:00,1.4,0,1005.3,85.7,17.6,55,622.8334,6
2017-06-22 21:00:00,1.1,18,1005.2,41.7,16.9,61,358.3333,6
2017-06-22 22:00:00,1.9,0,1005.3,0.0,16.1,69,7.6667,6
2017-06-22 23:00:00,1.4,0,1005.4,0.0,15.4,74,0.0,6
2017-06-23 00:00:00,1.8,0,1005.4,0.0,15.0,87,0.0,6
2017-06-23 01:00:00,1.5,0,1005.3,0.0,14.4,89,0.0,6
2017-06-23 02:00:00,1.2,0,1005.3,0.0,14.0,90,0.0,6
2017-06-23 03:00:00,1.7,0,1005.6,0.0,13.5,93,0.0,6
2017-06-23 04:00:00,1.1,0,1005.6,2.5,13.5,94,0.0,6
2017-06-23 05:00:00,0.8,6,1005.4,32.4,13.2,97,0.0,6
2017-06-23 06:00:00,1.9,34,1005.3,173.9,14.7,90,172.6666,6
2017-06-23 07:00:00,1.5,10,1005.2,203.2,15.8,85,472.0,6
2017-06-23 08:00:00,1.3,10,1005.1,285.7,16.2,81,1163.4999,6
2017-06-23 09:00:00,2.1,30,1005.0,405.2,17.0,72,2149.8334,6
2017-06-23 10:00:00,4.3,50,1004.9,507.3,17.1,73,2522.5001,6
2017-06-23 11:00:00,3.7,3,1004.7,308.8,16.8,78,2591.5,6
2017-06-23 12:00:00,3.7,0,1004.5,210.3,16.4,76,978.0,6
2017-06-23 13:00:00,3.2,0,1004.4,145.7,16.1,81,1531.6666,6
2017-06-23 14:00:00,3.6,0,1004.3,103.6,14.7,96,1266.8334,6
2017-06-23 15:00:00,3.1,0,1003.8,108.4,14.4,98,889.5,6
2017-06-23 16:00:00,2.8,0,1003.3,62.6,14.0,99,814.5,6
2017-06-23 17:00:00,3.0,0,1002.8,36.9,13.8,99,660.8333,6
2017-06-23 18:00:00,3.1,0,1002.2,23.0,14.1,100,546.0,6
2017-06-23 19:00:00,2.8,0,1001.6,20.0,14.2,100,284.1666,6
2017-06-23 20:00:00,3.0,0,1001.3,16.4,14.2,99,227.6667,6
2017-06-23 21:00:00,3.7,0,1000.8,0.0,14.2,98,249.6666,6
2017-06-23 22:00:00,1.5,0,1000.6,0.0,14.1,100,0.0,6
2017-06-23 23:00:00,1.7,0,1000.2,0.0,14.2,100,0.0,6
2017-06-24 00:00:00,1.8,0,999.7,0.0,14.3,100,0.0,6
2017-06-24 01:00:00,1.2,0,999.2,0.0,14.3,100,0.0,6
2017-06-24 02:00:00,1.6,0,998.9,0.0,14.1,100,0.0,6
2017-06-24 03:00:00,2.1,0,998.4,0.0,13.4,100,0.0,6
2017-06-24 04:00:00,1.9,0,998.1,0.0,13.4,100,0.0,6
2017-06-24 05:00:00,2.0,0,997.7,22.0,13.4,100,0.0,6
2017-06-24 06:00:00,1.8,0,997.4,68.9,13.4,97,191.8333,6
2017-06-24 07:00:00,2.3,2,997.1,164.8,14.2,80,673.8333,6
2017-06-24 08:00:00,2.5,6,997.1,241.5,14.4,76,1043.0001,6
2017-06-24 09:00:00,2.6,6,997.0,237.6,14.3,69,1440.5,6
2017-06-24 10:00:00,2.1,60,996.5,661.9,17.4,53,1573.0,6
2017-06-24 11:00:00,3.0,47,996.0,684.6,19.2,50,3709.8332,6
2017-06-24 12:00:00,4.3,29,995.9,540.4,19.8,41,4918.6667,6
2017-06-24 13:00:00,4.2,52,995.6,807.6,20.6,37,4441.8334,6
2017-06-24 14:00:00,5.6,49,995.3,696.5,20.7,32,5019.3334,6
2017-06-24 15:00:00,3.9,44,995.0,578.7,20.4,35,7133.6666,6
2017-06-24 16:00:00,4.0,33,994.7,470.8,21.3,31,6255.6666,6
2017-06-24 17:00:00,2.4,46,994.5,481.5,20.3,31,3922.3333,6
2017-06-24 18:00:00,3.8,25,994.6,275.3,20.1,39,3890.6667,6
2017-06-24 19:00:00,4.2,19,994.6,172.1,17.9,48,724.8333,6
2017-06-24 20:00:00,2.6,22,994.4,83.6,17.3,44,887.5,6
2017-06-24 21:00:00,3.1,46,994.8,72.3,16.7,44,319.6667,6
2017-06-24 22:00:00,2.2,0,995.2,1.8,14.4,45,52.1666,6
2017-06-24 23:00:00,1.7,0,995.4,0.0,13.6,51,0.0,6
2017-06-25 00:00:00,1.1,0,995.5,0.0,13.3,50,0.0,6
2017-06-25 01:00:00,3.2,0,995.6,0.0,12.6,54,0.0,6
2017-06-25 02:00:00,2.3,0,995.4,0.0,11.4,58,0.0,6
2017-06-25 03:00:00,0.6,0,995.4,0.0,9.7,65,0.0,6
2017-06-25 04:00:00,0.9,9,994.6,8.4,8.4,80,0.0,6
2017-06-25 05:00:00,2.3,23,994.7,57.8,10.3,71,0.0,6
2017-06-25 06:00:00,2.5,47,994.3,185.1,12.1,60,33.5,6
2017-06-25 07:00:00,3.2,50,993.6,297.3,13.9,57,475.3334,6
2017-06-25 08:00:00,3.4,32,993.3,301.8,14.0,57,399.3333,6
2017-06-25 09:00:00,3.4,48,993.0,450.0,14.7,53,2499.9999,6
2017-06-25 10:00:00,3.6,55,992.8,524.3,15.1,55,3470.0,6
2017-06-25 11:00:00,5.5,55,992.5,718.2,16.3,53,4798.0001,6
2017-06-25 12:00:00,4.9,58,992.3,852.3,17.4,45,5187.0,6
2017-06-25 13:00:00,6.4,60,991.7,892.4,18.6,41,6114.3332,6
2017-06-25 14:00:00,6.6,38,991.9,589.3,16.8,48,6056.8333,6
2017-06-25 15:00:00,4.9,60,991.4,667.0,17.9,40,5199.4998,6
2017-06-25 16:00:00,6.0,51,991.0,541.6,17.5,46,4969.5001,6
2017-06-25 17:00:00,5.6,29,991.1,390.6,15.8,66,2836.4999,6
2017-06-25 18:00:00,4.7,30,990.7,310.2,15.7,64,2155.5,6
2017-06-25 19:00:00,5.8,4,990.3,118.1,16.5,49,3052.0001,6
2017-06-25 20:00:00,4.8,13,990.5,76.4,15.9,50,1213.1668,6
2017-06-25 21:00:00,4.6,12,990.8,29.6,15.0,53,323.3332,6
2017-06-25 22:00:00,2.6,0,991.0,0.0,13.6,59,110.5,6
2017-06-25 23:00:00,1.7,0,990.9,0.0,12.7,64,0.0,6
2017-06-26 00:00:00,1.3,0,991.2,0.0,11.6,72,0.0,6
2017-06-26 01:00:00,3.5,0,991.7,0.0,11.7,70,0.0,6
2017-06-26 02:00:00,2.9,0,992.3,0.0,11.0,76,0.0,6
2017-06-26 03:00:00,0.9,0,993.1,0.0,11.1,74,0.0,6
2017-06-26 04:00:00,3.1,4,993.5,9.6,11.8,66,0.0,6
2017-06-26 05:00:00,1.2,15,994.0,44.6,12.6,63,0.0,6
2017-06-26 06:00:00,3.8,51,994.4,161.8,13.3,59,247.25,6
2017-06-26 07:00:00,3.4,18,994.9,194.0,13.7,57,470.3333,6
2017-06-26 08:00:00,3.8,55,995.5,381.8,15.7,49,980.3333,6
2017-06-26 09:00:00,3.6,59,995.8,561.6,17.2,46,2088.0001,6
2017-06-26 10:00:00,2.8,46,996.1,557.1,17.3,41,3091.6666,6
2017-06-26 11:00:00,5.6,14,996.6,369.8,18.8,44,3872.6667,6
2017-06-26 12:00:00,6.2,17,997.5,446.4,15.9,53,3614.3333,6
2017-06-26 13:00:00,4.8,12,997.6,509.0,18.5,43,677.8333,6
2017-06-26 14:00:00,1.8,21,997.9,480.5,19.0,41,3442.8335,6
2017-06-26 15:00:00,1.6,12,998.5,318.6,16.0,63,3930.5,6
2017-06-26 16:00:00,1.5,0,999.0,155.8,16.2,58,2470.1666,6
2017-06-26 17:00:00,1.9,17,999.5,256.5,16.0,61,2167.5,6
2017-06-26 18:00:00,1.1,11,999.8,220.3,15.9,61,1534.8333,6
2017-06-26 19:00:00,1.0,0,1000.3,86.1,15.8,63,1803.5,6
2017-06-26 20:00:00,0.9,0,1001.0,57.1,15.4,61,669.5,6
2017-06-26 21:00:00,3.4,2,1001.8,10.4,14.7,47,302.5,6
2017-06-26 22:00:00,2.9,0,1002.8,0.0,14.2,45,44.5,6
2017-06-26 23:00:00,2.6,0,1003.8,0.0,13.2,44,0.0,6
2017-06-27 00:00:00,3.7,0,1004.9,0.0,12.2,46,0.0,6
2017-06-27 01:00:00,2.1,0,1005.9,0.0,10.7,46,0.0,6
2017-06-27 02:00:00,1.0,0,1006.7,0.0,9.0,51,0.0,6
2017-06-27 03:00:00,1.4,0,1007.3,0.0,9.1,53,0.0,6
2017-06-27 04:00:00,1.0,8,1007.7,11.6,7.9,62,0.0,6
2017-06-27 05:00:00,0.7,27,1008.1,62.5,9.5,59,0.0,6
2017-06-27 06:00:00,3.3,60,1008.6,206.1,11.9,43,31.1667,6
2017-06-27 07:00:00,5.4,60,1008.6,340.0,12.8,39,259.8334,6
2017-06-27 08:00:00,3.6,60,1009.1,474.2,14.0,39,311.0,6
2017-06-27 09:00:00,4.3,60,1009.4,601.8,14.6,35,1727.6666,6
2017-06-27 10:00:00,2.8,60,1009.4,709.2,16.1,31,3384.1667,6
2017-06-27 11:00:00,2.8,60,1009.5,788.2,16.5,29,5040.5,6
2017-06-27 12:00:00,3.6,60,1009.4,837.8,17.7,30,6398.0,6
2017-06-27 13:00:00,2.8,60,1009.5,847.7,18.9,32,6620.6668,6
2017-06-27 14:00:00,4.9,60,1009.3,825.9,18.4,31,7550.6668,6
2017-06-27 15:00:00,2.5,60,1009.2,765.1,19.6,32,7294.0,6
2017-06-27 16:00:00,1.9,60,1008.9,670.8,19.5,31,6777.6668,6
2017-06-27 17:00:00,2.2,60,1008.6,552.1,19.4,29,5949.5,6
2017-06-27 18:00:00,3.1,60,1008.6,420.2,19.8,29,4784.3334,6
2017-06-27 19:00:00,1.8,60,1008.4,288.0,18.7,30,3220.5,6
2017-06-27 20:00:00,2.8,60,1008.9,159.1,16.5,43,1575.6667,6
2017-06-27 21:00:00,2.8,53,1009.3,55.0,15.4,47,419.3333,6
2017-06-27 22:00:00,1.6,0,1009.8,0.0,13.6,55,161.3333,6
2017-06-27 23:00:00,1.5,0,1010.4,0.0,11.2,70,0.0,6
2017-06-28 00:00:00,2.4,0,1010.6,0.0,10.3,72,0.0,6
2017-06-28 01:00:00,3.0,0,1010.7,0.0,9.6,75,0.0,6
2017-06-28 02:00:00,2.8,0,1011.0,0.0,8.9,77,0.0,6
2017-06-28 03:00:00,3.1,0,1011.1,0.0,9.4,73,0.0,6
2017-06-28 04:00:00,4.5,5,1010.8,18.0,11.2,64,0.0,6
2017-06-28 05:00:00,3.0,10,1011.2,60.9,11.8,54,66.6667,6
2017-06-28 06:00:00,4.9,10,1011.4,143.2,12.3,52,329.6667,6
2017-06-28 07:00:00,4.3,43,1011.2,285.0,13.7,48,657.0,6
2017-06-28 08:00:00,3.5,60,1011.4,439.4,14.7,49,674.0,6
2017-06-28 09:00:00,2.5,60,1011.3,541.0,16.5,47,1876.3334,6
2017-06-28 10:00:00,2.4,60,1011.2,632.6,16.9,44,3296.1667,6
2017-06-28 11:00:00,2.2,46,1010.9,623.2,17.6,43,4736.6666,6
2017-06-28 12:00:00,3.0,34,1010.4,585.7,19.1,36,6277.8332,6
2017-06-28 13:00:00,1.5,39,1009.8,661.2,19.0,35,7162.6666,6
2017-06-28 14:00:00,1.5,49,1009.4,790.0,21.4,32,7234.3332,6
2017-06-28 15:00:00,1.6,59,1009.1,795.1,22.1,32,7265.6668,6
2017-06-28 16:00:00,3.0,60,1008.8,693.0,21.2,31,6705.8334,6
2017-06-28 17:00:00,2.9,41,1008.5,446.8,19.8,32,5385.1666,6
2017-06-28 18:00:00,3.0,39,1008.1,289.6,20.8,29,4619.0,6
2017-06-28 19:00:00,2.4,59,1008.2,239.2,20.2,32,3284.0,6
2017-06-28 20:00:00,3.1,30,1008.5,136.6,19.4,31,1423.8334,6
2017-06-28 21:00:00,1.9,0,1008.6,40.1,18.5,35,511.1666,6
2017-06-28 22:00:00,2.3,0,1008.8,1.0,16.5,45,140.8334,6
2017-06-28 23:00:00,3.6,0,1008.7,0.0,15.9,46,0.0,6
2017-06-29 00:00:00,3.0,0,1008.8,0.0,15.5,47,0.0,6
2017-06-29 01:00:00,2.6,0,1009.1,0.0,16.3,46,0.0,6
2017-06-29 02:00:00,2.0,0,1009.1,0.0,16.2,48,0.0,6
2017-06-29 03:00:00,3.2,0,1009.1,0.0,15.3,52,0.0,6
2017-06-29 04:00:00,2.8,0,1009.0,0.0,14.5,55,0.0,6
2017-06-29 05:00:00,3.8,0,1009.4,12.1,14.7,56,0.0,6
2017-06-29 06:00:00,4.0,0,1009.6,28.9,14.4,57,0.0,6
2017-06-29 07:00:00,4.0,0,1009.5,73.4,14.8,52,302.9167,6
2017-06-29 08:00:00,4.7,0,1009.4,145.2,15.2,52,760.1667,6
2017-06-29 09:00:00,4.5,0,1009.3,255.1,16.0,50,892.1667,6
2017-06-29 10:00:00,4.0,11,1009.2,447.2,17.3,47,2010.8334,6
2017-06-29 11:00:00,5.0,0,1009.0,423.5,17.5,47,2740.0,6
2017-06-29 12:00:00,6.0,0,1008.6,477.5,17.9,46,3259.6667,6
2017-06-29 13:00:00,4.7,17,1008.1,593.6,20.0,42,3814.5001,6
2017-06-29 14:00:00,5.3,60,1007.7,751.2,20.6,40,4213.0001,6
2017-06-29 15:00:00,5.5,56,1007.2,577.8,20.7,35,6706.3334,6
2017-06-29 16:00:00,6.5,60,1006.5,587.8,21.5,31,4208.9998,6
2017-06-29 17:00:00,5.4,53,1006.3,395.2,20.6,32,3974.8333,6
2017-06-29 18:00:00,6.0,60,1006.1,401.3,21.1,31,4419.1668,6
2017-06-29 19:00:00,5.8,60,1006.1,259.0,20.7,30,2840.0,6
2017-06-29 20:00:00,4.6,59,1006.4,125.3,19.9,31,1479.5,6
2017-06-29 21:00:00,4.1,52,1007.0,60.4,18.7,33,420.6666,6
2017-06-29 22:00:00,4.7,0,1007.3,0.0,17.5,34,102.0001,6
2017-06-29 23:00:00,5.1,0,1007.8,0.0,16.1,43,0.0,6
2017-06-30 00:00:00,4.5,0,1008.1,0.0,15.2,43,0.0,6
2017-06-30 01:00:00,5.6,0,1008.4,0.0,14.5,44,0.0,6
2017-06-30 02:00:00,6.2,0,1008.2,0.0,13.8,48,0.0,6
2017-06-30 03:00:00,7.2,0,1008.1,0.0,13.3,52,0.0,6
2017-06-30 04:00:00,5.1,7,1007.9,8.9,12.9,57,0.0,6
2017-06-30 05:00:00,6.1,28,1007.7,64.1,14.2,55,0.0,6
2017-06-30 06:00:00,5.5,60,1007.4,197.9,15.5,52,31.3333,6
2017-06-30 07:00:00,5.2,60,1007.3,322.7,17.1,50,278.6666,6
2017-06-30 08:00:00,6.8,60,1007.0,454.9,18.0,47,351.1666,6
2017-06-30 09:00:00,7.0,60,1006.6,579.6,19.3,46,1728.1667,6
2017-06-30 10:00:00,8.3,60,1006.2,682.8,20.3,44,3260.6667,6
2017-06-30 11:00:00,6.7,60,1005.6,756.3,21.4,40,4942.6668,6
2017-06-30 12:00:00,7.1,60,1005.1,785.7,22.4,36,6308.3332,6
2017-06-30 13:00:00,6.3,60,1004.6,831.6,23.5,34,6931.5,6
2017-06-30 14:00:00,6.2,60,1004.2,803.6,24.0,32,7064.3334,6
2017-06-30 15:00:00,6.6,60,1004.1,741.2,23.8,33,7238.6668,6
2017-06-30 16:00:00,6.8,60,1004.2,655.1,24.1,32,6710.8334,6
2017-06-30 17:00:00,6.6,60,1004.3,525.8,23.8,33,5827.3334,6
2017-06-30 18:00:00,6.3,60,1004.3,408.6,23.6,33,4578.5001,6
2017-06-30 19:00:00,5.8,60,1004.6,277.4,23.1,32,3121.0,6
2017-06-30 20:00:00,4.3,60,1005.1,154.1,22.3,34,1495.3334,6
2017-06-30 21:00:00,3.5,51,1005.7,51.3,21.1,35,396.5,6
2017-06-30 22:00:00,2.7,0,1006.1,0.0,19.5,38,144.0,6
2017-06-30 23:00:00,3.0,0,1006.5,0.0,17.2,46,0.0,6
2017-07-01 00:00:00,2.1,0,1007.1,0.0,16.5,49,0.0,7
2017-07-01 01:00:00,2.4,0,1007.4,0.0,15.3,53,0.0,7
2017-07-01 02:00:00,2.6,0,1007.4,0.0,14.6,57,0.0,7
2017-07-01 03:00:00,3.6,0,1007.2,0.0,14.4,58,0.0,7
2017-07-01 04:00:00,4.2,6,1006.9,7.2,15.1,57,0.0,7
2017-07-01 05:00:00,4.6,27,1006.8,60.6,16.1,56,0.0,7
2017-07-01 06:00:00,4.5,60,1006.7,197.0,17.8,52,30.8333,7
2017-07-01 07:00:00,2.9,60,1006.6,328.5,19.4,47,288.1667,7
2017-07-01 08:00:00,2.9,60,1006.3,453.0,19.9,44,354.5,7
2017-07-01 09:00:00,2.9,60,1006.0,574.2,21.8,38,1754.0,7
2017-07-01 10:00:00,1.6,60,1005.5,688.4,22.6,34,3272.5001,7
2017-07-01 11:00:00,2.0,60,1005.1,762.4,23.5,32,4796.5,7
2017-07-01 12:00:00,2.4,60,1004.6,772.0,23.4,31,5844.0,7
2017-07-01 13:00:00,3.2,60,1004.1,767.2,24.1,32,6829.5,7
2017-07-01 14:00:00,2.4,60,1003.7,790.1,25.3,33,6139.8334,7
2017-07-01 15:00:00,3.1,60,1003.2,732.1,25.0,30,6256.3334,7
2017-07-01 16:00:00,2.5,60,1002.9,570.0,25.0,29,6522.8334,7
2017-07-01 17:00:00,3.1,60,1002.3,484.2,26.0,25,5260.8334,7
2017-07-01 18:00:00,1.9,60,1001.8,426.7,24.9,27,3584.1667,7
2017-07-01 19:00:00,1.6,60,1001.5,272.2,23.9,29,3137.5,7
2017-07-01 20:00:00,3.4,60,1001.5,135.4,21.9,36,1468.6667,7
2017-07-01 21:00:00,2.6,51,1001.8,47.7,20.1,49,380.5,7
2017-07-01 22:00:00,1.8,0,1001.6,0.0,18.6,52,114.9999,7
2017-07-01 23:00:00,0.4,0,1001.4,0.0,15.6,67,0.0,7
2017-07-02 00:00:00,0.9,0,1001.4,0.0,15.9,64,0.0,7
2017-07-02 01:00:00,1.9,0,1001.0,0.0,15.8,63,0.0,7
2017-07-02 02:00:00,1.8,0,1000.8,0.0,14.9,69,0.0,7
2017-07-02 03:00:00,2.2,0,1000.6,0.0,13.6,87,0.0,7
2017-07-02 04:00:00,2.8,0,1000.3,0.6,14.3,92,0.0,7
2017-07-02 05:00:00,3.8,0,1000.0,10.6,14.3,94,0.0,7
2017-07-02 06:00:00,2.2,0,999.8,18.5,14.5,92,296.25,7
2017-07-02 07:00:00,1.7,0,999.6,33.7,14.9,88,256.3333,7
2017-07-02 08:00:00,1.8,0,999.4,109.5,15.8,82,510.1667,7
2017-07-02 09:00:00,1.6,0,999.6,99.0,16.1,79,983.3333,7
2017-07-02 10:00:00,1.4,34,999.2,435.3,18.3,67,1275.6667,7
2017-07-02 11:00:00,1.5,60,998.7,591.3,20.3,57,1266.0,7
2017-07-02 12:00:00,2.6,28,998.5,617.4,21.5,55,5611.0,7
2017-07-02 13:00:00,3.5,43,997.9,693.1,22.6,47,5391.1666,7
2017-07-02 14:00:00,4.8,54,997.7,762.5,23.0,43,5163.1668,7
2017-07-02 15:00:00,3.5,21,997.5,406.3,21.7,45,6894.3334,7
2017-07-02 16:00:00,4.7,18,997.5,248.7,21.3,36,3557.1667,7
2017-07-02 17:00:00,3.6,11,997.2,245.0,22.5,37,5805.6667,7
2017-07-02 18:00:00,4.6,2,997.6,171.9,20.7,38,3615.6666,7
2017-07-02 19:00:00,4.5,28,997.8,230.0,21.1,37,3435.5001,7
2017-07-02 20:00:00,5.3,54,998.8,179.3,18.9,40,568.0,7
2017-07-02 21:00:00,4.3,46,999.3,59.7,17.2,45,446.8334,7
2017-07-02 22:00:00,3.7,0,999.8,0.0,15.5,52,129.8333,7
2017-07-02 23:00:00,3.0,0,1000.0,0.0,15.8,50,0.0,7
2017-07-03 00:00:00,2.7,0,1000.6,0.0,15.7,50,0.0,7
2017-07-03 01:00:00,2.4,0,1001.1,0.0,14.9,54,0.0,7
2017-07-03 02:00:00,2.9,0,1001.2,0.0,14.8,53,0.0,7
2017-07-03 03:00:00,3.1,0,1001.6,0.0,14.5,55,0.0,7
2017-07-03 04:00:00,3.1,0,1002.0,0.9,14.2,52,0.0,7
2017-07-03 05:00:00,1.9,0,1002.6,28.6,14.7,49,0.0,7
2017-07-03 06:00:00,2.1,0,1003.1,57.7,14.0,54,0.0,7
2017-07-03 07:00:00,2.2,1,1003.5,138.4,15.4,51,264.0,7
2017-07-03 08:00:00,5.1,11,1003.9,239.1,16.6,44,520.8334,7
2017-07-03 09:00:00,2.2,11,1004.5,325.3,17.1,43,1261.6666,7
2017-07-03 10:00:00,3.1,14,1004.8,371.5,17.4,43,876.5,7
2017-07-03 11:00:00,2.8,0,1004.9,244.6,17.9,46,925.5,7
2017-07-03 12:00:00,2.8,11,1004.9,417.0,19.1,41,2281.5,7
2017-07-03 13:00:00,2.2,23,1004.6,503.7,20.0,37,1553.6666,7
2017-07-03 14:00:00,3.8,14,1004.9,430.3,18.2,42,4013.8332,7
2017-07-03 15:00:00,4.5,27,1004.6,480.5,17.8,50,4431.3333,7
2017-07-03 16:00:00,2.7,15,1004.6,313.1,18.4,50,3091.1667,7
2017-07-03 17:00:00,2.8,0,1004.5,132.2,18.0,48,5360.1666,7
2017-07-03 18:00:00,1.9,0,1004.8,56.9,17.0,53,4317.6666,7
2017-07-03 19:00:00,3.6,0,1004.9,21.7,16.6,55,1411.1667,7
2017-07-03 20:00:00,4.5,1,1005.6,59.8,15.9,54,994.8334,7
2017-07-03 21:00:00,4.5,1,1006.0,48.0,15.0,57,521.1666,7
2017-07-03 22:00:00,2.0,0,1006.7,4.8,13.9,62,176.3333,7
2017-07-03 23:00:00,2.4,0,1007.3,0.0,13.9,63,0.0,7
2017-07-04 00:00:00,2.7,0,1007.8,0.0,14.1,64,0.0,7
2017-07-04 01:00:00,5.4,0,1008.3,0.0,13.8,63,0.0,7
2017-07-04 02:00:00,5.3,0,1008.8,0.0,13.3,61,0.0,7
2017-07-04 03:00:00,3.3,0,1009.8,0.0,12.3,66,0.0,7
2017-07-04 04:00:00,3.9,4,1010.3,7.1,12.0,61,0.0,7
2017-07-04 05:00:00,2.8,12,1011.1,41.8,12.1,60,0.0,7
2017-07-04 06:00:00,3.3,7,1011.6,91.4,13.0,53,229.5,7
2017-07-04 07:00:00,1.7,11,1012.0,150.8,13.6,53,648.5,7
2017-07-04 08:00:00,2.2,48,1012.1,430.6,16.2,49,1154.8334,7
2017-07-04 09:00:00,5.0,54,1012.6,604.0,15.3,46,2070.0,7
2017-07-04 10:00:00,3.6,33,1012.5,474.5,16.1,43,3809.0,7
2017-07-04 11:00:00,3.8,29,1012.4,555.4,16.9,39,5423.8332,7
2017-07-04 12:00:00,2.4,22,1012.1,490.8,18.3,36,6675.6666,7
2017-07-04 13:00:00,3.3,24,1012.4,487.2,18.0,33,7033.0,7
2017-07-04 14:00:00,3.6,38,1012.4,591.8,19.4,33,7034.0,7
2017-07-04 15:00:00,3.9,42,1012.4,642.0,18.9,31,6700.8334,7
2017-07-04 16:00:00,2.4,27,1012.1,355.5,19.8,33,5552.6666,7
2017-07-04 17:00:00,2.2,31,1012.1,290.7,19.5,30,5638.6664,7
2017-07-04 18:00:00,0.8,10,1012.2,135.2,18.4,34,2981.5001,7
2017-07-04 19:00:00,0.5,13,1012.3,118.8,18.4,37,2898.5,7
2017-07-04 20:00:00,2.2,25,1012.8,90.5,18.3,39,966.1667,7
2017-07-04 21:00:00,3.1,8,1013.4,22.0,15.0,55,160.0,7
2017-07-04 22:00:00,1.8,0,1014.0,0.0,13.4,77,112.6667,7
2017-07-04 23:00:00,1.4,0,1014.2,0.0,12.7,80,0.0,7
2017-07-05 00:00:00,1.5,0,1014.3,0.0,11.7,86,0.0,7
2017-07-05 01:00:00,1.4,0,1014.5,0.0,10.6,88,0.0,7
2017-07-05 02:00:00,2.6,0,1014.5,0.0,9.9,86,0.0,7
2017-07-05 03:00:00,3.1,0,1014.8,0.0,11.2,75,0.0,7
2017-07-05 04:00:00,4.1,0,1014.9,1.7,12.1,65,0.0,7
2017-07-05 05:00:00,5.6,2,1015.2,32.8,12.6,59,0.0,7
2017-07-05 06:00:00,5.4,27,1015.6,131.1,13.0,56,227.0,7
2017-07-05 07:00:00,4.5,39,1016.0,245.9,13.4,57,549.1667,7
2017-07-05 08:00:00,5.7,11,1016.4,264.6,13.5,57,1135.3333,7
2017-07-05 09:00:00,3.9,42,1016.7,376.6,14.3,55,1995.0,7
2017-07-05 10:00:00,3.1,60,1016.3,565.0,15.8,48,2990.5,7
2017-07-05 11:00:00,1.5,46,1016.0,649.8,16.7,44,4522.1667,7
2017-07-05 12:00:00,1.7,17,1015.8,431.4,16.8,45,5905.5,7
2017-07-05 13:00:00,1.3,22,1015.4,483.9,17.9,41,7016.3333,7
2017-07-05 14:00:00,2.1,44,1014.8,746.7,19.8,37,4443.6665,7
2017-07-05 15:00:00,1.9,45,1014.6,621.4,19.5,28,3891.0,7
2017-07-05 16:00:00,2.7,46,1014.4,493.6,19.1,33,4074.1666,7
2017-07-05 17:00:00,2.0,60,1014.1,542.6,21.3,27,5420.8335,7
2017-07-05 18:00:00,2.2,49,1014.1,340.3,19.9,31,3828.5002,7
2017-07-05 19:00:00,1.4,57,1014.3,257.4,19.3,31,3164.5,7
2017-07-05 20:00:00,2.2,17,1014.8,74.7,17.9,35,1525.1668,7
2017-07-05 21:00:00,2.9,39,1015.3,38.2,15.9,45,407.1667,7
2017-07-05 22:00:00,2.4,0,1015.9,0.0,14.5,52,70.1667,7
2017-07-05 23:00:00,1.6,0,1016.2,0.0,13.7,54,0.0,7
2017-07-06 00:00:00,2.9,0,1016.5,0.0,12.5,57,0.0,7
2017-07-06 01:00:00,4.0,0,1016.8,0.0,12.1,57,0.0,7
2017-07-06 02:00:00,3.8,0,1016.9,0.0,12.8,48,0.0,7
2017-07-06 03:00:00,4.2,0,1017.1,0.0,12.5,47,0.0,7
2017-07-06 04:00:00,4.5,2,1017.3,1.5,11.9,50,0.0,7
2017-07-06 05:00:00,3.9,7,1017.6,38.7,12.3,49,0.0,7
2017-07-06 06:00:00,2.5,34,1017.8,106.4,12.9,50,96.0,7
2017-07-06 07:00:00,2.5,42,1017.9,261.8,14.7,44,360.8333,7
2017-07-06 08:00:00,2.3,58,1017.8,406.5,15.2,44,534.5,7
2017-07-06 09:00:00,1.3,60,1017.5,481.7,17.2,46,1421.0,7
2017-07-06 10:00:00,2.5,60,1017.1,658.4,18.4,45,3270.3333,7
2017-07-06 11:00:00,2.6,60,1016.6,720.7,19.7,44,4784.0,7
2017-07-06 12:00:00,3.5,60,1016.2,743.3,20.7,43,5683.1668,7
2017-07-06 13:00:00,4.0,60,1015.7,791.7,21.0,48,5646.8333,7
2017-07-06 14:00:00,4.6,31,1015.5,513.5,20.5,49,5583.5,7
2017-07-06 15:00:00,5.2,46,1015.1,504.4,19.4,51,4366.1666,7
2017-07-06 16:00:00,3.8,31,1014.9,390.2,19.6,51,3651.3332,7
2017-07-06 17:00:00,4.8,4,1014.9,285.8,18.3,45,2872.0,7
2017-07-06 18:00:00,4.5,42,1014.6,284.0,17.5,56,1957.5,7
2017-07-06 19:00:00,4.0,1,1014.5,159.3,16.2,55,1543.0,7
2017-07-06 20:00:00,4.9,0,1014.5,61.6,15.1,69,980.1667,7
2017-07-06 21:00:00,3.6,0,1014.4,16.1,14.6,77,304.3333,7
2017-07-06 22:00:00,3.5,0,1014.4,0.0,14.2,80,44.5417,7
2017-07-06 23:00:00,3.1,0,1014.2,0.0,14.0,82,0.0,7
2017-07-07 00:00:00,2.3,0,1014.1,0.0,13.6,84,0.0,7
2017-07-07 01:00:00,2.1,0,1013.7,0.0,13.4,84,0.0,7
2017-07-07 02:00:00,1.7,0,1013.5,0.0,13.5,86,0.0,7
2017-07-07 03:00:00,1.9,0,1013.1,0.0,13.5,85,0.0,7
2017-07-07 04:00:00,1.8,0,1012.8,0.0,13.4,85,0.0,7
2017-07-07 05:00:00,1.6,0,1013.0,12.6,13.3,85,0.0,7
2017-07-07 06:00:00,2.5,0,1013.0,33.8,13.5,85,91.6667,7
2017-07-07 07:00:00,2.1,1,1012.6,99.2,14.4,83,419.1666,7
2017-07-07 08:00:00,2.0,0,1012.5,214.2,15.4,77,947.1666,7
2017-07-07 09:00:00,2.4,14,1012.4,332.1,16.8,67,1910.6666,7
2017-07-07 10:00:00,2.3,21,1012.4,428.2,17.1,61,2374.0001,7
2017-07-07 11:00:00,2.7,60,1012.1,566.4,18.8,59,4362.0001,7
2017-07-07 12:00:00,2.5,60,1011.8,734.4,20.5,54,4609.1666,7
2017-07-07 13:00:00,2.3,60,1011.3,817.5,20.8,49,6081.1668,7
2017-07-07 14:00:00,3.4,46,1011.1,628.0,19.9,50,6987.0,7
2017-07-07 15:00:00,3.9,55,1010.6,685.6,22.8,44,6494.1666,7
2017-07-07 16:00:00,4.5,60,1010.6,590.8,20.2,53,5650.3332,7
2017-07-07 17:00:00,3.9,38,1010.6,378.0,19.0,64,2746.0,7
2017-07-07 18:00:00,2.3,0,1010.9,128.8,16.7,75,3453.3334,7
2017-07-07 19:00:00,2.7,0,1010.6,88.4,16.7,75,1331.3334,7
2017-07-07 20:00:00,2.6,0,1010.4,48.9,16.1,80,413.8333,7
2017-07-07 21:00:00,2.8,0,1010.4,10.9,15.4,83,270.5,7
2017-07-07 22:00:00,2.5,0,1010.4,0.0,14.5,94,98.0,7
2017-07-07 23:00:00,1.7,0,1010.0,0.0,14.0,98,0.0,7
2017-07-08 00:00:00,2.1,0,1009.7,0.0,13.9,97,0.0,7
2017-07-08 01:00:00,1.8,0,1009.2,0.0,13.8,98,0.0,7
2017-07-08 02:00:00,2.0,0,1008.6,0.0,13.4,100,0.0,7
2017-07-08 03:00:00,1.4,0,1008.2,0.0,13.3,100,0.0,7
2017-07-08 04:00:00,2.1,0,1007.7,0.0,13.4,100,0.0,7
2017-07-08 05:00:00,1.7,0,1007.4,0.0,13.3,100,0.0,7
2017-07-08 06:00:00,1.9,0,1007.2,11.6,13.5,100,0.0,7
2017-07-08 07:00:00,2.0,0,1006.9,35.2,13.7,100,0.0,7
2017-07-08 08:00:00,2.2,0,1006.8,69.3,14.0,100,258.0,7
2017-07-08 09:00:00,2.6,0,1006.8,106.8,14.5,96,318.0,7
2017-07-08 10:00:00,1.6,0,1006.9,122.6,15.0,97,437.5,7
2017-07-08 11:00:00,1.7,0,1007.1,208.2,15.6,93,1059.0,7
2017-07-08 12:00:00,3.0,0,1007.0,300.9,16.3,86,1263.9999,7
2017-07-08 13:00:00,1.2,0,1006.9,312.5,17.5,84,816.5,7
2017-07-08 14:00:00,0.9,5,1006.8,338.1,18.3,77,2710.8332,7
2017-07-08 15:00:00,1.4,30,1006.6,486.8,18.1,79,2473.3334,7
2017-07-08 16:00:00,0.7,15,1006.4,253.7,19.4,71,4294.3335,7
2017-07-08 17:00:00,0.7,47,1006.2,390.6,19.6,70,2451.1667,7
2017-07-08 18:00:00,0.8,46,1006.2,398.4,19.7,71,3232.6665,7
2017-07-08 19:00:00,1.2,47,1006.2,244.0,19.5,70,3223.6667,7
2017-07-08 20:00:00,1.8,59,1006.3,121.2,18.3,71,1159.1667,7
2017-07-08 21:00:00,0.8,8,1006.5,22.4,16.6,80,237.1667,7
2017-07-08 22:00:00,2.0,0,1007.0,0.0,15.4,92,50.3334,7
2017-07-08 23:00:00,0.9,0,1007.2,0.0,14.8,95,0.0,7
2017-07-09 00:00:00,1.0,0,1007.3,0.0,14.4,97,0.0,7
2017-07-09 01:00:00,1.4,0,1007.0,0.0,14.8,98,0.0,7
2017-07-09 02:00:00,0.9,0,1007.1,0.0,15.1,97,0.0,7
2017-07-09 03:00:00,1.1,0,1006.9,0.0,14.5,97,0.0,7
2017-07-09 04:00:00,0.4,0,1006.8,0.0,14.6,97,0.0,7
2017-07-09 05:00:00,1.5,0,1007.0,9.9,14.8,97,0.0,7
2017-07-09 06:00:00,1.8,0,1007.0,23.1,14.6,93,145.1667,7
2017-07-09 07:00:00,1.7,1,1007.1,97.3,16.0,85,309.6667,7
2017-07-09 08:00:00,1.5,58,1007.4,451.1,17.2,75,969.8333,7
2017-07-09 09:00:00,2.5,23,1007.4,321.6,16.7,79,2117.1667,7
2017-07-09 10:00:00,3.1,60,1007.5,694.8,18.8,62,1804.3333,7
2017-07-09 11:00:00,3.3,50,1007.5,620.2,18.7,58,2604.3334,7
2017-07-09 12:00:00,3.1,58,1007.3,742.8,20.9,45,4239.8333,7
2017-07-09 13:00:00,4.2,46,1007.3,650.8,19.8,43,6148.1666,7
2017-07-09 14:00:00,4.7,29,1007.3,514.3,20.7,46,6520.1668,7
2017-07-09 15:00:00,5.7,39,1007.0,472.0,20.3,46,6366.0,7
2017-07-09 16:00:00,6.7,19,1007.2,356.4,19.4,49,3291.0,7
2017-07-09 17:00:00,7.0,6,1007.7,266.0,18.6,52,1195.1667,7
2017-07-09 18:00:00,6.0,10,1007.6,172.2,17.8,53,1801.4999,7
2017-07-09 19:00:00,5.2,0,1007.5,100.7,17.5,53,2053.3333,7
2017-07-09 20:00:00,5.3,0,1007.7,56.1,17.1,59,674.3334,7
2017-07-09 21:00:00,4.5,0,1007.9,26.1,16.7,61,394.1667,7
2017-07-09 22:00:00,4.2,0,1008.1,0.0,15.9,78,56.6667,7
2017-07-09 23:00:00,3.4,0,1008.1,0.0,15.4,82,0.0,7
2017-07-10 00:00:00,2.7,0,1008.1,0.0,15.0,84,0.0,7
2017-07-10 01:00:00,2.6,0,1007.9,0.0,14.6,88,0.0,7
2017-07-10 02:00:00,3.2,0,1008.0,0.0,14.8,83,0.0,7
2017-07-10 03:00:00,1.9,0,1007.9,0.0,14.0,89,0.0,7
2017-07-10 04:00:00,1.9,0,1007.8,0.0,14.0,84,0.0,7
2017-07-10 05:00:00,2.8,0,1007.7,0.4,14.4,84,0.0,7
2017-07-10 06:00:00,2.3,0,1007.8,13.6,14.4,87,99.3333,7
2017-07-10 07:00:00,2.7,0,1008.1,17.0,14.3,88,254.0001,7
2017-07-10 08:00:00,2.7,0,1008.3,45.5,14.6,83,443.3333,7
2017-07-10 09:00:00,2.7,0,1008.4,65.9,14.7,81,728.5,7
2017-07-10 10:00:00,2.7,0,1008.4,118.0,15.3,80,1139.0,7
2017-07-10 11:00:00,2.9,0,1008.4,181.0,15.6,80,896.8333,7
2017-07-10 12:00:00,3.5,0,1008.2,210.6,16.8,74,1278.3333,7
2017-07-10 13:00:00,4.4,0,1008.2,110.8,15.8,86,1300.4999,7
2017-07-10 14:00:00,3.7,0,1008.3,115.2,15.8,87,844.6666,7
2017-07-10 15:00:00,3.9,0,1008.2,119.4,14.9,95,1319.6667,7
2017-07-10 16:00:00,3.6,0,1008.1,38.6,14.8,99,1638.5,7
2017-07-10 17:00:00,2.7,0,1007.8,33.8,14.6,100,811.5001,7
2017-07-10 18:00:00,3.9,0,1007.6,11.9,14.7,100,333.1667,7
2017-07-10 19:00:00,3.8,0,1007.4,6.7,14.8,98,248.6667,7
2017-07-10 20:00:00,2.9,0,1007.3,9.3,14.8,99,264.3333,7
2017-07-10 21:00:00,3.2,0,1007.4,0.0,14.5,100,46.0,7
2017-07-10 22:00:00,2.7,0,1007.0,0.0,14.3,100,0.0,7
2017-07-10 23:00:00,3.2,0,1006.8,0.0,14.3,98,0.0,7
2017-07-11 00:00:00,2.9,0,1006.5,0.0,14.2,97,0.0,7
2017-07-11 01:00:00,2.3,0,1006.1,0.0,14.1,96,0.0,7
2017-07-11 02:00:00,2.0,0,1005.8,0.0,14.1,96,0.0,7
2017-07-11 03:00:00,2.8,0,1005.4,0.0,14.1,96,0.0,7
2017-07-11 04:00:00,2.8,0,1005.1,0.0,14.1,97,0.0,7
2017-07-11 05:00:00,2.7,0,1004.9,0.0,14.0,99,0.0,7
2017-07-11 06:00:00,3.0,0,1004.7,16.7,14.0,100,62.6667,7
2017-07-11 07:00:00,3.0,0,1004.6,8.1,14.0,100,107.3333,7
2017-07-11 08:00:00,3.1,0,1004.5,14.9,13.9,100,222.0,7
2017-07-11 09:00:00,3.2,0,1004.5,36.1,14.2,99,360.3333,7
2017-07-11 10:00:00,4.0,0,1004.5,208.5,15.3,92,578.3334,7
2017-07-11 11:00:00,3.5,4,1004.2,261.1,15.1,93,456.5,7
2017-07-11 12:00:00,2.7,0,1003.8,145.6,16.0,87,1441.1666,7
2017-07-11 13:00:00,3.6,0,1003.5,229.9,16.6,82,1546.1666,7
2017-07-11 14:00:00,2.7,0,1003.2,156.6,16.2,87,713.5,7
2017-07-11 15:00:00,3.7,0,1003.3,195.2,16.6,85,2276.1666,7
2017-07-11 16:00:00,1.1,0,1003.0,111.5,16.7,88,1528.6667,7
2017-07-11 17:00:00,3.7,0,1002.4,108.0,17.0,76,1618.5,7
2017-07-11 18:00:00,3.5,0,1002.0,100.8,17.2,74,2785.1666,7
2017-07-11 19:00:00,2.9,0,1001.8,70.2,16.9,75,1975.5,7
2017-07-11 20:00:00,3.8,0,1001.4,46.6,16.6,81,1124.9999,7
2017-07-11 21:00:00,2.9,0,1001.3,15.6,16.0,87,325.3333,7
2017-07-11 22:00:00,3.6,0,1001.0,0.0,15.5,91,105.3333,7
2017-07-11 23:00:00,3.0,0,1000.6,0.0,15.3,93,0.0,7
2017-07-12 00:00:00,2.5,0,1000.1,0.0,15.2,95,0.0,7
2017-07-12 01:00:00,4.4,0,999.8,0.0,15.0,96,0.0,7
2017-07-12 02:00:00,3.2,0,999.8,0.0,14.5,96,0.0,7
2017-07-12 03:00:00,2.2,0,999.5,0.0,13.8,98,0.0,7
2017-07-12 04:00:00,1.9,0,999.5,0.0,13.1,96,0.0,7
2017-07-12 05:00:00,1.3,13,999.5,34.6,13.4,85,0.0,7
2017-07-12 06:00:00,1.6,47,999.8,167.7,13.9,73,0.0,7
2017-07-12 07:00:00,2.4,1,1000.3,126.2,13.1,77,585.8333,7
2017-07-12 08:00:00,2.4,0,1001.1,167.6,13.7,71,1090.5,7
2017-07-12 09:00:00,3.9,0,1001.8,177.1,13.4,67,959.5,7
2017-07-12 10:00:00,4.0,0,1002.3,200.4,14.2,63,865.1667,7
2017-07-12 11:00:00,5.0,0,1002.7,351.6,14.8,57,1289.9999,7
2017-07-12 12:00:00,3.6,0,1003.0,286.4,15.1,56,1706.8332,7
2017-07-12 13:00:00,4.3,1,1003.1,333.6,15.9,54,2253.0,7
2017-07-12 14:00:00,4.7,20,1003.5,469.7,16.9,50,2482.9999,7
2017-07-12 15:00:00,4.2,8,1004.1,260.4,15.4,60,2211.8334,7
2017-07-12 16:00:00,4.6,37,1004.3,465.6,16.9,47,2529.8333,7
2017-07-12 17:00:00,5.9,21,1005.0,290.2,15.0,59,3376.3333,7
2017-07-12 18:00:00,2.7,32,1005.5,322.3,15.3,55,2711.3333,7
2017-07-12 19:00:00,5.5,12,1006.2,112.7,15.0,56,1513.0,7
2017-07-12 20:00:00,3.5,25,1006.9,105.8,13.6,62,228.1668,7
2017-07-12 21:00:00,7.0,0,1008.2,12.9,11.5,73,133.1666,7
2017-07-12 22:00:00,0.3,0,1008.2,0.0,10.5,81,33.5,7
2017-07-12 23:00:00,1.7,0,1008.8,0.0,9.5,87,0.0,7
2017-07-13 00:00:00,2.5,0,1009.5,0.0,9.1,87,0.0,7
2017-07-13 01:00:00,1.9,0,1010.1,0.0,8.7,86,0.0,7
2017-07-13 02:00:00,2.1,0,1010.5,0.0,8.2,88,0.0,7
2017-07-13 03:00:00,2.4,0,1011.1,0.0,7.8,90,0.0,7
2017-07-13 04:00:00,1.9,0,1011.3,0.0,7.2,91,0.0,7
2017-07-13 05:00:00,1.0,16,1011.7,34.0,8.5,87,0.0,7
2017-07-13 06:00:00,0.8,60,1011.8,170.6,11.4,74,0.0,7
2017-07-13 07:00:00,1.8,60,1011.8,298.5,14.2,56,67.6666,7
2017-07-13 08:00:00,1.7,60,1011.9,432.9,15.8,50,268.8333,7
2017-07-13 09:00:00,3.2,60,1012.0,560.8,17.2,43,1278.8333,7
2017-07-13 10:00:00,1.7,60,1011.9,673.7,18.9,45,3089.0,7
2017-07-13 11:00:00,2.5,54,1011.7,751.8,19.6,39,4812.6666,7
2017-07-13 12:00:00,2.3,36,1011.3,629.5,19.8,40,4771.8335,7
2017-07-13 13:00:00,1.5,21,1011.5,461.0,17.0,47,2673.3333,7
2017-07-13 14:00:00,2.2,3,1011.2,258.9,18.4,41,5672.3334,7
2017-07-13 15:00:00,2.5,0,1010.9,173.4,18.5,38,4292.1668,7
2017-07-13 16:00:00,1.6,5,1010.8,171.5,18.2,48,2612.5,7
2017-07-13 17:00:00,1.6,13,1010.7,254.9,18.3,45,2857.3333,7
2017-07-13 18:00:00,1.1,13,1010.6,191.1,18.8,41,3473.5,7
2017-07-13 19:00:00,1.6,44,1010.5,248.6,19.5,43,1107.5001,7
2017-07-13 20:00:00,1.5,29,1010.6,92.0,17.1,50,624.6666,7
2017-07-13 21:00:00,2.8,30,1010.6,26.5,14.7,64,363.3334,7
2017-07-13 22:00:00,2.1,0,1010.8,0.0,13.3,69,69.3333,7
2017-07-13 23:00:00,1.4,0,1010.9,0.0,11.6,80,0.0,7
2017-07-14 00:00:00,5.8,0,1010.7,0.0,13.2,66,0.0,7
2017-07-14 01:00:00,1.8,0,1010.8,0.0,12.3,67,0.0,7
2017-07-14 02:00:00,1.7,0,1010.9,0.0,11.8,69,0.0,7
2017-07-14 03:00:00,1.8,0,1011.0,0.0,11.1,69,0.0,7
2017-07-14 04:00:00,3.1,0,1011.0,5.1,11.5,68,0.0,7
2017-07-14 05:00:00,3.0,14,1011.3,57.2,12.2,65,0.0,7
2017-07-14 06:00:00,2.9,60,1011.3,170.9,12.9,61,226.6667,7
2017-07-14 07:00:00,3.7,60,1011.5,289.8,14.5,56,536.0,7
2017-07-14 08:00:00,4.5,60,1011.4,459.9,14.7,52,833.8334,7
2017-07-14 09:00:00,4.0,60,1011.2,545.2,15.6,50,1544.6667,7
2017-07-14 10:00:00,2.1,60,1011.0,672.0,17.2,46,3269.8334,7
2017-07-14 11:00:00,1.3,60,1010.6,761.9,18.8,47,4756.3334,7
2017-07-14 12:00:00,1.6,39,1010.6,632.5,18.9,44,5976.6666,7
2017-07-14 13:00:00,3.4,57,1010.5,836.4,20.6,42,6999.5,7
2017-07-14 14:00:00,2.0,60,1010.4,811.0,20.5,43,6821.0,7
2017-07-14 15:00:00,3.1,60,1010.3,741.5,21.1,35,6829.6668,7
2017-07-14 16:00:00,2.4,60,1010.1,640.3,20.9,36,4665.8333,7
2017-07-14 17:00:00,2.3,60,1010.1,522.7,20.9,35,3160.1668,7
2017-07-14 18:00:00,2.7,59,1010.3,393.6,20.7,35,3629.3332,7
2017-07-14 19:00:00,3.7,60,1010.6,276.1,19.8,46,3138.8333,7
2017-07-14 20:00:00,2.8,50,1011.0,106.8,17.5,55,1219.8333,7
2017-07-14 21:00:00,2.4,9,1011.5,19.5,16.1,59,339.8333,7
2017-07-14 22:00:00,2.3,0,1011.8,0.0,15.8,68,14.3333,7
2017-07-14 23:00:00,1.7,0,1012.2,0.0,14.5,79,0.0,7
2017-07-15 00:00:00,1.8,0,1012.4,0.0,12.7,86,0.0,7
2017-07-15 01:00:00,1.8,0,1012.8,0.0,11.9,89,0.0,7
2017-07-15 02:00:00,2.1,0,1012.9,0.0,11.5,91,0.0,7
2017-07-15 03:00:00,1.8,0,1013.4,0.0,11.7,90,0.0,7
2017-07-15 04:00:00,2.3,0,1013.6,0.0,12.1,91,0.0,7
2017-07-15 05:00:00,2.1,0,1014.0,28.7,12.3,90,0.0,7
2017-07-15 06:00:00,0.9,41,1014.1,161.9,14.1,87,0.0,7
2017-07-15 07:00:00,0.8,58,1014.1,274.5,16.6,77,237.3333,7
2017-07-15 08:00:00,1.1,60,1014.5,410.3,18.0,65,1018.3333,7
2017-07-15 09:00:00,1.7,60,1014.8,538.4,18.6,52,1667.5,7
2017-07-15 10:00:00,1.6,60,1014.8,645.1,20.5,56,2499.0,7
2017-07-15 11:00:00,3.5,60,1014.8,732.7,20.3,55,4668.4998,7
2017-07-15 12:00:00,3.1,60,1014.5,788.4,21.7,48,5145.3334,7
2017-07-15 13:00:00,3.4,59,1014.4,777.2,22.5,45,3631.3333,7
2017-07-15 14:00:00,5.4,60,1014.4,781.8,21.7,44,3931.1668,7
2017-07-15 15:00:00,5.2,60,1014.6,718.3,22.1,47,6764.0,7
2017-07-15 16:00:00,5.5,60,1014.7,609.2,20.5,50,6707.3334,7
2017-07-15 17:00:00,6.0,60,1014.7,450.6,19.8,48,5805.8334,7
2017-07-15 18:00:00,5.7,60,1014.5,351.1,18.9,54,4302.1665,7
2017-07-15 19:00:00,4.9,45,1014.7,164.2,17.8,65,2673.6666,7
2017-07-15 20:00:00,3.8,0,1014.9,62.2,16.6,75,916.0,7
2017-07-15 21:00:00,3.5,0,1015.1,20.5,15.6,82,300.6667,7
2017-07-15 22:00:00,3.9,0,1014.7,0.0,15.5,84,61.8334,7
2017-07-15 23:00:00,4.0,0,1014.1,0.0,15.4,85,0.0,7
2017-07-16 00:00:00,5.2,0,1013.7,0.0,15.4,86,0.0,7
2017-07-16 01:00:00,4.4,0,1013.5,0.0,15.3,86,0.0,7
2017-07-16 02:00:00,4.8,0,1012.8,0.0,14.9,85,0.0,7
2017-07-16 03:00:00,5.2,0,1012.7,0.0,13.9,89,0.0,7
2017-07-16 04:00:00,3.9,0,1012.5,0.0,12.9,97,0.0,7
2017-07-16 05:00:00,4.0,0,1011.7,0.0,13.0,100,0.0,7
2017-07-16 06:00:00,3.8,0,1011.4,2.0,13.2,100,0.0,7
2017-07-16 07:00:00,4.0,0,1011.0,8.2,13.3,100,0.0,7
2017-07-16 08:00:00,3.0,0,1010.6,10.0,13.4,100,129.8333,7
2017-07-16 09:00:00,2.2,0,1009.9,19.1,13.6,100,347.6667,7
2017-07-16 10:00:00,2.2,0,1009.4,32.8,13.9,100,288.0,7
2017-07-16 11:00:00,3.2,0,1008.9,61.8,14.4,100,526.3333,7
2017-07-16 12:00:00,1.3,0,1008.3,203.6,16.0,99,549.3333,7
2017-07-16 13:00:00,1.9,26,1007.9,647.2,18.7,85,601.3333,7
2017-07-16 14:00:00,2.0,55,1007.2,773.0,20.7,68,2872.6666,7
2017-07-16 15:00:00,2.3,60,1006.7,718.8,20.8,65,5602.3333,7
2017-07-16 16:00:00,3.4,39,1006.1,482.3,20.7,67,6005.0,7
2017-07-16 17:00:00,4.1,39,1005.6,395.8,21.0,68,5038.3333,7
2017-07-16 18:00:00,7.0,60,1005.7,418.9,21.4,34,3784.9999,7
2017-07-16 19:00:00,6.4,60,1006.3,261.9,19.9,39,2224.4999,7
2017-07-16 20:00:00,5.3,60,1007.1,137.4,17.5,44,1477.6667,7
2017-07-16 21:00:00,3.8,43,1007.9,36.8,15.7,46,378.1667,7
2017-07-16 22:00:00,4.0,0,1008.4,0.0,14.5,49,91.5,7
2017-07-16 23:00:00,3.7,0,1008.7,0.0,13.6,53,0.0,7
2017-07-17 00:00:00,5.1,0,1008.7,0.0,13.2,53,0.0,7
2017-07-17 01:00:00,3.0,0,1008.8,0.0,12.0,58,0.0,7
2017-07-17 02:00:00,0.6,0,1009.2,0.0,11.0,63,0.0,7
2017-07-17 03:00:00,2.1,0,1009.4,0.0,10.3,67,0.0,7
2017-07-17 04:00:00,1.2,0,1009.5,0.0,8.4,81,0.0,7
2017-07-17 05:00:00,1.5,0,1009.2,29.7,10.3,72,0.0,7
2017-07-17 06:00:00,3.0,9,1009.1,47.7,10.5,73,225.3333,7
2017-07-17 07:00:00,3.3,44,1009.3,229.1,13.9,61,229.0,7
2017-07-17 08:00:00,3.5,60,1009.4,422.6,16.1,54,464.8332,7
2017-07-17 09:00:00,3.8,52,1009.4,494.2,17.3,48,1087.0,7
2017-07-17 10:00:00,4.0,42,1009.5,457.1,17.1,45,3243.6667,7
2017-07-17 11:00:00,3.6,26,1009.3,467.1,18.9,41,4248.0001,7
2017-07-17 12:00:00,4.3,15,1009.2,446.7,18.3,46,3618.4999,7
2017-07-17 13:00:00,4.4,42,1009.2,695.3,19.8,41,3210.3333,7
2017-07-17 14:00:00,5.1,33,1009.2,564.6,19.7,40,3969.1667,7
2017-07-17 15:00:00,5.3,57,1009.2,634.0,20.5,36,5921.8334,7
2017-07-17 16:00:00,5.5,40,1009.1,551.2,18.8,36,6719.3334,7
2017-07-17 17:00:00,4.7,25,1009.2,335.5,19.7,37,4019.8334,7
2017-07-17 18:00:00,4.5,25,1009.2,260.6,19.7,38,2872.8333,7
2017-07-17 19:00:00,5.3,16,1009.7,164.9,18.1,38,1292.6667,7
2017-07-17 20:00:00,3.8,40,1010.3,129.9,16.7,44,543.5001,7
2017-07-17 21:00:00,3.5,21,1010.7,28.8,15.5,45,284.1667,7
2017-07-17 22:00:00,3.7,0,1011.3,0.0,13.9,52,23.6667,7
2017-07-17 23:00:00,2.5,0,1011.8,0.0,13.6,53,0.0,7
2017-07-18 00:00:00,1.3,0,1012.4,0.0,12.2,60,0.0,7
2017-07-18 01:00:00,0.8,0,1012.7,0.0,11.1,66,0.0,7
2017-07-18 02:00:00,1.0,0,1013.0,0.0,10.0,73,0.0,7
2017-07-18 03:00:00,0.9,0,1013.4,0.0,9.2,77,0.0,7
2017-07-18 04:00:00,0.6,0,1013.7,0.0,8.9,80,0.0,7
2017-07-18 05:00:00,0.9,10,1014.1,24.5,9.5,78,0.0,7
2017-07-18 06:00:00,1.9,60,1014.1,157.8,13.2,62,0.0,7
2017-07-18 07:00:00,3.1,60,1014.0,285.8,15.3,54,130.6667,7
2017-07-18 08:00:00,2.6,60,1014.3,419.0,16.7,53,275.8334,7
2017-07-18 09:00:00,3.1,60,1014.5,539.6,18.4,44,1079.8334,7
2017-07-18 10:00:00,4.0,60,1014.6,650.3,19.7,41,2930.5001,7
2017-07-18 11:00:00,4.5,60,1014.7,758.0,20.8,40,4677.8334,7
2017-07-18 12:00:00,2.1,54,1014.6,793.3,21.8,34,6054.0,7
2017-07-18 13:00:00,1.4,41,1014.6,723.9,20.8,35,5305.8331,7
2017-07-18 14:00:00,1.2,2,1014.7,249.2,21.0,38,5387.0,7
2017-07-18 15:00:00,2.0,2,1014.6,205.3,20.9,39,2539.1665,7
2017-07-18 16:00:00,1.5,12,1014.3,302.8,21.6,36,4596.6666,7
2017-07-18 17:00:00,0.9,17,1014.2,305.7,22.6,36,3842.6666,7
2017-07-18 18:00:00,2.4,13,1014.5,228.0,20.7,41,1570.0,7
2017-07-18 19:00:00,2.3,12,1014.8,125.2,20.2,45,1598.8333,7
2017-07-18 20:00:00,2.4,38,1015.1,102.8,19.4,52,523.6666,7
2017-07-18 21:00:00,2.0,17,1015.7,25.3,17.9,56,284.6667,7
2017-07-18 22:00:00,2.4,0,1016.1,0.0,15.7,70,25.0,7
2017-07-18 23:00:00,3.1,0,1016.5,0.0,14.4,73,0.0,7
2017-07-19 00:00:00,3.5,0,1016.9,0.0,14.3,65,0.0,7
2017-07-19 01:00:00,4.2,0,1017.1,0.0,14.7,58,0.0,7
2017-07-19 02:00:00,6.4,0,1017.8,0.0,14.8,55,0.0,7
2017-07-19 03:00:00,4.7,0,1018.3,0.0,14.5,54,0.0,7
2017-07-19 04:00:00,4.6,0,1018.6,0.0,13.8,57,0.0,7
2017-07-19 05:00:00,4.4,0,1018.9,27.6,13.8,58,0.0,7
2017-07-19 06:00:00,3.8,26,1019.5,129.2,14.4,56,45.8333,7
2017-07-19 07:00:00,3.0,30,1019.9,215.0,14.9,53,451.6667,7
2017-07-19 08:00:00,2.1,29,1019.8,246.1,15.9,51,441.8333,7
2017-07-19 09:00:00,2.3,60,1019.6,534.3,17.6,54,1423.6667,7
2017-07-19 10:00:00,2.4,60,1019.5,573.4,17.7,45,2361.1666,7
2017-07-19 11:00:00,1.9,6,1018.9,430.9,18.2,48,3674.1666,7
2017-07-19 12:00:00,2.7,8,1018.6,524.4,19.2,48,6079.3332,7
2017-07-19 13:00:00,1.7,17,1018.1,602.2,21.1,43,5016.6669,7
2017-07-19 14:00:00,2.4,60,1017.5,749.6,21.3,45,5383.1666,7
2017-07-19 15:00:00,2.3,60,1017.0,714.0,21.4,43,5391.3334,7
2017-07-19 16:00:00,2.0,60,1016.4,615.7,21.8,41,2670.3334,7
2017-07-19 17:00:00,2.6,60,1016.0,497.1,21.2,43,4253.0,7
2017-07-19 18:00:00,2.1,60,1015.8,367.7,20.8,44,2648.0,7
2017-07-19 19:00:00,1.7,60,1015.7,236.0,21.0,44,2611.6666,7
2017-07-19 20:00:00,1.1,60,1015.6,119.7,19.0,51,1326.3333,7
2017-07-19 21:00:00,1.3,39,1015.8,27.0,16.5,64,379.4999,7
2017-07-19 22:00:00,2.9,0,1015.8,0.0,14.6,73,71.6667,7
2017-07-19 23:00:00,1.6,0,1015.8,0.0,13.7,78,0.0,7
2017-07-20 00:00:00,2.7,0,1015.9,0.0,13.0,81,0.0,7
2017-07-20 01:00:00,2.8,0,1015.9,0.0,12.6,82,0.0,7
2017-07-20 02:00:00,1.7,0,1015.7,0.0,12.3,84,0.0,7
2017-07-20 03:00:00,2.2,0,1015.2,0.0,11.9,88,0.0,7
2017-07-20 04:00:00,3.0,0,1015.3,0.0,11.4,91,0.0,7
2017-07-20 05:00:00,1.6,10,1014.9,23.0,12.4,84,0.0,7
2017-07-20 06:00:00,1.6,60,1014.6,143.6,14.4,78,0.0,7
2017-07-20 07:00:00,1.0,60,1014.4,268.2,17.7,63,138.4167,7
2017-07-20 08:00:00,0.9,60,1014.2,401.0,19.2,55,291.6666,7
2017-07-20 09:00:00,2.1,60,1014.1,526.3,20.2,49,984.6667,7
2017-07-20 10:00:00,2.1,60,1013.7,637.2,21.5,48,2975.6666,7
2017-07-20 11:00:00,2.4,60,1013.3,723.1,23.1,42,4543.3334,7
2017-07-20 12:00:00,1.8,60,1012.9,777.4,24.2,36,5836.0,7
2017-07-20 13:00:00,3.1,60,1012.4,790.0,23.8,38,6987.3332,7
2017-07-20 14:00:00,2.4,60,1011.8,765.1,25.0,39,5354.3333,7
2017-07-20 15:00:00,3.1,60,1011.4,706.6,25.7,36,6906.8334,7
2017-07-20 16:00:00,3.0,60,1011.0,615.9,24.9,35,6367.3332,7
2017-07-20 17:00:00,2.8,60,1010.7,500.2,25.0,34,5149.1665,7
2017-07-20 18:00:00,2.3,60,1010.5,372.3,24.2,36,3218.5,7
2017-07-20 19:00:00,2.1,60,1010.5,218.4,23.5,37,2733.8333,7
2017-07-20 20:00:00,1.9,60,1010.7,130.6,22.3,42,1299.3333,7
2017-07-20 21:00:00,0.4,38,1011.0,28.9,20.8,52,294.1667,7
2017-07-20 22:00:00,1.9,0,1011.4,0.0,20.6,41,40.0,7
2017-07-20 23:00:00,1.4,0,1011.8,0.0,18.9,44,0.0,7
2017-07-21 00:00:00,1.7,0,1012.3,0.0,16.1,61,0.0,7
2017-07-21 01:00:00,2.7,0,1012.6,0.0,15.2,62,0.0,7
2017-07-21 02:00:00,2.9,0,1012.7,0.0,15.4,58,0.0,7
2017-07-21 03:00:00,3.4,0,1012.6,0.0,14.8,61,0.0,7
2017-07-21 04:00:00,2.6,0,1012.8,0.0,14.1,65,0.0,7
2017-07-21 05:00:00,2.9,10,1013.0,36.6,14.8,65,0.0,7
2017-07-21 06:00:00,2.1,33,1013.2,153.3,17.2,61,185.0,7
2017-07-21 07:00:00,2.0,20,1013.4,219.4,18.0,57,571.5,7
2017-07-21 08:00:00,1.8,0,1014.1,183.3,17.9,59,1289.1667,7
2017-07-21 09:00:00,1.8,0,1014.7,190.7,18.3,60,2190.1667,7
2017-07-21 10:00:00,1.9,0,1015.2,224.2,19.0,61,2736.0,7
2017-07-21 11:00:00,1.8,0,1015.6,259.7,19.3,64,2266.3333,7
2017-07-21 12:00:00,2.0,0,1016.1,310.5,19.7,61,2828.1666,7
2017-07-21 13:00:00,3.3,0,1016.4,272.9,19.8,61,2812.6666,7
2017-07-21 14:00:00,5.5,0,1017.0,358.8,18.8,57,2968.1667,7
2017-07-21 15:00:00,4.1,0,1017.4,204.8,18.1,59,2519.6667,7
2017-07-21 16:00:00,4.1,0,1017.4,243.2,18.3,58,2713.8333,7
2017-07-21 17:00:00,2.6,0,1017.6,228.9,18.1,64,2746.5,7
2017-07-21 18:00:00,2.8,0,1017.7,119.1,17.4,65,1793.6666,7
2017-07-21 19:00:00,1.3,0,1018.2,86.8,16.9,69,1422.0,7
2017-07-21 20:00:00,2.2,0,1018.4,46.8,16.5,69,739.3333,7
2017-07-21 21:00:00,1.8,0,1018.8,4.4,16.0,70,240.3332,7
2017-07-21 22:00:00,3.0,0,1018.8,0.0,16.0,69,6.3333,7
2017-07-21 23:00:00,1.3,0,1018.7,0.0,15.6,69,0.0,7
2017-07-22 00:00:00,1.4,0,1018.9,0.0,15.2,76,0.0,7
2017-07-22 01:00:00,0.4,0,1019.2,0.0,14.9,79,0.0,7
2017-07-22 02:00:00,1.5,0,1019.4,0.0,14.7,80,0.0,7
2017-07-22 03:00:00,1.5,0,1019.4,0.0,14.6,82,0.0,7
2017-07-22 04:00:00,1.9,0,1019.5,0.0,14.5,83,0.0,7
2017-07-22 05:00:00,1.4,0,1019.8,9.0,14.7,83,0.0,7
2017-07-22 06:00:00,0.8,0,1020.1,28.9,15.1,84,26.75,7
2017-07-22 07:00:00,0.7,0,1019.9,124.8,16.5,74,277.6666,7
2017-07-22 08:00:00,1.5,20,1020.2,257.9,17.6,72,796.6667,7
2017-07-22 09:00:00,0.9,20,1020.1,301.8,18.7,62,1264.0001,7
2017-07-22 10:00:00,1.8,60,1020.1,674.9,20.8,56,3494.8333,7
2017-07-22 11:00:00,2.8,60,1019.9,733.8,21.4,49,2525.0,7
2017-07-22 12:00:00,3.6,60,1019.8,747.4,22.0,48,3216.5,7
2017-07-22 13:00:00,2.6,60,1019.5,781.8,23.7,45,2757.5,7
2017-07-22 14:00:00,3.5,60,1019.3,722.3,23.6,41,2648.5001,7
2017-07-22 15:00:00,3.1,60,1018.9,707.1,23.9,38,6062.3334,7
2017-07-22 16:00:00,2.7,60,1018.6,560.2,23.9,39,3309.8334,7
2017-07-22 17:00:00,1.0,60,1018.2,476.6,24.0,40,2460.9999,7
2017-07-22 18:00:00,2.0,57,1018.2,251.2,22.2,42,2165.6667,7
2017-07-22 19:00:00,1.7,60,1018.0,201.5,22.2,43,2398.8334,7
2017-07-22 20:00:00,1.7,45,1018.1,99.7,20.8,48,1131.5,7
2017-07-22 21:00:00,1.7,9,1018.5,19.1,18.8,60,388.3334,7
2017-07-22 22:00:00,2.4,0,1018.6,0.0,17.0,65,33.3333,7
2017-07-22 23:00:00,3.4,0,1018.7,0.0,16.9,70,0.0,7
2017-07-23 00:00:00,0.6,0,1018.8,0.0,15.5,77,0.0,7
2017-07-23 01:00:00,0.6,0,1018.6,0.0,15.2,78,0.0,7
2017-07-23 02:00:00,0.7,0,1018.5,0.0,14.2,84,0.0,7
2017-07-23 03:00:00,1.5,0,1018.4,0.0,14.4,84,0.0,7
2017-07-23 04:00:00,2.3,0,1018.0,0.0,15.2,78,0.0,7
2017-07-23 05:00:00,0.8,0,1018.0,12.0,14.2,86,0.0,7
2017-07-23 06:00:00,2.8,37,1017.5,122.4,17.5,65,0.0,7
2017-07-23 07:00:00,1.7,18,1017.6,162.6,18.5,64,104.1667,7
2017-07-23 08:00:00,1.8,58,1017.3,311.7,20.4,57,542.6667,7
2017-07-23 09:00:00,1.5,60,1017.2,515.2,22.3,51,1104.3333,7
2017-07-23 10:00:00,1.4,60,1016.7,680.9,23.5,44,2572.6667,7
2017-07-23 11:00:00,2.5,60,1016.5,668.5,23.9,41,3765.6668,7
2017-07-23 12:00:00,2.1,60,1015.9,758.3,25.2,39,5874.1666,7
2017-07-23 13:00:00,1.3,60,1015.4,784.1,26.2,37,6740.8334,7
2017-07-23 14:00:00,1.1,57,1014.7,749.3,27.1,33,6969.1666,7
2017-07-23 15:00:00,3.7,7,1014.6,190.8,23.4,40,3886.6667,7
2017-07-23 16:00:00,2.2,0,1014.2,38.8,22.7,42,973.6666,7
2017-07-23 17:00:00,2.5,0,1013.9,51.8,22.6,46,630.4999,7
2017-07-23 18:00:00,2.8,0,1013.7,81.4,22.6,46,751.9999,7
2017-07-23 19:00:00,2.8,0,1013.8,53.4,21.9,52,706.1667,7
2017-07-23 20:00:00,3.5,0,1014.1,19.2,20.6,54,363.0,7
2017-07-23 21:00:00,4.4,0,1014.3,0.0,19.9,60,60.6667,7
2017-07-23 22:00:00,3.0,0,1014.8,0.0,18.9,66,0.0,7
2017-07-23 23:00:00,3.6,0,1014.9,0.0,17.4,79,0.0,7
2017-07-24 00:00:00,4.3,0,1014.7,0.0,17.4,76,0.0,7
2017-07-24 01:00:00,1.8,0,1014.6,0.0,17.4,75,0.0,7
2017-07-24 02:00:00,4.1,0,1014.9,0.0,17.1,77,0.0,7
2017-07-24 03:00:00,4.6,0,1014.8,0.0,16.6,79,0.0,7
2017-07-24 04:00:00,3.8,0,1014.7,0.0,16.0,83,0.0,7
2017-07-24 05:00:00,3.5,0,1015.2,3.7,15.4,84,0.0,7
2017-07-24 06:00:00,3.4,0,1015.5,25.2,15.1,79,0.0,7
2017-07-24 07:00:00,3.9,0,1015.5,93.1,15.1,75,257.8334,7
2017-07-24 08:00:00,3.8,0,1015.6,159.4,15.4,72,756.0,7
2017-07-24 09:00:00,3.0,0,1015.7,241.4,16.7,65,1792.0,7
2017-07-24 10:00:00,4.6,0,1015.9,266.4,17.0,64,1782.8334,7
2017-07-24 11:00:00,4.1,0,1015.9,319.2,17.1,65,2275.5,7
2017-07-24 12:00:00,3.2,0,1015.8,311.5,18.0,64,2838.8333,7
2017-07-24 13:00:00,2.8,0,1015.6,302.0,18.6,61,3228.0001,7
2017-07-24 14:00:00,2.9,37,1015.1,532.1,20.1,55,4745.3334,7
2017-07-24 15:00:00,3.8,58,1014.8,699.0,20.7,52,6038.3332,7
2017-07-24 16:00:00,3.1,12,1014.6,343.2,20.4,49,5188.6666,7
2017-07-24 17:00:00,3.3,10,1014.3,225.0,20.2,48,3313.5001,7
2017-07-24 18:00:00,2.9,0,1014.0,156.2,20.0,50,1301.6667,7
2017-07-24 19:00:00,3.1,0,1014.1,73.6,19.5,54,794.6667,7
2017-07-24 20:00:00,2.8,0,1014.2,30.0,18.9,57,500.6667,7
2017-07-24 21:00:00,3.5,0,1014.5,2.2,18.2,61,122.0,7
2017-07-24 22:00:00,4.0,0,1014.6,0.0,17.8,64,0.0,7
2017-07-24 23:00:00,4.3,0,1014.6,0.0,17.4,64,0.0,7
2017-07-25 00:00:00,3.1,0,1014.4,0.0,17.0,64,0.0,7
2017-07-25 01:00:00,3.2,0,1014.4,0.0,16.7,65,0.0,7
2017-07-25 02:00:00,3.5,0,1014.5,0.0,16.2,68,0.0,7
2017-07-25 03:00:00,4.2,0,1014.4,0.0,15.9,68,0.0,7
2017-07-25 04:00:00,3.6,0,1014.1,0.0,15.9,68,0.0,7
2017-07-25 05:00:00,1.8,5,1014.1,15.4,15.5,71,0.0,7
2017-07-25 06:00:00,1.0,49,1014.2,105.4,15.3,78,0.0,7
2017-07-25 07:00:00,0.4,60,1013.8,246.7,19.5,59,99.5,7
2017-07-25 08:00:00,2.9,60,1013.6,379.7,19.9,54,434.8333,7
2017-07-25 09:00:00,2.9,60,1013.3,508.8,20.8,53,825.6667,7
2017-07-25 10:00:00,3.7,60,1012.8,633.5,21.6,51,2716.0001,7
2017-07-25 11:00:00,3.4,60,1012.5,672.8,22.7,48,4331.3334,7
2017-07-25 12:00:00,4.0,44,1012.1,679.2,22.6,47,5538.5,7
2017-07-25 13:00:00,4.4,43,1011.7,685.8,23.6,42,5448.0,7
2017-07-25 14:00:00,4.2,24,1011.5,395.7,22.4,49,5696.6666,7
2017-07-25 15:00:00,3.0,17,1011.3,297.3,22.0,54,3567.5,7
2017-07-25 16:00:00,3.5,8,1011.1,166.8,22.5,51,2090.6667,7
2017-07-25 17:00:00,3.5,60,1010.8,431.1,22.6,49,1539.8334,7
2017-07-25 18:00:00,3.1,59,1010.6,319.7,22.4,48,1438.8332,7
2017-07-25 19:00:00,1.9,60,1010.4,226.7,22.2,51,2541.3333,7
2017-07-25 20:00:00,3.9,60,1010.8,139.1,21.4,53,695.5,7
2017-07-25 21:00:00,1.6,13,1011.1,17.0,19.5,62,370.5,7
2017-07-25 22:00:00,2.7,0,1011.2,0.0,18.6,67,31.8334,7
2017-07-25 23:00:00,2.8,0,1011.0,0.0,18.9,64,0.0,7
2017-07-26 00:00:00,2.3,0,1010.9,0.0,18.1,71,0.0,7
2017-07-26 01:00:00,1.7,0,1010.9,0.0,17.9,71,0.0,7
2017-07-26 02:00:00,2.0,0,1011.0,0.0,17.8,72,0.0,7
2017-07-26 03:00:00,2.7,0,1011.0,0.0,17.1,82,0.0,7
2017-07-26 04:00:00,2.6,0,1011.0,0.0,15.8,95,0.0,7
2017-07-26 05:00:00,2.2,0,1011.0,4.3,15.7,93,0.0,7
2017-07-26 06:00:00,2.7,0,1010.3,69.3,16.3,85,69.6667,7
2017-07-26 07:00:00,2.7,9,1009.9,190.6,17.4,77,488.1666,7
2017-07-26 08:00:00,2.5,0,1009.4,203.0,17.7,73,1066.8332,7
2017-07-26 09:00:00,2.6,4,1009.2,274.8,18.6,67,1866.5001,7
2017-07-26 10:00:00,1.0,19,1008.7,389.6,19.7,58,3483.0001,7
2017-07-26 11:00:00,1.9,0,1008.5,251.9,19.9,60,2708.8333,7
2017-07-26 12:00:00,2.6,5,1007.9,378.6,20.9,57,2470.8333,7
2017-07-26 13:00:00,1.9,0,1007.7,223.6,20.2,57,2018.8334,7
2017-07-26 14:00:00,0.9,0,1007.3,98.0,20.4,58,1903.0,7
2017-07-26 15:00:00,1.8,0,1006.8,131.2,20.6,59,942.8333,7
2017-07-26 16:00:00,1.6,0,1006.4,207.1,21.1,61,674.8334,7
2017-07-26 17:00:00,1.7,5,1006.0,210.8,20.9,59,833.9999,7
2017-07-26 18:00:00,3.0,2,1005.8,178.3,20.6,61,1095.8334,7
2017-07-26 19:00:00,1.9,0,1005.6,58.8,20.0,61,869.8334,7
2017-07-26 20:00:00,2.3,0,1005.5,59.4,19.6,64,802.8333,7
2017-07-26 21:00:00,1.0,0,1005.7,4.1,18.7,71,225.0,7
2017-07-26 22:00:00,1.9,0,1005.6,0.0,16.9,83,2.3333,7
2017-07-26 23:00:00,2.7,0,1005.7,0.0,15.8,84,0.0,7
2017-07-27 00:00:00,2.8,0,1005.2,0.0,16.4,79,0.0,7
2017-07-27 01:00:00,1.8,0,1004.8,0.0,16.6,77,0.0,7
2017-07-27 02:00:00,1.2,0,1004.5,0.0,16.7,77,0.0,7
2017-07-27 03:00:00,1.2,0,1004.0,0.0,16.5,78,0.0,7
2017-07-27 04:00:00,1.0,0,1003.5,0.0,16.5,77,0.0,7
2017-07-27 05:00:00,1.3,0,1003.4,7.3,16.2,81,0.0,7
2017-07-27 06:00:00,0.9,0,1003.3,19.2,16.3,82,0.0,7
2017-07-27 07:00:00,1.1,0,1003.1,29.3,16.1,91,0.0,7
2017-07-27 08:00:00,1.4,0,1002.9,112.6,17.1,85,539.8333,7
2017-07-27 09:00:00,1.5,1,1002.4,208.8,18.1,76,1240.6667,7
2017-07-27 10:00:00,0.8,1,1002.0,351.2,19.6,70,2129.8333,7
2017-07-27 11:00:00,2.1,0,1002.0,258.7,19.3,70,3648.0,7
2017-07-27 12:00:00,2.5,0,1002.0,230.4,19.5,68,2878.8333,7
2017-07-27 13:00:00,2.7,0,1002.0,286.6,19.5,68,2238.0001,7
2017-07-27 14:00:00,3.1,0,1002.1,95.7,18.9,65,1928.8334,7
2017-07-27 15:00:00,1.7,0,1002.2,159.4,17.2,89,1577.9999,7
2017-07-27 16:00:00,0.5,0,1001.8,215.0,17.9,87,808.3333,7
2017-07-27 17:00:00,1.1,0,1001.8,151.9,17.8,84,1156.1667,7
2017-07-27 18:00:00,1.6,0,1001.8,69.4,17.2,83,1054.0,7
2017-07-27 19:00:00,1.4,0,1001.6,48.4,17.3,81,586.1666,7
2017-07-27 20:00:00,1.5,0,1001.4,10.5,15.8,95,378.6667,7
2017-07-27 21:00:00,0.8,0,1001.6,0.0,15.1,99,49.5001,7
2017-07-27 22:00:00,0.5,0,1001.3,0.0,15.4,100,0.0,7
2017-07-27 23:00:00,1.6,0,1001.6,0.0,14.9,99,0.0,7
2017-07-28 00:00:00,2.4,0,1001.6,0.0,14.3,100,0.0,7
2017-07-28 01:00:00,1.0,0,1001.4,0.0,13.9,100,0.0,7
2017-07-28 02:00:00,2.1,0,1001.1,0.0,13.9,100,0.0,7
2017-07-28 03:00:00,1.1,0,1001.2,0.0,14.0,100,0.0,7
2017-07-28 04:00:00,0.7,0,1001.2,0.0,13.9,100,0.0,7
2017-07-28 05:00:00,1.8,0,1001.2,3.5,13.9,97,0.0,7
2017-07-28 06:00:00,1.3,0,1001.2,27.1,14.1,99,0.0,7
2017-07-28 07:00:00,1.0,3,1001.4,74.1,14.4,97,246.5,7
2017-07-28 08:00:00,2.6,18,1001.5,260.7,16.0,85,563.6666,7
2017-07-28 09:00:00,3.3,53,1001.7,401.4,16.4,79,1539.8334,7
2017-07-28 10:00:00,2.9,58,1001.7,611.8,18.6,65,2014.3333,7
2017-07-28 11:00:00,4.7,60,1001.9,680.6,19.0,52,3310.4999,7
2017-07-28 12:00:00,4.4,59,1001.8,744.8,20.5,51,4812.1666,7
2017-07-28 13:00:00,5.0,60,1001.7,798.7,20.4,48,4947.9998,7
2017-07-28 14:00:00,5.5,60,1002.1,758.6,20.0,50,6539.9998,7
2017-07-28 15:00:00,5.6,59,1002.5,690.7,19.6,49,7052.6666,7
2017-07-28 16:00:00,4.7,46,1002.6,461.0,18.9,54,6817.8334,7
2017-07-28 17:00:00,6.0,19,1002.7,213.5,18.4,56,5845.3336,7
2017-07-28 18:00:00,5.4,53,1003.0,301.5,17.8,60,4447.3333,7
2017-07-28 19:00:00,4.2,41,1003.3,165.2,17.0,64,2245.5,7
2017-07-28 20:00:00,4.1,21,1003.6,61.8,16.4,69,994.6667,7
2017-07-28 21:00:00,3.6,1,1004.0,7.6,15.5,75,248.0,7
2017-07-28 22:00:00,2.4,0,1004.1,0.0,14.5,81,2.5,7
2017-07-28 23:00:00,2.7,0,1004.4,0.0,14.2,84,0.0,7
2017-07-29 00:00:00,2.8,0,1004.5,0.0,13.9,88,0.0,7
2017-07-29 01:00:00,1.2,0,1004.7,0.0,13.2,94,0.0,7
2017-07-29 02:00:00,1.8,0,1004.4,0.0,13.5,92,0.0,7
2017-07-29 03:00:00,2.1,0,1004.5,0.0,13.1,95,0.0,7
2017-07-29 04:00:00,1.6,0,1004.3,0.0,13.0,96,0.0,7
2017-07-29 05:00:00,0.8,1,1004.3,17.5,13.1,96,0.0,7
2017-07-29 06:00:00,1.5,10,1004.2,94.6,13.7,92,114.25,7
2017-07-29 07:00:00,1.7,19,1004.3,171.9,14.7,83,431.4999,7
2017-07-29 08:00:00,1.6,46,1004.6,276.4,15.6,81,711.6667,7
2017-07-29 09:00:00,2.1,34,1004.5,302.2,15.7,80,1015.6667,7
2017-07-29 10:00:00,2.9,19,1004.6,259.5,17.0,70,954.8333,7
2017-07-29 11:00:00,2.6,12,1004.6,271.5,17.1,73,1685.3333,7
2017-07-29 12:00:00,4.8,6,1004.5,372.8,17.1,71,1176.5,7
2017-07-29 13:00:00,4.4,17,1004.2,499.1,19.2,59,1166.3333,7
2017-07-29 14:00:00,2.9,1,1004.0,271.0,18.6,65,1734.6666,7
2017-07-29 15:00:00,1.6,56,1003.4,544.8,19.9,55,1474.1666,7
2017-07-29 16:00:00,1.5,37,1003.1,405.4,21.0,49,4620.3333,7
2017-07-29 17:00:00,2.4,9,1003.2,213.9,18.7,63,3393.8333,7
2017-07-29 18:00:00,2.7,0,1003.4,97.8,17.9,63,992.5,7
2017-07-29 19:00:00,2.4,0,1003.2,41.2,17.1,70,401.5,7
2017-07-29 20:00:00,2.2,0,1003.5,9.6,16.4,77,183.3334,7
2017-07-29 21:00:00,3.4,0,1003.6,0.0,14.8,84,24.0,7
2017-07-29 22:00:00,2.9,0,1003.6,0.0,14.4,89,0.0,7
2017-07-29 23:00:00,2.5,0,1003.9,0.0,14.4,90,0.0,7
2017-07-30 00:00:00,2.2,0,1003.9,0.0,14.5,91,0.0,7
2017-07-30 01:00:00,1.5,0,1004.4,0.0,14.5,92,0.0,7
2017-07-30 02:00:00,0.8,0,1004.6,0.0,14.4,93,0.0,7
2017-07-30 03:00:00,1.7,0,1004.6,0.0,14.6,90,0.0,7
2017-07-30 04:00:00,1.0,0,1004.7,0.0,14.3,89,0.0,7
2017-07-30 05:00:00,0.6,0,1004.7,4.5,14.5,92,0.0,7
2017-07-30 06:00:00,0.9,0,1004.9,23.0,15.1,89,35.75,7
2017-07-30 07:00:00,1.2,0,1005.2,22.4,15.1,91,310.3333,7
2017-07-30 08:00:00,1.5,0,1005.4,42.4,15.4,90,459.6667,7
2017-07-30 09:00:00,1.7,0,1005.5,136.1,15.9,83,644.3333,7
2017-07-30 10:00:00,0.8,5,1005.3,266.3,17.7,78,1076.8333,7
2017-07-30 11:00:00,2.5,11,1005.3,356.5,18.7,69,2798.1667,7
2017-07-30 12:00:00,4.2,11,1004.9,440.0,19.2,57,3085.9999,7
2017-07-30 13:00:00,3.9,24,1004.7,534.6,19.1,60,4000.6668,7
2017-07-30 14:00:00,3.0,0,1004.6,331.5,18.6,59,3338.6668,7
2017-07-30 15:00:00,2.4,1,1004.4,249.1,18.3,66,2956.3332,7
2017-07-30 16:00:00,1.4,0,1003.8,150.7,18.2,65,1372.8333,7
2017-07-30 17:00:00,2.0,0,1003.7,70.9,17.5,67,1356.1666,7
2017-07-30 18:00:00,1.1,0,1003.6,61.8,15.6,94,351.6666,7
2017-07-30 19:00:00,3.1,0,1003.0,14.3,15.1,93,411.3333,7
2017-07-30 20:00:00,4.3,0,1001.8,1.4,15.5,90,91.5,7
2017-07-30 21:00:00,2.7,0,1001.7,0.0,15.0,96,12.8333,7
2017-07-30 22:00:00,1.5,0,1001.3,0.0,15.1,95,0.0,7
2017-07-30 23:00:00,0.9,0,1001.4,0.0,15.0,99,0.0,7
2017-07-31 00:00:00,0.9,0,1001.1,0.0,15.4,100,0.0,7
2017-07-31 01:00:00,3.4,0,1001.1,0.0,15.1,98,0.0,7
2017-07-31 02:00:00,3.5,0,1001.4,0.0,14.8,98,0.0,7
2017-07-31 03:00:00,4.1,0,1001.9,0.0,14.0,94,0.0,7
2017-07-31 04:00:00,3.8,0,1002.0,0.0,13.6,94,0.0,7
2017-07-31 05:00:00,2.0,0,1002.3,0.0,13.7,94,0.0,7
2017-07-31 06:00:00,3.8,0,1003.1,18.3,13.8,92,0.0,7
2017-07-31 07:00:00,3.8,0,1003.5,84.4,14.4,85,22.3333,7
2017-07-31 08:00:00,5.3,27,1003.9,266.2,16.1,76,217.1667,7
2017-07-31 09:00:00,3.5,52,1004.6,446.2,17.5,71,730.1666,7
2017-07-31 10:00:00,5.8,60,1005.0,628.5,18.1,65,2562.1667,7
2017-07-31 11:00:00,6.7,56,1005.3,665.3,18.9,59,3767.4999,7
2017-07-31 12:00:00,5.9,35,1005.5,645.5,19.7,56,5274.3334,7
2017-07-31 13:00:00,5.3,37,1005.8,613.4,19.5,54,6953.0,7
2017-07-31 14:00:00,6.1,43,1005.7,684.8,21.0,55,7170.8334,7
2017-07-31 15:00:00,6.4,21,1006.4,286.3,18.4,65,4708.6668,7
2017-07-31 16:00:00,1.0,0,1007.5,87.4,15.1,92,2918.4999,7
2017-07-31 17:00:00,2.8,3,1007.7,183.2,16.3,84,1462.3333,7
2017-07-31 18:00:00,4.7,0,1008.1,72.2,15.5,82,3619.0,7
2017-07-31 19:00:00,1.9,14,1008.1,115.6,15.6,86,1293.6667,7
2017-07-31 20:00:00,3.5,0,1008.3,18.1,16.1,91,758.1666,7
2017-07-31 21:00:00,4.2,0,1008.8,0.0,15.4,82,173.6666,7
2017-07-31 22:00:00,2.5,0,1008.9,0.0,14.8,93,0.0,7
2017-07-31 23:00:00,4.2,0,1009.1,0.0,14.9,95,0.0,7
2017-08-01 00:00:00,4.1,0,1009.2,0.0,15.1,92,0.0,8
2017-08-01 01:00:00,3.2,0,1009.5,0.0,14.5,90,0.0,8
2017-08-01 02:00:00,3.3,0,1009.4,0.0,13.7,90,0.0,8
2017-08-01 03:00:00,2.9,0,1010.0,0.0,13.8,91,0.0,8
2017-08-01 04:00:00,1.9,0,1010.2,0.0,13.3,92,0.0,8
2017-08-01 05:00:00,2.0,0,1010.7,9.3,13.0,94,0.0,8
2017-08-01 06:00:00,2.9,0,1011.2,35.9,13.3,93,140.5,8
2017-08-01 07:00:00,1.9,12,1011.8,123.8,14.0,88,314.8333,8
2017-08-01 08:00:00,1.8,1,1012.2,156.4,14.7,84,518.3333,8
2017-08-01 09:00:00,3.0,28,1012.4,293.4,16.3,72,1277.8333,8
2017-08-01 10:00:00,3.1,47,1012.3,492.7,18.8,60,1772.1667,8
2017-08-01 11:00:00,5.2,55,1012.7,711.0,18.2,65,4445.0002,8
2017-08-01 12:00:00,3.9,48,1012.4,680.9,18.8,58,6147.0,8
2017-08-01 13:00:00,4.3,21,1012.3,532.5,19.8,56,5934.3334,8
2017-08-01 14:00:00,5.6,22,1012.7,458.4,17.2,79,6985.8332,8
2017-08-01 15:00:00,3.6,15,1012.6,371.4,18.8,76,1844.8334,8
2017-08-01 16:00:00,4.0,23,1012.7,362.0,17.6,73,3412.1667,8
2017-08-01 17:00:00,3.7,0,1012.5,111.3,17.3,73,6453.3332,8
2017-08-01 18:00:00,4.7,0,1012.2,85.4,17.1,78,1315.0,8
2017-08-01 19:00:00,3.6,0,1011.9,86.7,17.1,75,1245.0,8
2017-08-01 20:00:00,2.6,0,1012.0,22.4,16.6,82,512.0001,8
2017-08-01 21:00:00,3.2,0,1011.6,0.0,16.2,79,35.6667,8
2017-08-01 22:00:00,3.8,0,1011.7,0.0,15.9,88,0.0,8
2017-08-01 23:00:00,2.7,0,1011.4,0.0,15.1,90,0.0,8
2017-08-02 00:00:00,3.0,0,1010.8,0.0,15.1,91,0.0,8
2017-08-02 01:00:00,2.0,0,1010.5,0.0,14.2,95,0.0,8
2017-08-02 02:00:00,1.6,0,1009.9,0.0,13.2,98,0.0,8
2017-08-02 03:00:00,0.2,0,1009.8,0.0,12.4,98,0.0,8
2017-08-02 04:00:00,1.0,0,1009.6,0.0,11.7,100,0.0,8
2017-08-02 05:00:00,2.1,0,1009.6,0.0,13.4,100,0.0,8
2017-08-02 06:00:00,2.6,0,1009.3,1.8,13.2,100,0.0,8
2017-08-02 07:00:00,1.5,0,1009.3,34.6,13.7,99,0.0,8
2017-08-02 08:00:00,3.7,0,1009.3,26.8,13.6,96,449.0,8
2017-08-02 09:00:00,2.5,12,1009.1,250.6,15.4,91,561.3333,8
2017-08-02 10:00:00,2.5,9,1009.1,293.7,16.4,82,1760.1666,8
2017-08-02 11:00:00,2.9,26,1008.7,425.2,16.5,78,3703.6666,8
2017-08-02 12:00:00,1.7,0,1008.5,78.4,15.1,91,5119.5,8
2017-08-02 13:00:00,2.4,41,1008.2,593.8,20.0,56,742.3334,8
2017-08-02 14:00:00,5.1,60,1007.8,804.8,19.6,58,3705.3335,8
2017-08-02 15:00:00,3.8,22,1008.0,379.5,18.9,62,7311.3332,8
2017-08-02 16:00:00,5.7,41,1008.0,375.2,18.0,63,5944.5001,8
2017-08-02 17:00:00,5.2,49,1007.9,393.3,19.3,58,3950.8332,8
2017-08-02 18:00:00,3.5,54,1007.8,312.6,18.4,63,4537.3333,8
2017-08-02 19:00:00,4.2,60,1007.9,200.7,17.7,64,2907.1667,8
2017-08-02 20:00:00,3.1,39,1008.5,62.4,16.8,71,1138.3333,8
2017-08-02 21:00:00,1.9,13,1008.9,5.7,15.5,75,157.8334,8
2017-08-02 22:00:00,1.5,0,1009.6,0.0,14.6,81,0.0,8
2017-08-02 23:00:00,1.6,0,1009.6,0.0,12.8,91,0.0,8
2017-08-03 00:00:00,1.1,0,1010.0,0.0,11.7,95,0.0,8
2017-08-03 01:00:00,1.1,0,1009.8,0.0,10.8,96,0.0,8
2017-08-03 02:00:00,2.2,0,1009.9,0.0,10.5,97,0.0,8
2017-08-03 03:00:00,2.4,0,1009.9,0.0,9.9,95,0.0,8
2017-08-03 04:00:00,2.3,0,1009.9,0.0,9.4,97,0.0,8
2017-08-03 05:00:00,2.1,16,1010.0,18.3,9.7,96,0.0,8
2017-08-03 06:00:00,1.8,44,1009.7,91.7,11.0,92,0.0,8
2017-08-03 07:00:00,1.2,50,1009.6,181.4,13.6,85,285.8333,8
2017-08-03 08:00:00,1.0,54,1009.1,319.0,16.2,76,630.3332,8
2017-08-03 09:00:00,1.2,60,1008.8,493.8,17.6,65,947.5,8
2017-08-03 10:00:00,1.5,60,1007.8,598.4,18.8,59,2798.3333,8
2017-08-03 11:00:00,1.1,38,1007.2,466.3,19.0,61,3999.3333,8
2017-08-03 12:00:00,1.4,37,1006.1,572.0,20.8,51,5571.5002,8
2017-08-03 13:00:00,2.4,16,1005.4,409.2,20.2,48,5309.8334,8
2017-08-03 14:00:00,2.9,0,1004.5,196.1,19.4,52,4078.5001,8
2017-08-03 15:00:00,2.4,0,1003.5,90.6,18.3,66,1792.1667,8
2017-08-03 16:00:00,2.9,0,1002.8,120.8,18.0,62,944.1666,8
2017-08-03 17:00:00,3.8,0,1002.5,61.2,15.6,82,647.8334,8
2017-08-03 18:00:00,2.9,0,1001.2,22.0,15.1,85,293.1666,8
2017-08-03 19:00:00,2.0,0,1000.8,0.7,14.8,86,206.0,8
2017-08-03 20:00:00,3.5,0,999.9,0.5,14.0,94,71.8333,8
2017-08-03 21:00:00,3.5,0,998.9,0.0,14.0,94,0.0,8
2017-08-03 22:00:00,3.8,0,998.1,0.0,13.7,97,0.0,8
2017-08-03 23:00:00,2.9,0,997.3,0.0,13.7,98,0.0,8
2017-08-04 00:00:00,2.8,0,996.6,0.0,13.7,100,0.0,8
2017-08-04 01:00:00,1.5,0,996.0,0.0,14.2,99,0.0,8
2017-08-04 02:00:00,2.8,0,995.7,0.0,14.7,100,0.0,8
2017-08-04 03:00:00,3.2,0,995.6,0.0,14.2,98,0.0,8
2017-08-04 04:00:00,2.5,0,995.4,0.0,14.2,100,0.0,8
2017-08-04 05:00:00,3.2,0,995.3,0.7,14.0,98,0.0,8
2017-08-04 06:00:00,2.4,0,995.3,21.0,13.9,98,0.0,8
2017-08-04 07:00:00,3.1,0,995.2,64.5,14.1,96,175.0,8
2017-08-04 08:00:00,2.4,0,995.3,108.5,14.6,93,609.5001,8
2017-08-04 09:00:00,2.4,0,995.2,87.7,15.1,90,1758.3333,8
2017-08-04 10:00:00,1.8,15,994.8,385.0,17.4,81,3235.5,8
2017-08-04 11:00:00,2.5,19,994.9,469.6,18.1,71,4647.0001,8
2017-08-04 12:00:00,2.1,22,994.5,560.4,19.8,69,4361.6666,8
2017-08-04 13:00:00,3.5,60,994.3,784.0,20.0,63,6683.1666,8
2017-08-04 14:00:00,3.2,48,994.2,683.1,20.3,59,6858.1668,8
2017-08-04 15:00:00,2.6,6,994.3,233.2,17.7,80,3812.1666,8
2017-08-04 16:00:00,3.3,22,994.0,248.2,18.2,74,1096.1666,8
2017-08-04 17:00:00,4.1,0,994.1,37.8,15.6,83,3315.1666,8
2017-08-04 18:00:00,1.1,0,994.8,18.2,14.1,98,922.8334,8
2017-08-04 19:00:00,1.2,9,995.0,192.6,15.5,86,214.5,8
2017-08-04 20:00:00,1.4,1,995.3,64.6,14.9,95,148.8333,8
2017-08-04 21:00:00,2.2,0,995.5,2.3,14.2,99,483.1666,8
2017-08-04 22:00:00,1.5,0,995.4,0.0,14.2,99,0.0,8
2017-08-04 23:00:00,2.1,0,995.8,0.0,14.5,97,0.0,8
2017-08-05 00:00:00,2.8,0,996.1,0.0,14.8,96,0.0,8
2017-08-05 01:00:00,1.0,0,996.3,0.0,14.3,96,0.0,8
2017-08-05 02:00:00,0.3,0,996.6,0.0,13.9,100,0.0,8
2017-08-05 03:00:00,2.5,0,997.0,0.0,14.0,97,0.0,8
2017-08-05 04:00:00,2.4,0,997.4,0.0,13.8,97,0.0,8
2017-08-05 05:00:00,1.9,0,998.0,2.0,13.9,96,0.0,8
2017-08-05 06:00:00,1.1,0,998.4,36.9,14.5,93,0.0,8
2017-08-05 07:00:00,1.8,0,998.9,87.2,15.4,88,217.8334,8
2017-08-05 08:00:00,0.7,3,999.6,130.6,16.4,83,708.1667,8
2017-08-05 09:00:00,2.1,11,1000.0,266.2,16.6,77,1041.8334,8
2017-08-05 10:00:00,1.8,8,1000.5,355.7,16.8,76,907.0,8
2017-08-05 11:00:00,1.8,37,1000.4,526.4,19.2,63,2039.5,8
2017-08-05 12:00:00,1.0,25,1000.4,504.7,19.0,64,5025.3334,8
2017-08-05 13:00:00,3.4,13,1000.7,372.3,18.2,86,6009.6667,8
2017-08-05 14:00:00,1.1,16,1000.9,474.4,18.6,70,6474.3334,8
2017-08-05 15:00:00,2.3,40,1001.1,402.1,19.8,70,2463.5,8
2017-08-05 16:00:00,2.1,0,1001.3,236.0,18.6,75,1176.8334,8
2017-08-05 17:00:00,2.1,44,1001.7,350.0,19.2,68,1266.5,8
2017-08-05 18:00:00,2.1,0,1001.5,197.6,17.9,74,985.1667,8
2017-08-05 19:00:00,3.2,10,1001.6,109.0,17.1,84,1365.0,8
2017-08-05 20:00:00,1.7,0,1002.1,37.6,16.1,82,715.0,8
2017-08-05 21:00:00,1.6,0,1002.4,0.0,15.5,91,51.0,8
2017-08-05 22:00:00,0.9,0,1002.4,0.0,15.5,88,0.0,8
2017-08-05 23:00:00,1.1,0,1002.6,0.0,15.3,88,0.0,8
2017-08-06 00:00:00,0.6,0,1002.7,0.0,14.8,92,0.0,8
2017-08-06 01:00:00,0.3,0,1002.8,0.0,14.3,98,0.0,8
2017-08-06 02:00:00,1.3,0,1002.9,0.0,14.3,99,0.0,8
2017-08-06 03:00:00,0.8,0,1002.9,0.0,14.3,99,0.0,8
2017-08-06 04:00:00,0.5,0,1002.9,0.0,14.1,100,0.0,8
2017-08-06 05:00:00,0.9,0,1003.0,0.0,13.9,100,0.0,8
2017-08-06 06:00:00,0.8,0,1003.4,5.1,13.9,100,0.0,8
2017-08-06 07:00:00,2.2,0,1003.8,17.0,13.8,100,111.0833,8
2017-08-06 08:00:00,1.2,0,1004.4,43.6,13.7,100,447.0,8
2017-08-06 09:00:00,1.4,0,1004.9,115.8,14.3,100,650.0,8
2017-08-06 10:00:00,1.7,0,1005.5,141.2,14.9,100,1053.3333,8
2017-08-06 11:00:00,2.8,0,1005.9,234.7,15.1,96,2250.3334,8
2017-08-06 12:00:00,2.9,0,1006.4,282.9,15.2,91,1868.1667,8
2017-08-06 13:00:00,3.2,0,1006.8,290.2,15.5,92,2030.1667,8
2017-08-06 14:00:00,3.3,0,1007.1,275.5,16.2,87,2916.1667,8
2017-08-06 15:00:00,2.5,0,1007.5,291.1,16.4,80,3253.3333,8
2017-08-06 16:00:00,3.0,12,1007.5,290.0,17.4,71,3901.8333,8
2017-08-06 17:00:00,2.4,16,1007.8,243.5,17.5,70,1966.5,8
2017-08-06 18:00:00,1.7,0,1007.9,105.2,17.1,76,1126.4999,8
2017-08-06 19:00:00,1.4,0,1008.4,51.0,16.5,77,804.6668,8
2017-08-06 20:00:00,1.2,0,1008.7,20.1,16.0,82,332.4999,8
2017-08-06 21:00:00,1.5,1,1009.1,0.0,15.4,91,93.5,8
2017-08-06 22:00:00,2.7,0,1009.4,0.0,14.9,89,0.0,8
2017-08-06 23:00:00,2.7,0,1010.1,0.0,14.6,69,0.0,8
2017-08-07 00:00:00,2.2,0,1010.4,0.0,13.9,67,0.0,8
2017-08-07 01:00:00,1.6,0,1010.7,0.0,12.1,81,0.0,8
2017-08-07 02:00:00,1.7,0,1011.0,0.0,11.2,86,0.0,8
2017-08-07 03:00:00,1.9,0,1011.4,0.0,10.2,94,0.0,8
2017-08-07 04:00:00,0.4,0,1011.9,0.0,9.3,99,0.0,8
2017-08-07 05:00:00,1.3,0,1012.1,1.7,9.6,97,0.0,8
2017-08-07 06:00:00,0.1,17,1012.3,58.0,11.5,93,0.0,8
2017-08-07 07:00:00,1.6,6,1012.4,129.7,13.6,79,445.3334,8
2017-08-07 08:00:00,1.8,41,1012.6,256.0,15.4,73,624.6667,8
2017-08-07 09:00:00,1.9,60,1012.7,379.7,16.8,65,400.0,8
2017-08-07 10:00:00,2.6,60,1012.9,585.6,18.2,60,2281.3333,8
2017-08-07 11:00:00,4.3,60,1012.8,663.1,18.6,51,4458.0001,8
2017-08-07 12:00:00,5.0,60,1013.1,704.8,18.2,55,5697.1668,8
2017-08-07 13:00:00,4.0,12,1013.3,449.8,18.5,53,6495.1668,8
2017-08-07 14:00:00,7.6,0,1013.9,253.0,16.7,57,4192.3334,8
2017-08-07 15:00:00,4.1,0,1014.5,126.7,14.4,79,1609.5,8
2017-08-07 16:00:00,3.5,0,1014.1,43.8,13.5,97,1039.8333,8
2017-08-07 17:00:00,2.6,0,1013.4,23.9,13.3,97,782.3334,8
2017-08-07 18:00:00,4.2,0,1012.3,9.4,13.3,96,446.8333,8
2017-08-07 19:00:00,4.4,0,1011.9,4.8,14.0,99,143.5001,8
2017-08-07 20:00:00,4.4,0,1012.2,1.9,14.6,97,56.3333,8
2017-08-07 21:00:00,3.6,0,1012.7,0.0,14.6,97,31.5,8
2017-08-07 22:00:00,2.3,0,1013.2,0.0,14.6,97,0.0,8
2017-08-07 23:00:00,3.0,0,1013.5,0.0,14.6,96,0.0,8
2017-08-08 00:00:00,3.0,0,1013.9,0.0,14.3,97,0.0,8
2017-08-08 01:00:00,2.9,0,1014.3,0.0,14.0,97,0.0,8
2017-08-08 02:00:00,2.5,0,1014.5,0.0,13.6,97,0.0,8
2017-08-08 03:00:00,2.1,0,1014.8,0.0,13.4,98,0.0,8
2017-08-08 04:00:00,2.6,0,1014.9,0.0,13.2,96,0.0,8
2017-08-08 05:00:00,1.9,0,1015.3,6.5,13.0,96,0.0,8
2017-08-08 06:00:00,1.9,4,1015.7,40.6,13.3,95,31.3333,8
2017-08-08 07:00:00,1.4,0,1016.0,92.6,14.1,91,318.3333,8
2017-08-08 08:00:00,2.5,52,1016.4,363.2,15.8,82,466.8334,8
2017-08-08 09:00:00,1.1,58,1016.7,394.2,16.3,77,694.8333,8
2017-08-08 10:00:00,2.0,59,1017.0,557.2,18.0,69,2525.0,8
2017-08-08 11:00:00,3.3,60,1017.1,656.4,18.7,61,3230.5,8
2017-08-08 12:00:00,4.2,60,1017.5,644.5,19.1,61,3202.3334,8
2017-08-08 13:00:00,3.9,60,1017.5,673.5,19.5,56,5981.0,8
2017-08-08 14:00:00,3.4,60,1017.2,735.2,19.8,55,3539.6667,8
2017-08-08 15:00:00,3.1,60,1017.1,559.9,20.0,56,5223.5,8
2017-08-08 16:00:00,3.0,59,1017.4,459.6,19.6,56,5102.1668,8
2017-08-08 17:00:00,1.9,60,1017.1,375.4,20.2,53,3115.1667,8
2017-08-08 18:00:00,2.1,60,1017.3,229.4,19.3,52,2776.8333,8
2017-08-08 19:00:00,1.5,30,1017.6,145.9,18.8,58,1845.0,8
2017-08-08 20:00:00,1.2,9,1018.0,31.2,17.4,67,699.6667,8
2017-08-08 21:00:00,1.5,3,1018.2,0.0,16.7,76,94.6667,8
2017-08-08 22:00:00,2.4,0,1018.2,0.0,16.1,76,0.0,8
2017-08-08 23:00:00,2.7,0,1018.1,0.0,15.7,79,0.0,8
2017-08-09 00:00:00,2.7,0,1017.8,0.0,15.8,75,0.0,8
2017-08-09 01:00:00,4.0,0,1017.4,0.0,15.9,72,0.0,8
2017-08-09 02:00:00,1.2,0,1018.5,0.0,13.9,100,0.0,8
2017-08-09 03:00:00,4.0,0,1017.7,0.0,13.9,96,0.0,8
2017-08-09 04:00:00,5.1,0,1017.0,0.0,14.1,96,0.0,8
2017-08-09 05:00:00,5.2,0,1016.2,0.0,14.3,94,0.0,8
2017-08-09 06:00:00,3.6,0,1016.1,4.2,14.4,94,0.0,8
2017-08-09 07:00:00,4.2,2,1016.0,36.6,14.6,96,0.0,8
2017-08-09 08:00:00,4.7,0,1015.3,117.4,15.0,93,533.8333,8
2017-08-09 09:00:00,5.5,0,1014.9,49.5,14.8,94,536.5,8
2017-08-09 10:00:00,6.3,0,1014.6,35.2,14.8,92,525.8334,8
2017-08-09 11:00:00,5.6,0,1014.1,18.3,14.6,96,194.3332,8
2017-08-09 12:00:00,6.2,0,1013.4,80.6,15.2,92,77.8334,8
2017-08-09 13:00:00,5.8,0,1012.9,68.8,14.8,95,199.6666,8
2017-08-09 14:00:00,4.8,0,1012.6,21.4,14.7,97,137.8334,8
2017-08-09 15:00:00,4.0,0,1012.1,11.0,14.5,100,0.0,8
2017-08-09 16:00:00,3.7,0,1011.8,9.1,14.6,100,0.0,8
2017-08-09 17:00:00,5.7,0,1011.1,14.2,14.4,100,71.8334,8
2017-08-09 18:00:00,4.6,0,1010.6,14.4,14.7,99,16.8333,8
2017-08-09 19:00:00,2.8,0,1010.7,23.2,14.8,99,11.1667,8
2017-08-09 20:00:00,3.3,0,1010.5,4.8,14.9,98,0.0,8
2017-08-09 21:00:00,1.9,0,1010.8,0.0,14.8,98,0.0,8
2017-08-09 22:00:00,2.5,0,1011.0,0.0,14.8,98,0.0,8
2017-08-09 23:00:00,2.8,0,1010.9,0.0,14.8,97,0.0,8
2017-08-10 00:00:00,1.2,0,1011.2,0.0,14.7,98,0.0,8
2017-08-10 01:00:00,0.7,0,1011.0,0.0,14.2,100,0.0,8
2017-08-10 02:00:00,0.7,0,1011.3,0.0,14.2,100,0.0,8
2017-08-10 03:00:00,1.0,0,1011.5,0.0,14.4,100,0.0,8
2017-08-10 04:00:00,0.6,0,1011.4,0.0,13.5,100,0.0,8
2017-08-10 05:00:00,1.3,0,1011.5,0.0,12.7,100,0.0,8
2017-08-10 06:00:00,0.8,26,1012.1,53.6,13.4,100,0.0,8
2017-08-10 07:00:00,1.3,3,1012.4,69.2,14.4,98,37.5,8
2017-08-10 08:00:00,2.1,53,1012.7,347.2,17.3,85,700.6666,8
2017-08-10 09:00:00,2.0,23,1013.3,288.6,18.1,77,576.3333,8
2017-08-10 10:00:00,2.2,51,1013.3,464.6,19.0,73,2276.8333,8
2017-08-10 11:00:00,2.0,60,1013.3,674.4,20.7,72,3211.8334,8
2017-08-10 12:00:00,3.0,58,1013.5,766.7,21.0,66,3169.3333,8
2017-08-10 13:00:00,3.6,59,1013.6,698.5,22.4,50,4439.3332,8
2017-08-10 14:00:00,2.4,31,1013.7,435.6,21.8,57,5831.0,8
2017-08-10 15:00:00,3.3,60,1013.8,625.6,21.8,49,3302.6666,8
2017-08-10 16:00:00,3.6,55,1013.7,466.1,23.4,41,4737.4999,8
2017-08-10 17:00:00,2.9,60,1013.8,375.7,23.2,39,4828.1666,8
2017-08-10 18:00:00,4.4,60,1013.7,292.7,21.9,41,3617.8333,8
2017-08-10 19:00:00,2.3,55,1014.0,143.6,20.6,46,2506.6666,8
2017-08-10 20:00:00,1.4,42,1014.3,40.5,18.4,55,679.0001,8
2017-08-10 21:00:00,1.6,0,1014.5,0.0,17.3,86,91.1667,8
2017-08-10 22:00:00,1.8,0,1014.8,0.0,15.2,92,0.0,8
2017-08-10 23:00:00,0.7,0,1015.1,0.0,13.9,95,0.0,8
2017-08-11 00:00:00,2.0,0,1015.4,0.0,13.2,97,0.0,8
2017-08-11 01:00:00,2.2,0,1015.0,0.0,12.5,99,0.0,8
2017-08-11 02:00:00,1.5,0,1014.6,0.0,11.8,100,0.0,8
2017-08-11 03:00:00,1.9,0,1013.9,0.0,11.4,99,0.0,8
2017-08-11 04:00:00,2.5,0,1013.7,0.0,10.9,100,0.0,8
2017-08-11 05:00:00,1.6,4,1013.6,1.5,10.7,100,0.0,8
2017-08-11 06:00:00,1.2,54,1013.3,68.0,11.8,99,0.0,8
2017-08-11 07:00:00,1.0,17,1013.2,145.9,14.2,95,0.0,8
2017-08-11 08:00:00,1.8,57,1012.7,342.7,15.7,79,24.6666,8
2017-08-11 09:00:00,3.3,60,1012.2,463.1,17.2,68,163.3334,8
2017-08-11 10:00:00,2.3,60,1012.1,558.0,18.8,60,1869.8332,8
2017-08-11 11:00:00,4.2,60,1011.3,651.3,20.3,52,4250.3334,8
2017-08-11 12:00:00,3.5,60,1010.3,715.4,21.2,53,5828.5,8
2017-08-11 13:00:00,5.5,60,1009.9,722.2,21.4,51,6724.6668,8
2017-08-11 14:00:00,5.1,60,1009.5,691.6,21.6,48,6912.3334,8
2017-08-11 15:00:00,5.9,60,1009.4,634.5,21.1,53,6865.1666,8
2017-08-11 16:00:00,5.1,60,1008.9,531.3,20.3,56,6394.6666,8
2017-08-11 17:00:00,6.2,60,1008.8,423.3,19.3,62,5529.6666,8
2017-08-11 18:00:00,4.7,60,1008.4,285.9,18.3,69,4236.5001,8
2017-08-11 19:00:00,5.1,25,1007.8,100.0,17.0,77,2629.6667,8
2017-08-11 20:00:00,4.8,0,1007.9,11.5,16.2,84,797.1666,8
2017-08-11 21:00:00,4.1,0,1007.7,0.0,15.4,89,24.6666,8
2017-08-11 22:00:00,2.2,0,1006.8,0.0,14.9,91,0.0,8
2017-08-11 23:00:00,2.7,0,1006.6,0.0,14.8,88,0.0,8
2017-08-12 00:00:00,2.7,0,1006.2,0.0,14.3,90,0.0,8
2017-08-12 01:00:00,4.2,0,1005.8,0.0,14.6,83,0.0,8
2017-08-12 02:00:00,3.7,0,1006.2,0.0,14.3,83,0.0,8
2017-08-12 03:00:00,3.3,0,1005.6,0.0,14.2,83,0.0,8
2017-08-12 04:00:00,3.2,0,1005.1,0.0,14.3,82,0.0,8
2017-08-12 05:00:00,2.8,0,1004.5,0.0,13.6,91,0.0,8
2017-08-12 06:00:00,2.0,0,1004.1,23.2,13.5,97,0.0,8
2017-08-12 07:00:00,2.6,0,1004.0,40.4,14.0,92,0.0,8
2017-08-12 08:00:00,3.7,11,1004.3,132.3,15.0,86,476.0,8
2017-08-12 09:00:00,2.5,0,1004.3,121.2,15.2,87,795.3334,8
2017-08-12 10:00:00,2.8,26,1004.1,337.7,17.0,77,1325.8334,8
2017-08-12 11:00:00,1.6,31,1004.0,457.8,18.3,76,1956.6666,8
2017-08-12 12:00:00,2.1,19,1003.9,434.9,18.0,73,3588.1667,8
2017-08-12 13:00:00,2.8,10,1003.5,379.6,18.4,74,3502.3333,8
2017-08-12 14:00:00,3.9,52,1002.6,609.4,19.7,66,3882.6667,8
2017-08-12 15:00:00,4.3,36,1002.2,447.7,19.6,68,3219.1667,8
2017-08-12 16:00:00,4.5,29,1002.1,370.6,18.7,71,2704.1667,8
2017-08-12 17:00:00,4.5,0,1002.0,130.2,18.0,78,2783.5,8
2017-08-12 18:00:00,3.5,0,1001.7,60.6,17.0,86,1609.8334,8
2017-08-12 19:00:00,3.1,0,1001.5,32.5,17.0,87,592.3333,8
2017-08-12 20:00:00,4.0,0,1001.2,0.0,16.3,94,424.0001,8
2017-08-12 21:00:00,3.4,0,1001.2,0.0,15.8,98,4.3333,8
2017-08-12 22:00:00,3.6,0,1001.4,0.0,14.2,93,0.0,8
2017-08-12 23:00:00,1.5,0,1001.8,0.0,13.5,99,0.0,8
2017-08-13 00:00:00,6.2,0,1002.2,0.0,13.2,85,0.0,8
2017-08-13 01:00:00,4.0,0,1003.2,0.0,12.2,87,0.0,8
2017-08-13 02:00:00,3.7,0,1003.5,0.0,11.9,88,0.0,8
2017-08-13 03:00:00,3.9,0,1004.2,0.0,11.8,84,0.0,8
2017-08-13 04:00:00,1.9,0,1005.1,0.0,11.6,83,0.0,8
2017-08-13 05:00:00,2.5,0,1005.7,0.0,11.3,82,0.0,8
2017-08-13 06:00:00,3.6,0,1006.8,15.2,11.2,75,0.0,8
2017-08-13 07:00:00,3.8,13,1007.3,108.6,12.5,68,48.6667,8
2017-08-13 08:00:00,5.3,60,1008.1,337.5,13.5,62,484.0,8
2017-08-13 09:00:00,3.2,60,1008.9,471.4,15.2,53,296.8333,8
2017-08-13 10:00:00,3.8,55,1009.6,526.3,15.1,49,1944.6667,8
2017-08-13 11:00:00,3.8,60,1010.0,672.1,16.9,43,3517.6666,8
2017-08-13 12:00:00,3.0,58,1010.3,750.1,18.2,45,5352.1667,8
2017-08-13 13:00:00,2.9,53,1010.4,682.9,19.4,40,6953.3334,8
2017-08-13 14:00:00,2.8,55,1010.5,663.7,19.5,40,6198.5,8
2017-08-13 15:00:00,2.9,48,1010.8,522.3,18.8,42,6832.5,8
2017-08-13 16:00:00,1.9,17,1011.2,271.4,18.4,43,6152.0,8
2017-08-13 17:00:00,3.6,53,1011.4,386.0,20.2,31,5567.8334,8
2017-08-13 18:00:00,3.5,60,1011.7,292.4,18.5,35,3981.1666,8
2017-08-13 19:00:00,2.6,60,1012.4,156.5,17.7,37,1933.0,8
2017-08-13 20:00:00,2.5,53,1013.2,43.3,15.6,44,852.5,8
2017-08-13 21:00:00,4.3,0,1013.9,0.0,15.3,45,85.8334,8
2017-08-13 22:00:00,3.6,0,1014.4,0.0,14.4,49,0.0,8
2017-08-13 23:00:00,4.6,0,1015.2,0.0,13.6,51,0.0,8
2017-08-14 00:00:00,0.8,0,1015.7,0.0,11.4,61,0.0,8
2017-08-14 01:00:00,1.8,0,1016.1,0.0,12.0,56,0.0,8
2017-08-14 02:00:00,1.2,0,1016.8,0.0,10.4,64,0.0,8
2017-08-14 03:00:00,1.1,0,1017.5,0.0,8.3,81,0.0,8
2017-08-14 04:00:00,1.8,0,1017.7,0.0,7.7,85,0.0,8
2017-08-14 05:00:00,0.9,0,1018.6,0.0,7.1,87,0.0,8
2017-08-14 06:00:00,2.4,54,1018.8,66.0,8.5,82,0.0,8
2017-08-14 07:00:00,0.9,60,1019.3,189.1,12.5,64,0.0,8
2017-08-14 08:00:00,1.0,60,1019.6,323.1,14.6,58,0.0,8
2017-08-14 09:00:00,1.9,60,1019.9,451.8,15.7,52,67.0,8
2017-08-14 10:00:00,1.9,60,1020.4,564.8,16.8,51,1816.8333,8
2017-08-14 11:00:00,2.2,60,1020.4,653.6,18.1,45,4359.1666,8
2017-08-14 12:00:00,3.4,60,1020.5,705.6,18.9,41,6022.8334,8
2017-08-14 13:00:00,3.4,60,1020.5,718.4,18.9,39,6739.3334,8
2017-08-14 14:00:00,2.9,60,1020.4,696.1,19.7,38,6357.1666,8
2017-08-14 15:00:00,2.8,60,1020.4,630.7,20.2,36,5804.4999,8
2017-08-14 16:00:00,3.3,60,1020.2,516.2,19.3,43,5568.6666,8
2017-08-14 17:00:00,3.6,60,1020.2,391.3,18.5,45,4551.3333,8
2017-08-14 18:00:00,2.9,49,1020.5,204.4,17.2,54,2633.5001,8
2017-08-14 19:00:00,4.6,0,1020.6,67.7,16.6,60,1305.3333,8
2017-08-14 20:00:00,3.7,0,1021.1,13.8,15.6,67,314.1667,8
2017-08-14 21:00:00,3.0,0,1021.6,0.0,14.9,74,18.8333,8
2017-08-14 22:00:00,2.3,0,1021.5,0.0,14.5,78,0.0,8
2017-08-14 23:00:00,1.9,0,1021.6,0.0,14.0,84,0.0,8
2017-08-15 00:00:00,2.2,0,1021.8,0.0,14.0,85,0.0,8
2017-08-15 01:00:00,1.6,0,1021.5,0.0,13.6,89,0.0,8
2017-08-15 02:00:00,1.7,0,1021.3,0.0,13.4,89,0.0,8
2017-08-15 03:00:00,1.8,0,1021.5,0.0,13.2,93,0.0,8
2017-08-15 04:00:00,1.2,0,1021.3,0.0,13.1,92,0.0,8
2017-08-15 05:00:00,0.9,0,1021.5,0.0,12.7,94,0.0,8
2017-08-15 06:00:00,0.6,1,1021.3,45.9,13.9,88,0.0,8
2017-08-15 07:00:00,0.6,2,1021.2,58.3,14.6,84,308.0,8
2017-08-15 08:00:00,2.4,8,1021.2,150.1,15.3,85,719.3334,8
2017-08-15 09:00:00,2.3,2,1020.8,280.3,16.4,82,1136.6666,8
2017-08-15 10:00:00,3.3,52,1020.5,470.1,18.1,70,1580.3333,8
2017-08-15 11:00:00,4.1,57,1019.8,649.5,18.7,56,2722.1668,8
2017-08-15 12:00:00,3.0,24,1019.4,430.8,18.6,53,4117.3332,8
2017-08-15 13:00:00,2.2,0,1019.1,184.5,17.9,59,2876.6667,8
2017-08-15 14:00:00,1.5,0,1018.8,101.8,16.4,71,1897.5,8
2017-08-15 15:00:00,1.6,0,1018.5,33.8,16.4,66,564.5,8
2017-08-15 16:00:00,1.1,0,1018.1,20.2,14.9,81,401.0,8
2017-08-15 17:00:00,2.7,0,1016.9,30.7,15.2,77,154.8333,8
2017-08-15 18:00:00,3.0,0,1016.0,28.6,15.7,75,103.5,8
2017-08-15 19:00:00,1.6,0,1015.8,1.3,15.8,75,54.1667,8
2017-08-15 20:00:00,1.8,0,1015.2,0.4,16.2,75,0.0,8
2017-08-15 21:00:00,2.3,0,1014.6,0.0,16.6,82,0.0,8
2017-08-15 22:00:00,1.4,0,1014.2,0.0,14.5,100,0.0,8
2017-08-15 23:00:00,1.7,0,1013.7,0.0,14.5,100,0.0,8
2017-08-16 00:00:00,1.2,0,1012.7,0.0,14.5,100,0.0,8
2017-08-16 01:00:00,2.1,0,1012.1,0.0,14.4,100,0.0,8
2017-08-16 02:00:00,1.4,0,1011.5,0.0,14.3,100,0.0,8
2017-08-16 03:00:00,1.0,0,1011.2,0.0,14.2,100,0.0,8
2017-08-16 04:00:00,2.3,0,1011.0,0.0,14.5,100,0.0,8
2017-08-16 05:00:00,1.5,0,1011.2,0.0,14.5,100,0.0,8
2017-08-16 06:00:00,2.0,0,1011.6,0.0,14.5,100,0.0,8
2017-08-16 07:00:00,2.3,0,1011.9,48.3,14.8,100,56.0,8
2017-08-16 08:00:00,1.9,19,1012.3,199.5,15.8,99,320.5,8
2017-08-16 09:00:00,2.6,22,1013.1,286.0,17.0,87,734.1666,8
2017-08-16 10:00:00,2.4,57,1013.4,554.3,18.6,78,1879.6667,8
2017-08-16 11:00:00,2.5,54,1013.6,591.8,20.0,70,4296.0002,8
2017-08-16 12:00:00,4.4,58,1014.0,666.7,21.2,51,6027.1668,8
2017-08-16 13:00:00,2.0,50,1014.3,639.4,21.1,50,6298.3334,8
2017-08-16 14:00:00,3.5,37,1014.4,449.9,20.4,48,6599.1668,8
2017-08-16 15:00:00,3.4,60,1014.3,665.6,22.2,47,6033.8334,8
2017-08-16 16:00:00,4.7,47,1014.6,372.1,21.4,45,4962.0001,8
2017-08-16 17:00:00,3.5,36,1014.9,269.2,20.8,48,3231.0,8
2017-08-16 18:00:00,3.3,23,1015.2,151.9,20.0,54,3551.5001,8
2017-08-16 19:00:00,3.9,49,1015.5,114.7,19.3,60,1970.8333,8
2017-08-16 20:00:00,2.9,28,1016.2,24.7,18.0,69,652.3334,8
2017-08-16 21:00:00,2.3,0,1016.7,0.0,16.6,77,17.8333,8
2017-08-16 22:00:00,3.0,0,1016.7,0.0,15.8,83,0.0,8
2017-08-16 23:00:00,1.6,0,1017.2,0.0,14.4,91,0.0,8
2017-08-17 00:00:00,1.1,0,1017.2,0.0,13.1,97,0.0,8
2017-08-17 01:00:00,1.4,0,1017.2,0.0,12.6,99,0.0,8
2017-08-17 02:00:00,1.5,0,1017.1,0.0,13.9,99,0.0,8
2017-08-17 03:00:00,1.4,0,1017.0,0.0,13.9,98,0.0,8
2017-08-17 04:00:00,1.3,0,1017.1,0.0,13.7,98,0.0,8
2017-08-17 05:00:00,2.1,0,1017.2,0.0,13.6,97,0.0,8
2017-08-17 06:00:00,1.9,0,1017.1,11.7,13.7,95,0.0,8
2017-08-17 07:00:00,2.7,4,1017.2,77.8,14.2,91,28.75,8
2017-08-17 08:00:00,3.2,26,1017.1,222.1,15.1,84,657.1666,8
2017-08-17 09:00:00,2.7,36,1017.4,336.5,17.0,70,669.5,8
2017-08-17 10:00:00,2.0,60,1017.1,549.0,18.1,68,1788.8333,8
2017-08-17 11:00:00,3.2,60,1016.5,639.9,19.1,63,4471.3334,8
2017-08-17 12:00:00,3.0,49,1015.9,521.1,18.8,61,4675.1666,8
2017-08-17 13:00:00,4.1,32,1015.5,545.2,18.8,58,2753.1667,8
2017-08-17 14:00:00,2.5,5,1014.9,373.2,19.4,56,3716.1666,8
2017-08-17 15:00:00,3.8,0,1014.5,321.4,18.7,60,2910.1668,8
2017-08-17 16:00:00,4.6,0,1014.3,237.1,18.0,65,2878.8334,8
2017-08-17 17:00:00,3.0,0,1013.9,150.4,17.5,59,1675.5,8
2017-08-17 18:00:00,1.7,0,1013.2,74.4,17.1,63,979.3334,8
2017-08-17 19:00:00,1.7,0,1012.6,29.9,17.0,66,463.0001,8
2017-08-17 20:00:00,1.6,0,1012.1,0.0,16.9,68,135.5,8
2017-08-17 21:00:00,2.5,0,1011.3,0.0,16.1,77,0.0,8
2017-08-17 22:00:00,2.3,0,1010.7,0.0,15.8,79,0.0,8
2017-08-17 23:00:00,2.2,0,1010.3,0.0,14.8,90,0.0,8
2017-08-18 00:00:00,3.1,0,1009.2,0.0,14.1,96,0.0,8
2017-08-18 01:00:00,4.3,0,1008.1,0.0,14.2,97,0.0,8
2017-08-18 02:00:00,3.3,0,1007.3,0.0,14.0,99,0.0,8
2017-08-18 03:00:00,2.2,0,1006.7,0.0,14.1,100,0.0,8
2017-08-18 04:00:00,1.6,0,1006.3,0.0,14.1,100,0.0,8
2017-08-18 05:00:00,0.9,0,1006.0,0.0,14.5,100,0.0,8
2017-08-18 06:00:00,1.8,0,1005.8,0.0,14.8,100,0.0,8
2017-08-18 07:00:00,3.1,0,1005.9,12.6,15.1,100,0.0,8
2017-08-18 08:00:00,3.8,0,1006.2,47.5,15.4,99,0.0,8
2017-08-18 09:00:00,3.1,0,1006.5,86.3,15.4,99,412.8333,8
2017-08-18 10:00:00,3.6,4,1006.6,201.7,16.5,88,1558.3334,8
2017-08-18 11:00:00,3.9,2,1006.9,228.5,16.6,83,1429.9999,8
2017-08-18 12:00:00,2.1,1,1006.8,134.3,17.1,89,1280.1667,8
2017-08-18 13:00:00,2.2,30,1006.5,477.3,19.8,71,2045.8334,8
2017-08-18 14:00:00,5.6,13,1006.7,349.1,19.1,67,4543.0001,8
2017-08-18 15:00:00,4.6,5,1006.6,236.5,18.5,70,1470.6666,8
2017-08-18 16:00:00,4.5,12,1006.6,242.0,17.5,77,5624.8331,8
2017-08-18 17:00:00,3.9,9,1006.6,210.2,17.8,76,2743.5,8
2017-08-18 18:00:00,2.7,0,1006.2,85.3,17.2,77,2063.8334,8
2017-08-18 19:00:00,3.0,0,1006.1,35.9,17.2,78,588.3333,8
2017-08-18 20:00:00,2.8,0,1006.1,8.2,16.5,89,326.4999,8
2017-08-18 21:00:00,1.5,0,1006.1,0.0,15.6,95,78.6666,8
2017-08-18 22:00:00,1.8,0,1005.5,0.0,16.1,94,0.0,8
2017-08-18 23:00:00,2.0,0,1005.2,0.0,16.0,96,0.0,8
2017-08-19 00:00:00,1.2,0,1004.6,0.0,16.1,96,0.0,8
2017-08-19 01:00:00,0.6,0,1004.2,0.0,15.2,100,0.0,8
2017-08-19 02:00:00,2.0,0,1003.5,0.0,15.4,100,0.0,8
2017-08-19 03:00:00,1.4,0,1002.8,0.0,15.2,100,0.0,8
2017-08-19 04:00:00,1.3,0,1002.0,0.0,15.1,100,0.0,8
2017-08-19 05:00:00,1.4,0,1001.7,0.0,14.5,100,0.0,8
2017-08-19 06:00:00,1.6,0,1001.6,3.1,13.7,100,0.0,8
2017-08-19 07:00:00,0.3,0,1001.1,20.4,13.8,100,0.0,8
2017-08-19 08:00:00,2.0,0,1001.2,26.1,14.2,100,26.1667,8
2017-08-19 09:00:00,2.5,4,1000.9,155.9,15.4,97,309.1668,8
2017-08-19 10:00:00,3.2,0,1001.1,143.2,15.0,93,1102.1666,8
2017-08-19 11:00:00,2.6,0,1001.0,158.7,15.4,89,750.9999,8
2017-08-19 12:00:00,5.5,27,1000.9,529.2,16.8,68,772.1667,8
2017-08-19 13:00:00,5.0,40,1001.1,566.3,18.4,61,3855.6667,8
2017-08-19 14:00:00,7.3,57,1001.3,709.2,19.2,56,2580.3333,8
2017-08-19 15:00:00,7.0,36,1001.8,527.1,17.3,61,3108.0,8
2017-08-19 16:00:00,6.8,36,1002.1,314.0,17.3,58,4608.8333,8
2017-08-19 17:00:00,4.3,46,1002.2,331.7,16.8,63,4581.1666,8
2017-08-19 18:00:00,6.2,2,1002.3,91.7,16.3,66,2343.0,8
2017-08-19 19:00:00,5.0,0,1002.8,56.0,15.0,75,1185.0,8
2017-08-19 20:00:00,4.5,0,1003.0,12.2,14.7,79,340.8334,8
2017-08-19 21:00:00,3.1,0,1003.4,0.0,14.2,84,109.6667,8
2017-08-19 22:00:00,2.7,0,1003.7,0.0,14.3,86,0.0,8
2017-08-19 23:00:00,2.7,0,1003.8,0.0,14.0,86,0.0,8
2017-08-20 00:00:00,1.4,0,1004.0,0.0,13.2,91,0.0,8
2017-08-20 01:00:00,2.4,0,1004.2,0.0,13.2,91,0.0,8
2017-08-20 02:00:00,1.7,0,1004.4,0.0,12.9,94,0.0,8
2017-08-20 03:00:00,2.1,0,1004.7,0.0,13.1,90,0.0,8
2017-08-20 04:00:00,3.0,0,1005.1,0.0,12.7,93,0.0,8
2017-08-20 05:00:00,2.4,0,1005.2,0.0,12.4,87,0.0,8
2017-08-20 06:00:00,2.4,25,1005.4,40.8,12.2,87,0.0,8
2017-08-20 07:00:00,1.8,57,1005.6,182.8,14.0,81,0.0,8
2017-08-20 08:00:00,2.5,6,1006.1,153.0,13.8,85,249.1667,8
2017-08-20 09:00:00,3.9,1,1006.2,195.4,14.7,80,1068.0,8
2017-08-20 10:00:00,3.2,18,1006.2,270.8,16.2,72,1780.5,8
2017-08-20 11:00:00,4.2,36,1006.3,399.3,15.9,78,2561.5,8
2017-08-20 12:00:00,3.0,15,1006.6,400.8,16.8,70,5991.1666,8
2017-08-20 13:00:00,2.1,60,1006.6,766.9,19.1,57,3861.3332,8
2017-08-20 14:00:00,3.2,59,1006.8,671.5,19.8,56,4660.8335,8
2017-08-20 15:00:00,2.8,28,1006.9,356.8,19.0,57,4381.9999,8
2017-08-20 16:00:00,3.4,60,1007.1,491.7,19.3,58,2867.5,8
2017-08-20 17:00:00,4.0,60,1007.5,416.6,18.2,63,4188.1667,8
2017-08-20 18:00:00,4.0,59,1007.7,307.6,17.2,70,2068.1667,8
2017-08-20 19:00:00,2.5,36,1008.4,100.0,16.1,77,2053.6667,8
2017-08-20 20:00:00,1.9,4,1008.9,3.6,15.6,77,353.3333,8
2017-08-20 21:00:00,1.7,0,1009.5,0.0,14.5,85,0.0,8
2017-08-20 22:00:00,1.0,0,1009.9,0.0,14.4,89,0.0,8
2017-08-20 23:00:00,0.1,0,1010.3,0.0,12.9,96,0.0,8
2017-08-21 00:00:00,1.4,0,1010.8,0.0,12.2,97,0.0,8
2017-08-21 01:00:00,2.1,0,1011.2,0.0,11.4,98,0.0,8
2017-08-21 02:00:00,1.3,0,1011.4,0.0,11.4,96,0.0,8
2017-08-21 03:00:00,0.8,0,1011.7,0.0,11.2,96,0.0,8
2017-08-21 04:00:00,2.2,0,1012.0,0.0,11.7,92,0.0,8
2017-08-21 05:00:00,0.4,0,1012.4,0.0,12.3,93,0.0,8
2017-08-21 06:00:00,2.9,0,1012.7,5.0,13.8,79,0.0,8
2017-08-21 07:00:00,3.7,4,1013.2,88.5,15.0,71,0.0,8
2017-08-21 08:00:00,1.4,33,1013.6,243.4,18.1,59,403.0,8
2017-08-21 09:00:00,3.4,58,1013.9,324.4,18.1,58,927.1667,8
2017-08-21 10:00:00,4.0,60,1013.9,570.8,18.8,54,1652.9999,8
2017-08-21 11:00:00,2.3,26,1014.3,402.6,18.3,59,4681.4999,8
2017-08-21 12:00:00,3.7,3,1014.5,194.8,17.2,58,3928.8334,8
2017-08-21 13:00:00,2.6,31,1014.3,453.6,18.9,54,3962.3332,8
2017-08-21 14:00:00,3.8,49,1014.2,491.1,18.7,50,3909.3334,8
2017-08-21 15:00:00,2.7,20,1014.3,262.2,18.2,64,5019.3333,8
2017-08-21 16:00:00,3.1,0,1014.5,137.3,16.8,64,3921.0,8
2017-08-21 17:00:00,1.3,16,1014.7,149.9,15.7,85,1342.6666,8
2017-08-21 18:00:00,1.8,11,1014.8,131.0,16.2,82,1013.9999,8
2017-08-21 19:00:00,3.0,0,1015.1,51.0,15.4,81,549.8334,8
2017-08-21 20:00:00,3.9,0,1015.3,6.1,15.2,78,228.0001,8
2017-08-21 21:00:00,3.7,0,1016.1,0.0,14.4,83,6.3333,8
2017-08-21 22:00:00,4.1,0,1016.7,0.0,14.1,79,0.0,8
2017-08-21 23:00:00,4.9,0,1017.0,0.0,12.6,80,0.0,8
2017-08-22 00:00:00,3.5,0,1017.5,0.0,12.2,73,0.0,8
2017-08-22 01:00:00,4.9,0,1017.7,0.0,12.1,67,0.0,8
2017-08-22 02:00:00,6.2,0,1018.3,0.0,11.4,74,0.0,8
2017-08-22 03:00:00,6.6,0,1018.4,0.0,11.4,69,0.0,8
2017-08-22 04:00:00,5.4,0,1018.9,0.0,10.9,69,0.0,8
2017-08-22 05:00:00,3.5,0,1019.4,0.0,10.7,67,0.0,8
2017-08-22 06:00:00,3.0,14,1020.0,23.0,10.9,66,0.0,8
2017-08-22 07:00:00,3.6,60,1020.6,151.4,12.8,56,0.0,8
2017-08-22 08:00:00,5.3,60,1021.0,286.4,12.9,52,0.0,8
2017-08-22 09:00:00,5.1,60,1020.9,431.2,13.8,47,118.0,8
2017-08-22 10:00:00,2.9,60,1020.9,535.7,15.0,48,1342.5001,8
2017-08-22 11:00:00,4.6,60,1020.5,628.0,15.9,49,4594.6667,8
2017-08-22 12:00:00,4.9,59,1020.1,675.9,16.0,44,6224.4998,8
2017-08-22 13:00:00,3.5,57,1020.0,675.8,17.0,45,6973.6666,8
2017-08-22 14:00:00,3.3,56,1019.8,612.3,17.9,40,7097.0,8
2017-08-22 15:00:00,4.4,60,1019.7,581.3,17.7,42,6860.5,8
2017-08-22 16:00:00,3.8,60,1019.2,480.1,18.0,40,6205.1668,8
2017-08-22 17:00:00,3.7,60,1019.4,360.1,17.0,41,5043.9998,8
2017-08-22 18:00:00,4.1,60,1019.5,225.6,15.8,45,3719.1666,8
2017-08-22 19:00:00,2.7,60,1019.9,104.0,14.9,49,2048.5001,8
2017-08-22 20:00:00,1.7,21,1020.2,11.9,12.8,60,514.8334,8
2017-08-22 21:00:00,1.6,0,1020.7,0.0,10.9,71,17.5,8
2017-08-22 22:00:00,2.9,0,1020.7,0.0,10.6,71,0.0,8
2017-08-22 23:00:00,3.6,0,1020.8,0.0,10.4,71,0.0,8
2017-08-23 00:00:00,2.1,0,1020.9,0.0,9.6,73,0.0,8
2017-08-23 01:00:00,2.9,0,1020.7,0.0,10.0,68,0.0,8
2017-08-23 02:00:00,1.0,0,1020.6,0.0,9.1,73,0.0,8
2017-08-23 03:00:00,1.9,0,1020.2,0.0,8.4,79,0.0,8
2017-08-23 04:00:00,2.0,0,1020.1,0.0,7.5,85,0.0,8
2017-08-23 05:00:00,2.0,0,1020.2,0.0,7.4,87,0.0,8
2017-08-23 06:00:00,2.1,0,1020.0,11.2,8.1,85,0.0,8
2017-08-23 07:00:00,0.8,27,1019.8,88.3,10.2,76,0.0,8
2017-08-23 08:00:00,0.7,60,1019.3,265.7,13.0,58,35.5,8
2017-08-23 09:00:00,1.0,60,1018.9,399.1,15.2,54,294.8334,8
2017-08-23 10:00:00,1.7,60,1018.7,492.5,15.5,50,1246.6666,8
2017-08-23 11:00:00,2.0,60,1018.3,603.9,16.2,50,4290.1666,8
2017-08-23 12:00:00,2.6,60,1017.6,651.4,18.0,55,5819.8334,8
2017-08-23 13:00:00,2.4,60,1017.0,660.0,18.8,55,6207.1668,8
2017-08-23 14:00:00,3.7,60,1016.4,631.6,19.1,53,6328.6668,8
2017-08-23 15:00:00,3.7,60,1015.9,586.3,19.3,57,6561.0,8
2017-08-23 16:00:00,4.7,60,1015.6,494.1,19.1,58,5470.8331,8
2017-08-23 17:00:00,3.8,60,1015.1,289.0,18.2,63,4224.8335,8
2017-08-23 18:00:00,4.2,58,1014.8,226.7,17.2,72,3230.6667,8
2017-08-23 19:00:00,3.7,41,1014.6,81.4,16.3,76,1553.6667,8
2017-08-23 20:00:00,2.9,0,1014.7,6.1,15.2,82,337.8333,8
2017-08-23 21:00:00,2.0,0,1014.3,0.0,14.1,89,5.0,8
2017-08-23 22:00:00,2.1,0,1014.1,0.0,13.6,92,0.0,8
2017-08-23 23:00:00,1.3,0,1013.9,0.0,12.5,96,0.0,8
2017-08-24 00:00:00,0.5,0,1013.5,0.0,11.1,98,0.0,8
2017-08-24 01:00:00,1.2,0,1013.1,0.0,10.8,100,0.0,8
2017-08-24 02:00:00,1.4,0,1012.8,0.0,10.7,100,0.0,8
2017-08-24 03:00:00,0.7,0,1012.3,0.0,11.6,100,0.0,8
2017-08-24 04:00:00,1.0,0,1011.8,0.0,12.0,98,0.0,8
2017-08-24 05:00:00,1.1,0,1011.6,0.0,12.0,97,0.0,8
2017-08-24 06:00:00,0.5,0,1011.5,5.7,12.2,95,0.0,8
2017-08-24 07:00:00,0.9,0,1011.3,38.3,12.7,93,0.0,8
2017-08-24 08:00:00,0.8,32,1011.0,189.0,14.5,83,401.5833,8
2017-08-24 09:00:00,1.2,18,1010.8,246.6,14.2,82,1059.8333,8
2017-08-24 10:00:00,1.5,9,1010.8,296.9,15.8,75,1966.8333,8
2017-08-24 11:00:00,1.4,24,1010.6,405.8,16.8,73,3210.3334,8
2017-08-24 12:00:00,2.3,11,1010.3,369.1,16.6,69,3052.3333,8
2017-08-24 13:00:00,3.1,0,1010.2,316.2,16.8,68,3041.6667,8
2017-08-24 14:00:00,3.4,0,1010.2,110.5,14.9,77,1900.0,8
2017-08-24 15:00:00,2.1,0,1010.1,111.6,14.0,94,978.8334,8
2017-08-24 16:00:00,2.6,0,1009.9,52.4,13.6,96,644.3333,8
2017-08-24 17:00:00,1.7,0,1009.6,26.4,13.4,100,429.1667,8
2017-08-24 18:00:00,2.1,0,1009.4,14.6,13.4,100,206.8332,8
2017-08-24 19:00:00,1.3,0,1009.0,6.4,13.1,100,38.8334,8
2017-08-24 20:00:00,1.8,0,1008.6,0.0,13.1,100,0.0,8
2017-08-24 21:00:00,1.4,0,1008.5,0.0,12.6,100,0.0,8
2017-08-24 22:00:00,1.9,0,1008.2,0.0,12.6,100,0.0,8
2017-08-24 23:00:00,2.1,0,1008.0,0.0,12.6,100,0.0,8
2017-08-25 00:00:00,1.7,0,1007.7,0.0,12.5,100,0.0,8
2017-08-25 01:00:00,1.8,0,1007.5,0.0,12.5,100,0.0,8
2017-08-25 02:00:00,2.2,0,1007.4,0.0,12.5,99,0.0,8
2017-08-25 03:00:00,3.1,0,1007.4,0.0,12.4,99,0.0,8
2017-08-25 04:00:00,3.5,0,1007.3,0.0,12.4,96,0.0,8
2017-08-25 05:00:00,1.7,0,1007.5,0.0,12.1,96,0.0,8
2017-08-25 06:00:00,1.8,0,1008.2,12.4,11.7,94,0.0,8
2017-08-25 07:00:00,1.1,10,1008.6,81.0,11.8,85,0.0,8
2017-08-25 08:00:00,1.0,57,1009.0,235.8,14.0,68,357.8333,8
2017-08-25 09:00:00,3.8,60,1009.5,394.4,14.5,65,408.6667,8
2017-08-25 10:00:00,3.0,60,1009.8,507.4,15.6,64,1325.3333,8
2017-08-25 11:00:00,1.5,60,1010.1,591.2,16.8,65,4272.8333,8
2017-08-25 12:00:00,0.8,53,1010.1,618.1,18.1,54,5830.3334,8
2017-08-25 13:00:00,2.3,39,1010.2,492.3,18.7,60,6262.8334,8
2017-08-25 14:00:00,2.4,60,1010.3,597.6,18.4,54,6356.3332,8
2017-08-25 15:00:00,2.9,60,1010.4,521.9,18.8,54,4016.3335,8
2017-08-25 16:00:00,2.2,60,1010.4,421.8,18.8,59,4863.5,8
2017-08-25 17:00:00,2.0,60,1010.4,337.0,18.6,52,3602.8333,8
2017-08-25 18:00:00,3.1,60,1010.4,216.9,17.6,59,2887.3333,8
2017-08-25 19:00:00,2.9,60,1010.7,101.3,16.8,49,1459.8333,8
2017-08-25 20:00:00,0.5,3,1011.4,7.4,15.2,64,330.3333,8
2017-08-25 21:00:00,1.9,0,1011.6,0.0,14.7,71,3.0,8
2017-08-25 22:00:00,2.0,0,1012.0,0.0,14.4,88,0.0,8
2017-08-25 23:00:00,0.8,0,1012.2,0.0,13.4,95,0.0,8
2017-08-26 00:00:00,2.2,0,1012.4,0.0,12.0,97,0.0,8
2017-08-26 01:00:00,1.4,0,1012.6,0.0,13.2,92,0.0,8
2017-08-26 02:00:00,2.8,0,1012.7,0.0,13.5,90,0.0,8
2017-08-26 03:00:00,4.3,0,1013.1,0.0,13.3,74,0.0,8
2017-08-26 04:00:00,5.3,0,1013.6,0.0,12.5,63,0.0,8
2017-08-26 05:00:00,5.6,0,1013.9,0.0,12.1,63,0.0,8
2017-08-26 06:00:00,3.2,0,1014.7,1.6,12.0,61,0.0,8
2017-08-26 07:00:00,4.1,0,1015.2,36.8,11.9,61,0.0,8
2017-08-26 08:00:00,3.5,4,1015.5,142.7,12.5,54,418.0833,8
2017-08-26 09:00:00,3.2,33,1015.5,351.6,14.2,50,703.8333,8
2017-08-26 10:00:00,2.8,60,1015.5,500.0,14.9,52,1924.3334,8
2017-08-26 11:00:00,2.5,60,1015.2,544.7,15.7,49,4484.6667,8
2017-08-26 12:00:00,2.1,60,1014.8,534.6,16.0,50,5985.1666,8
2017-08-26 13:00:00,1.3,60,1014.4,652.7,18.6,48,6356.3334,8
2017-08-26 14:00:00,2.8,60,1014.2,637.3,18.8,49,6450.3336,8
2017-08-26 15:00:00,2.4,41,1014.0,393.5,16.2,52,6333.1668,8
2017-08-26 16:00:00,1.9,0,1013.6,194.1,16.3,55,4569.6667,8
2017-08-26 17:00:00,2.0,0,1013.7,175.1,16.0,56,1628.9999,8
2017-08-26 18:00:00,0.6,26,1013.2,148.9,15.9,53,1375.8333,8
2017-08-26 19:00:00,1.0,0,1013.4,16.3,14.8,65,1031.3334,8
2017-08-26 20:00:00,2.3,0,1013.4,0.0,13.3,77,71.0,8
2017-08-26 21:00:00,1.8,0,1013.5,0.0,12.0,82,0.0,8
2017-08-26 22:00:00,3.2,0,1013.4,0.0,11.7,83,0.0,8
2017-08-26 23:00:00,0.9,0,1013.6,0.0,11.0,86,0.0,8
2017-08-27 00:00:00,3.0,0,1013.6,0.0,10.1,91,0.0,8
2017-08-27 01:00:00,2.9,0,1013.7,0.0,9.8,89,0.0,8
2017-08-27 02:00:00,2.1,0,1013.8,0.0,9.1,92,0.0,8
2017-08-27 03:00:00,1.6,0,1013.7,0.0,9.0,91,0.0,8
2017-08-27 04:00:00,1.2,0,1013.8,0.0,8.6,93,0.0,8
2017-08-27 05:00:00,1.0,0,1014.1,0.0,7.4,99,0.0,8
2017-08-27 06:00:00,2.3,15,1014.4,19.7,8.4,99,0.0,8
2017-08-27 07:00:00,3.7,60,1014.3,117.1,12.4,70,0.0,8
2017-08-27 08:00:00,3.5,60,1014.7,252.3,13.5,62,156.8334,8
2017-08-27 09:00:00,1.3,60,1015.0,382.0,15.4,61,328.1667,8
2017-08-27 10:00:00,1.1,60,1014.8,493.7,16.6,54,1094.6666,8
2017-08-27 11:00:00,0.8,60,1014.9,578.7,17.6,52,4381.1667,8
2017-08-27 12:00:00,2.0,60,1014.8,632.7,19.0,53,5820.5,8
2017-08-27 13:00:00,1.5,60,1014.7,645.5,19.2,45,6406.3332,8
2017-08-27 14:00:00,1.4,60,1014.6,616.6,19.8,40,6534.3332,8
2017-08-27 15:00:00,2.9,60,1014.5,544.6,20.1,42,6268.8334,8
2017-08-27 16:00:00,2.9,60,1014.6,449.1,19.6,45,5631.1666,8
2017-08-27 17:00:00,2.9,60,1014.7,333.2,19.4,39,4697.1666,8
2017-08-27 18:00:00,1.4,60,1014.6,205.8,17.7,40,3381.5,8
2017-08-27 19:00:00,1.8,59,1015.0,75.8,16.2,47,1781.0,8
2017-08-27 20:00:00,0.1,0,1015.3,0.0,12.9,68,306.5,8
2017-08-27 21:00:00,1.2,0,1015.7,0.0,11.5,79,0.0,8
2017-08-27 22:00:00,1.1,0,1015.9,0.0,10.6,87,0.0,8
2017-08-27 23:00:00,2.1,0,1016.3,0.0,10.1,90,0.0,8
2017-08-28 00:00:00,2.2,0,1016.4,0.0,9.9,92,0.0,8
2017-08-28 01:00:00,1.9,0,1016.3,0.0,9.4,95,0.0,8
2017-08-28 02:00:00,2.3,0,1016.1,0.0,9.5,97,0.0,8
2017-08-28 03:00:00,1.2,0,1016.0,0.0,11.2,94,0.0,8
2017-08-28 04:00:00,0.5,0,1015.7,0.0,11.8,96,0.0,8
2017-08-28 05:00:00,0.6,0,1015.6,0.0,12.5,97,0.0,8
2017-08-28 06:00:00,2.0,0,1015.5,5.4,13.5,99,0.0,8
2017-08-28 07:00:00,2.0,0,1015.5,13.6,13.7,99,0.0,8
2017-08-28 08:00:00,2.6,0,1015.2,86.8,14.9,94,242.1666,8
2017-08-28 09:00:00,4.0,43,1015.1,347.7,16.7,80,716.3333,8
2017-08-28 10:00:00,4.8,57,1014.6,552.8,17.9,71,1246.5,8
2017-08-28 11:00:00,4.4,30,1014.3,418.1,17.5,67,3326.8334,8
2017-08-28 12:00:00,4.3,42,1014.1,507.4,18.8,64,3955.8334,8
2017-08-28 13:00:00,5.4,43,1013.8,528.6,18.7,59,3857.5,8
2017-08-28 14:00:00,3.8,13,1013.9,294.7,18.2,64,4612.9999,8
2017-08-28 15:00:00,5.9,0,1013.6,205.6,17.9,71,3587.8333,8
2017-08-28 16:00:00,5.7,0,1013.4,135.3,17.9,72,2564.6667,8
2017-08-28 17:00:00,3.7,0,1013.1,43.5,17.2,77,1538.5,8
2017-08-28 18:00:00,5.3,0,1012.8,29.4,16.7,81,914.8333,8
2017-08-28 19:00:00,4.2,0,1012.4,7.9,16.3,81,245.6667,8
2017-08-28 20:00:00,4.8,0,1012.5,0.0,15.9,87,104.5,8
2017-08-28 21:00:00,3.5,0,1012.3,0.0,15.0,96,0.0,8
2017-08-28 22:00:00,4.9,0,1011.9,0.0,15.1,99,0.0,8
2017-08-28 23:00:00,3.0,0,1011.6,0.0,15.4,98,0.0,8
2017-08-29 00:00:00,4.4,0,1010.6,0.0,16.1,97,0.0,8
2017-08-29 01:00:00,3.8,0,1010.0,0.0,16.2,95,0.0,8
2017-08-29 02:00:00,3.6,0,1009.8,0.0,15.9,100,0.0,8
2017-08-29 03:00:00,4.2,0,1009.7,0.0,15.7,100,0.0,8
2017-08-29 04:00:00,3.0,0,1008.9,0.0,15.5,100,0.0,8
2017-08-29 05:00:00,3.5,0,1008.6,0.0,15.5,100,0.0,8
2017-08-29 06:00:00,3.8,0,1008.2,0.0,15.7,100,0.0,8
2017-08-29 07:00:00,3.5,0,1008.1,5.0,15.8,100,0.0,8
2017-08-29 08:00:00,3.9,0,1007.4,7.6,16.2,97,0.0,8
2017-08-29 09:00:00,4.7,0,1007.3,48.4,16.6,95,441.8333,8
2017-08-29 10:00:00,4.0,0,1007.0,70.4,16.7,95,525.3333,8
2017-08-29 11:00:00,3.6,0,1006.9,26.5,16.6,97,1205.5,8
2017-08-29 12:00:00,5.4,0,1006.6,53.7,16.9,94,1905.4999,8
2017-08-29 13:00:00,5.3,0,1006.2,144.4,17.4,93,2113.6667,8
2017-08-29 14:00:00,5.1,0,1005.5,53.9,17.1,93,971.3333,8
2017-08-29 15:00:00,5.6,0,1005.1,32.7,17.1,91,590.1667,8
2017-08-29 16:00:00,4.4,0,1004.8,21.7,17.1,92,724.8333,8
2017-08-29 17:00:00,5.0,0,1004.4,27.9,17.1,93,685.3333,8
2017-08-29 18:00:00,4.5,0,1004.2,31.5,17.0,93,630.6667,8
2017-08-29 19:00:00,4.9,0,1004.3,0.0,16.9,92,285.5,8
2017-08-29 20:00:00,3.0,0,1004.1,0.0,16.4,96,6.0,8
2017-08-29 21:00:00,2.8,0,1004.2,0.0,16.3,96,0.0,8
2017-08-29 22:00:00,2.5,0,1004.2,0.0,15.9,98,0.0,8
2017-08-29 23:00:00,2.1,0,1004.4,0.0,15.3,94,0.0,8
2017-08-30 00:00:00,0.3,0,1004.5,0.0,13.9,91,0.0,8
2017-08-30 01:00:00,0.6,0,1004.8,0.0,12.5,94,0.0,8
2017-08-30 02:00:00,1.0,0,1005.2,0.0,12.2,92,0.0,8
2017-08-30 03:00:00,2.0,0,1005.7,0.0,11.8,68,0.0,8
2017-08-30 04:00:00,2.9,0,1006.2,0.0,11.3,63,0.0,8
2017-08-30 05:00:00,1.5,0,1006.6,0.0,10.1,68,0.0,8
2017-08-30 06:00:00,1.3,11,1007.3,11.2,9.3,78,0.0,8
2017-08-30 07:00:00,1.7,60,1007.6,115.3,11.3,68,0.0,8
2017-08-30 08:00:00,1.9,60,1008.2,224.7,13.1,58,0.0,8
2017-08-30 09:00:00,2.0,60,1008.5,363.1,15.0,56,433.6666,8
2017-08-30 10:00:00,2.8,60,1009.1,471.6,16.2,52,775.6666,8
2017-08-30 11:00:00,2.5,60,1009.3,525.0,17.4,44,4194.1667,8
2017-08-30 12:00:00,4.9,60,1009.3,676.8,18.1,43,6084.8334,8
2017-08-30 13:00:00,2.3,60,1009.1,572.5,17.9,43,6234.0,8
2017-08-30 14:00:00,3.1,60,1009.2,515.0,18.5,45,5408.0,8
2017-08-30 15:00:00,3.0,60,1009.2,495.6,18.5,42,5831.5,8
2017-08-30 16:00:00,2.4,60,1008.9,361.5,18.0,44,5702.1666,8
2017-08-30 17:00:00,4.0,4,1008.9,163.6,16.8,51,3171.6665,8
2017-08-30 18:00:00,2.8,0,1008.9,112.0,16.1,57,1219.3334,8
2017-08-30 19:00:00,2.9,0,1009.3,37.7,15.1,66,476.5001,8
2017-08-30 20:00:00,2.0,0,1009.6,0.0,14.5,71,93.3334,8
2017-08-30 21:00:00,1.6,0,1009.9,0.0,13.4,78,0.0,8
2017-08-30 22:00:00,1.4,0,1009.7,0.0,12.2,88,0.0,8
2017-08-30 23:00:00,1.9,0,1009.7,0.0,11.1,93,0.0,8
2017-08-31 00:00:00,2.6,0,1009.4,0.0,10.7,94,0.0,8
2017-08-31 01:00:00,2.2,0,1008.8,0.0,11.0,91,0.0,8
2017-08-31 02:00:00,1.5,0,1008.1,0.0,10.9,92,0.0,8
2017-08-31 03:00:00,1.2,0,1008.2,0.0,10.7,94,0.0,8
2017-08-31 04:00:00,0.8,0,1007.9,0.0,10.7,94,0.0,8
2017-08-31 05:00:00,1.3,0,1008.1,0.0,10.9,89,0.0,8
2017-08-31 06:00:00,0.4,0,1007.9,0.0,11.1,90,0.0,8
2017-08-31 07:00:00,1.1,0,1007.4,41.8,12.3,77,0.0,8
2017-08-31 08:00:00,0.7,0,1007.7,88.4,13.1,77,430.6667,8
2017-08-31 09:00:00,0.9,0,1008.0,162.0,14.2,66,723.9999,8
2017-08-31 10:00:00,0.9,0,1007.7,167.5,14.7,69,1605.6666,8
2017-08-31 11:00:00,1.7,0,1008.0,219.8,14.7,62,1320.3333,8
2017-08-31 12:00:00,0.6,0,1008.2,148.6,14.4,65,1966.3333,8
2017-08-31 13:00:00,1.1,0,1008.3,172.7,14.3,70,1124.6667,8
2017-08-31 14:00:00,0.6,0,1008.4,179.4,14.5,78,1238.5001,8
2017-08-31 15:00:00,0.5,0,1008.5,187.2,14.3,78,925.3333,8
2017-08-31 16:00:00,1.5,0,1008.7,69.6,13.3,91,613.8334,8
2017-08-31 17:00:00,1.3,0,1008.6,79.0,13.1,92,518.0,8
2017-08-31 18:00:00,1.4,0,1008.8,55.5,12.8,94,766.5,8
2017-08-31 19:00:00,1.4,18,1009.3,26.1,12.6,97,292.6667,8
2017-08-31 20:00:00,0.6,0,1009.6,0.0,12.1,99,2.5,8
2017-08-31 21:00:00,0.8,0,1010.2,0.0,11.2,100,0.0,8
2017-08-31 22:00:00,1.6,0,1010.3,0.0,11.3,100,0.0,8
2017-08-31 23:00:00,2.2,0,1010.6,0.0,11.0,100,0.0,8
2017-09-01 00:00:00,2.3,0,1010.9,0.0,10.9,100,0.0,9
2017-09-01 01:00:00,1.4,0,1011.4,0.0,9.8,99,0.0,9
2017-09-01 02:00:00,2.6,0,1011.8,0.0,9.4,100,0.0,9
2017-09-01 03:00:00,2.5,0,1011.8,0.0,10.0,100,0.0,9
2017-09-01 04:00:00,2.3,0,1012.1,0.0,9.7,100,0.0,9
2017-09-01 05:00:00,3.0,0,1012.6,0.0,9.3,100,0.0,9
2017-09-01 06:00:00,2.5,0,1013.3,1.5,9.5,100,0.0,9
2017-09-01 07:00:00,2.7,0,1013.8,30.3,10.0,100,0.0,9
2017-09-01 08:00:00,2.0,0,1014.3,76.4,11.1,96,40.8333,9
2017-09-01 09:00:00,0.9,2,1014.7,200.6,12.8,86,337.8333,9
2017-09-01 10:00:00,1.2,20,1015.1,288.2,13.4,81,637.5001,9
2017-09-01 11:00:00,1.5,10,1015.5,284.9,13.9,80,1043.1667,9
2017-09-01 12:00:00,1.4,0,1015.6,244.4,14.7,74,861.5,9
2017-09-01 13:00:00,1.6,27,1015.5,441.9,16.2,63,1955.0,9
2017-09-01 14:00:00,1.0,39,1015.3,469.4,17.8,59,4134.3332,9
2017-09-01 15:00:00,1.1,44,1015.3,401.6,17.1,58,2171.1666,9
2017-09-01 16:00:00,1.5,55,1015.3,455.4,17.2,59,4747.9999,9
2017-09-01 17:00:00,2.9,33,1015.7,196.8,14.9,69,4660.8334,9
2017-09-01 18:00:00,2.5,32,1015.7,120.3,15.4,67,2576.3333,9
2017-09-01 19:00:00,1.3,44,1016.3,62.6,13.8,78,1052.6666,9
2017-09-01 20:00:00,1.4,0,1016.9,0.0,11.5,90,217.0001,9
2017-09-01 21:00:00,2.5,0,1017.4,0.0,11.0,93,0.0,9
2017-09-01 22:00:00,2.3,0,1017.7,0.0,10.7,93,0.0,9
2017-09-01 23:00:00,1.6,0,1017.9,0.0,10.0,96,0.0,9
2017-09-02 00:00:00,1.4,0,1018.4,0.0,9.9,96,0.0,9
2017-09-02 01:00:00,1.3,0,1018.2,0.0,9.9,93,0.0,9
2017-09-02 02:00:00,2.4,0,1018.9,0.0,9.8,91,0.0,9
2017-09-02 03:00:00,2.5,0,1019.2,0.0,10.0,91,0.0,9
2017-09-02 04:00:00,2.2,0,1019.1,0.0,10.2,90,0.0,9
2017-09-02 05:00:00,2.3,0,1019.4,0.0,9.7,90,0.0,9
2017-09-02 06:00:00,1.0,0,1019.8,2.5,9.2,94,0.0,9
2017-09-02 07:00:00,2.9,60,1019.8,93.4,12.1,78,0.0,9
2017-09-02 08:00:00,4.5,60,1020.3,220.1,12.9,71,0.0,9
2017-09-02 09:00:00,2.6,58,1020.4,285.1,13.6,72,234.6667,9
2017-09-02 10:00:00,3.8,60,1020.4,419.2,15.2,67,629.0,9
2017-09-02 11:00:00,3.1,60,1020.3,550.4,16.1,62,4125.5001,9
2017-09-02 12:00:00,3.5,59,1020.1,599.6,17.3,57,5684.6666,9
2017-09-02 13:00:00,3.2,46,1020.1,501.9,16.8,57,6362.5,9
2017-09-02 14:00:00,3.7,2,1019.9,173.3,16.6,58,6604.1666,9
2017-09-02 15:00:00,3.2,52,1019.4,484.6,18.3,51,3648.3333,9
2017-09-02 16:00:00,4.4,54,1019.4,399.5,18.1,51,4579.0001,9
2017-09-02 17:00:00,3.7,58,1019.5,303.8,17.8,54,3458.1667,9
2017-09-02 18:00:00,3.0,33,1019.8,127.0,15.9,63,3611.9999,9
2017-09-02 19:00:00,2.1,6,1020.0,30.5,14.7,69,1503.3333,9
2017-09-02 20:00:00,3.4,0,1020.5,0.0,13.5,75,180.5,9
2017-09-02 21:00:00,2.5,0,1020.9,0.0,12.7,79,0.0,9
2017-09-02 22:00:00,3.1,0,1020.9,0.0,12.2,84,0.0,9
2017-09-02 23:00:00,2.4,0,1021.1,0.0,11.9,85,0.0,9
2017-09-03 00:00:00,2.3,0,1021.0,0.0,11.3,88,0.0,9
2017-09-03 01:00:00,2.6,0,1021.1,0.0,11.4,87,0.0,9
2017-09-03 02:00:00,0.7,0,1021.0,0.0,10.8,92,0.0,9
2017-09-03 03:00:00,2.0,0,1020.7,0.0,12.0,83,0.0,9
2017-09-03 04:00:00,2.9,0,1020.7,0.0,12.2,82,0.0,9
2017-09-03 05:00:00,2.5,0,1020.9,0.0,12.1,82,0.0,9
2017-09-03 06:00:00,1.4,0,1021.0,0.0,11.8,85,0.0,9
2017-09-03 07:00:00,2.6,0,1021.1,17.3,12.4,81,0.0,9
2017-09-03 08:00:00,2.4,0,1020.8,102.8,13.5,77,207.25,9
2017-09-03 09:00:00,2.9,5,1021.0,214.6,14.1,75,902.5001,9
2017-09-03 10:00:00,1.8,49,1020.7,363.2,15.9,67,1732.3334,9
2017-09-03 11:00:00,2.0,39,1020.2,388.2,16.7,62,4260.6667,9
2017-09-03 12:00:00,2.8,43,1020.0,495.6,17.5,50,4171.6667,9
2017-09-03 13:00:00,3.1,21,1019.7,365.6,17.2,51,2420.1667,9
2017-09-03 14:00:00,2.4,9,1019.0,221.6,17.9,50,4200.3333,9
2017-09-03 15:00:00,4.3,32,1018.6,313.2,18.1,42,3850.5002,9
2017-09-03 16:00:00,3.5,44,1018.8,334.7,17.4,43,4438.0,9
2017-09-03 17:00:00,2.1,58,1018.8,179.6,16.8,47,1866.3334,9
2017-09-03 18:00:00,2.6,60,1018.8,187.7,16.6,49,2776.6666,9
2017-09-03 19:00:00,2.6,36,1019.1,55.2,14.6,60,763.5,9
2017-09-03 20:00:00,2.1,0,1019.4,0.0,13.3,66,258.1667,9
2017-09-03 21:00:00,4.1,0,1019.6,0.0,13.1,66,0.0,9
2017-09-03 22:00:00,3.4,0,1020.1,0.0,12.8,68,0.0,9
2017-09-03 23:00:00,3.4,0,1020.2,0.0,12.6,69,0.0,9
2017-09-04 00:00:00,4.0,0,1020.0,0.0,12.2,72,0.0,9
2017-09-04 01:00:00,4.2,0,1019.8,0.0,12.4,72,0.0,9
2017-09-04 02:00:00,4.5,0,1019.6,0.0,12.8,71,0.0,9
2017-09-04 03:00:00,4.3,0,1019.6,0.0,12.4,71,0.0,9
2017-09-04 04:00:00,4.5,0,1019.3,0.0,12.6,71,0.0,9
2017-09-04 05:00:00,4.1,0,1019.3,0.0,12.2,75,0.0,9
2017-09-04 06:00:00,5.2,0,1019.3,0.0,12.3,75,0.0,9
2017-09-04 07:00:00,5.6,0,1019.4,15.1,12.2,76,0.0,9
2017-09-04 08:00:00,5.5,0,1019.2,27.3,12.0,80,104.1667,9
2017-09-04 09:00:00,5.7,0,1018.9,48.8,12.3,80,467.1667,9
2017-09-04 10:00:00,5.8,0,1018.8,60.4,12.6,75,528.0,9
2017-09-04 11:00:00,6.4,0,1018.8,89.0,13.0,70,929.1666,9
2017-09-04 12:00:00,5.6,0,1019.1,77.2,12.9,68,1082.1667,9
2017-09-04 13:00:00,3.9,0,1019.7,50.3,12.1,74,385.3333,9
2017-09-04 14:00:00,4.3,0,1019.6,59.3,11.1,90,433.1667,9
2017-09-04 15:00:00,5.0,0,1019.6,63.7,10.7,94,400.8333,9
2017-09-04 16:00:00,5.4,0,1019.3,73.8,10.7,93,262.0,9
2017-09-04 17:00:00,5.1,0,1019.2,77.4,11.0,91,171.6666,9
2017-09-04 18:00:00,3.8,0,1019.7,21.6,10.9,92,127.1667,9
2017-09-04 19:00:00,4.7,0,1019.6,0.0,10.7,94,7.1667,9
2017-09-04 20:00:00,5.6,0,1019.7,0.0,10.9,92,0.0,9
2017-09-04 21:00:00,4.7,0,1019.7,0.0,10.8,93,0.0,9
2017-09-04 22:00:00,5.0,0,1019.8,0.0,10.8,93,0.0,9
2017-09-04 23:00:00,4.8,0,1019.9,0.0,10.8,94,0.0,9
2017-09-05 00:00:00,4.0,0,1019.7,0.0,11.0,93,0.0,9
2017-09-05 01:00:00,4.4,0,1019.9,0.0,11.1,93,0.0,9
2017-09-05 02:00:00,3.4,0,1019.4,0.0,11.0,95,0.0,9
2017-09-05 03:00:00,2.4,0,1019.4,0.0,11.2,95,0.0,9
2017-09-05 04:00:00,2.7,0,1019.0,0.0,11.0,98,0.0,9
2017-09-05 05:00:00,3.5,0,1019.0,0.0,11.2,96,0.0,9
2017-09-05 06:00:00,3.5,0,1019.1,0.0,11.0,100,0.0,9
2017-09-05 07:00:00,3.3,0,1018.8,3.1,11.4,96,0.0,9
2017-09-05 08:00:00,3.2,0,1018.8,17.0,11.8,94,0.0,9
2017-09-05 09:00:00,3.2,0,1018.8,25.0,11.9,96,0.0,9
2017-09-05 10:00:00,2.9,0,1018.7,45.7,12.4,93,228.0,9
2017-09-05 11:00:00,2.7,0,1018.6,42.3,12.3,99,311.3333,9
2017-09-05 12:00:00,2.0,0,1018.1,86.1,12.9,98,394.0,9
2017-09-05 13:00:00,2.8,0,1017.8,79.5,13.3,96,495.3333,9
2017-09-05 14:00:00,1.9,0,1017.5,48.1,13.5,95,552.6667,9
2017-09-05 15:00:00,2.0,0,1017.3,15.9,13.3,98,259.8334,9
2017-09-05 16:00:00,2.1,0,1017.0,10.6,13.3,98,93.5,9
2017-09-05 17:00:00,2.4,0,1016.6,9.3,13.4,98,78.3332,9
2017-09-05 18:00:00,1.8,0,1016.2,2.0,13.5,97,33.5,9
2017-09-05 19:00:00,2.5,0,1015.7,0.0,13.5,97,0.0,9
2017-09-05 20:00:00,2.0,0,1015.4,0.0,13.6,97,0.0,9
2017-09-05 21:00:00,0.7,0,1015.1,0.0,13.3,100,0.0,9
2017-09-05 22:00:00,1.3,0,1014.7,0.0,13.4,100,0.0,9
2017-09-05 23:00:00,2.3,0,1014.4,0.0,13.4,100,0.0,9
2017-09-06 00:00:00,1.8,0,1013.9,0.0,13.4,99,0.0,9
2017-09-06 01:00:00,1.4,0,1013.4,0.0,13.4,98,0.0,9
2017-09-06 02:00:00,2.0,0,1012.9,0.0,13.0,100,0.0,9
2017-09-06 03:00:00,1.8,0,1012.5,0.0,13.0,98,0.0,9
2017-09-06 04:00:00,1.6,0,1012.1,0.0,12.9,97,0.0,9
2017-09-06 05:00:00,1.3,0,1011.8,0.0,12.7,96,0.0,9
2017-09-06 06:00:00,3.4,0,1011.2,0.0,12.4,99,0.0,9
2017-09-06 07:00:00,2.5,0,1011.2,3.3,12.4,100,0.0,9
2017-09-06 08:00:00,2.8,0,1011.0,22.6,12.7,99,0.0,9
2017-09-06 09:00:00,3.1,0,1010.9,38.0,13.0,97,0.0,9
2017-09-06 10:00:00,3.1,0,1010.8,52.6,13.0,98,96.5,9
2017-09-06 11:00:00,3.3,0,1010.5,55.6,13.0,99,246.1667,9
2017-09-06 12:00:00,3.1,0,1010.2,68.9,12.9,100,391.5001,9
2017-09-06 13:00:00,3.9,0,1010.0,68.9,12.7,99,601.8333,9
2017-09-06 14:00:00,3.7,0,1009.8,53.9,12.7,99,690.8333,9
2017-09-06 15:00:00,4.3,0,1009.6,31.4,12.9,96,369.1667,9
2017-09-06 16:00:00,3.1,0,1009.6,22.9,12.6,99,266.9999,9
2017-09-06 17:00:00,3.6,0,1009.6,12.8,12.4,99,121.1666,9
2017-09-06 18:00:00,3.7,0,1009.9,4.3,12.2,97,0.0,9
2017-09-06 19:00:00,3.9,0,1010.3,0.2,11.7,97,0.0,9
2017-09-06 20:00:00,3.4,0,1010.6,0.0,11.3,97,0.0,9
2017-09-06 21:00:00,3.4,0,1011.0,0.0,11.1,98,0.0,9
2017-09-06 22:00:00,3.7,0,1011.1,0.0,10.9,99,0.0,9
2017-09-06 23:00:00,3.5,0,1011.2,0.0,10.9,98,0.0,9
2017-09-07 00:00:00,2.4,0,1011.3,0.0,10.8,100,0.0,9
2017-09-07 01:00:00,3.1,0,1011.4,0.0,10.8,96,0.0,9
2017-09-07 02:00:00,2.8,0,1011.5,0.0,10.6,94,0.0,9
2017-09-07 03:00:00,2.9,0,1011.4,0.0,10.5,90,0.0,9
2017-09-07 04:00:00,2.5,0,1011.5,0.0,10.2,94,0.0,9
2017-09-07 05:00:00,3.4,0,1011.4,0.0,10.0,94,0.0,9
2017-09-07 06:00:00,2.7,0,1011.4,0.0,9.9,96,0.0,9
2017-09-07 07:00:00,3.0,0,1011.5,16.9,10.1,94,0.0,9
2017-09-07 08:00:00,2.5,0,1011.5,46.3,10.5,89,173.8334,9
2017-09-07 09:00:00,2.3,0,1011.4,113.5,11.3,85,943.3333,9
2017-09-07 10:00:00,2.4,0,1011.4,224.9,12.3,78,1547.8334,9
2017-09-07 11:00:00,2.9,0,1011.1,209.6,12.3,79,2395.3333,9
2017-09-07 12:00:00,2.1,0,1010.8,211.6,12.5,74,1519.8332,9
2017-09-07 13:00:00,2.4,0,1010.3,201.5,12.6,72,1869.0,9
2017-09-07 14:00:00,2.5,0,1009.9,217.6,13.3,73,1036.1666,9
2017-09-07 15:00:00,3.1,0,1009.5,214.3,12.8,68,1247.1667,9
2017-09-07 16:00:00,2.2,0,1009.3,114.2,12.6,72,1881.5001,9
2017-09-07 17:00:00,2.5,0,1008.9,48.4,12.2,72,1302.8333,9
2017-09-07 18:00:00,2.0,0,1008.6,31.2,11.9,74,608.5,9
2017-09-07 19:00:00,1.6,0,1008.4,11.3,11.3,78,269.6666,9
2017-09-07 20:00:00,2.5,0,1008.2,0.0,10.3,86,36.1667,9
2017-09-07 21:00:00,2.5,0,1007.9,0.0,9.6,87,0.0,9
2017-09-07 22:00:00,2.4,0,1007.4,0.0,9.8,88,0.0,9
2017-09-07 23:00:00,3.0,0,1006.8,0.0,9.9,88,0.0,9
2017-09-08 00:00:00,3.5,0,1006.1,0.0,9.7,88,0.0,9
2017-09-08 01:00:00,2.5,0,1005.6,0.0,9.6,90,0.0,9
2017-09-08 02:00:00,2.7,0,1005.0,0.0,9.6,90,0.0,9
2017-09-08 03:00:00,3.1,0,1004.4,0.0,9.5,90,0.0,9
2017-09-08 04:00:00,2.5,0,1003.6,0.0,9.4,91,0.0,9
2017-09-08 05:00:00,2.5,0,1003.0,0.0,9.4,91,0.0,9
2017-09-08 06:00:00,4.0,0,1002.6,3.5,9.3,91,0.0,9
2017-09-08 07:00:00,3.1,0,1002.4,26.3,9.6,89,0.0,9
2017-09-08 08:00:00,2.2,0,1001.8,57.3,10.3,86,125.3333,9
2017-09-08 09:00:00,2.5,0,1001.3,106.5,11.1,80,605.1667,9
2017-09-08 10:00:00,2.3,0,1000.8,130.9,11.4,79,1072.8333,9
2017-09-08 11:00:00,2.6,0,1000.1,167.3,12.0,75,1609.3333,9
2017-09-08 12:00:00,2.9,0,999.2,259.5,13.1,75,1522.8333,9
2017-09-08 13:00:00,2.7,0,998.8,165.2,13.4,68,2977.1668,9
2017-09-08 14:00:00,3.6,0,998.4,68.0,13.0,68,1001.0,9
2017-09-08 15:00:00,3.4,0,997.9,87.1,12.8,72,489.6666,9
2017-09-08 16:00:00,4.6,0,997.2,95.5,12.6,74,345.5,9
2017-09-08 17:00:00,4.1,0,996.6,91.8,12.6,74,679.8333,9
2017-09-08 18:00:00,3.4,0,996.3,30.8,12.5,73,607.8334,9
2017-09-08 19:00:00,3.4,0,995.9,2.0,12.0,76,107.6668,9
2017-09-08 20:00:00,4.1,0,995.5,0.0,11.7,78,0.0,9
2017-09-08 21:00:00,4.4,0,994.9,0.0,11.8,77,0.0,9
2017-09-08 22:00:00,5.2,0,994.3,0.0,11.3,83,0.0,9
2017-09-08 23:00:00,5.2,0,993.8,0.0,10.8,90,0.0,9
2017-09-09 00:00:00,5.2,0,993.3,0.0,10.3,96,0.0,9
2017-09-09 01:00:00,6.0,0,992.9,0.0,10.1,98,0.0,9
2017-09-09 02:00:00,4.5,0,992.5,0.0,10.2,98,0.0,9
2017-09-09 03:00:00,4.6,0,992.3,0.0,10.0,98,0.0,9
2017-09-09 04:00:00,3.8,0,992.4,0.0,10.1,99,0.0,9
2017-09-09 05:00:00,2.2,0,992.4,0.0,10.3,98,0.0,9
2017-09-09 06:00:00,4.3,0,992.5,0.0,10.3,97,0.0,9
2017-09-09 07:00:00,3.3,0,993.0,16.9,10.5,98,0.0,9
2017-09-09 08:00:00,3.2,0,993.2,33.2,10.7,100,0.0,9
2017-09-09 09:00:00,2.4,0,993.7,70.5,11.4,97,42.25,9
2017-09-09 10:00:00,1.8,0,994.0,64.0,11.8,96,441.8333,9
2017-09-09 11:00:00,2.5,0,994.1,176.6,12.8,94,1132.8333,9
2017-09-09 12:00:00,0.6,0,994.4,110.6,12.4,99,565.5,9
2017-09-09 13:00:00,1.3,0,994.4,222.7,13.6,91,1248.3333,9
2017-09-09 14:00:00,1.7,7,994.5,302.2,14.9,88,1511.8332,9
2017-09-09 15:00:00,1.9,1,994.5,111.9,13.5,93,1277.1666,9
2017-09-09 16:00:00,1.6,0,994.5,39.1,13.1,100,1770.1667,9
2017-09-09 17:00:00,2.6,0,994.8,65.9,12.7,96,1431.3334,9
2017-09-09 18:00:00,2.5,1,994.5,43.4,12.5,99,278.6666,9
2017-09-09 19:00:00,2.9,0,994.3,7.0,12.4,100,1.5,9
2017-09-09 20:00:00,3.1,0,994.1,0.0,12.0,98,0.0,9
2017-09-09 21:00:00,2.7,0,994.1,0.0,11.9,99,0.0,9
2017-09-09 22:00:00,0.7,0,994.1,0.0,11.1,100,0.0,9
2017-09-09 23:00:00,0.3,0,994.0,0.0,10.4,100,0.0,9
2017-09-10 00:00:00,0.8,0,994.0,0.0,10.0,100,0.0,9
2017-09-10 01:00:00,1.2,0,994.0,0.0,10.0,100,0.0,9
2017-09-10 02:00:00,0.3,0,994.1,0.0,9.7,100,0.0,9
2017-09-10 03:00:00,0.4,0,994.1,0.0,10.0,100,0.0,9
2017-09-10 04:00:00,0.7,0,994.1,0.0,9.9,100,0.0,9
2017-09-10 05:00:00,0.7,0,994.2,0.0,10.2,100,0.0,9
2017-09-10 06:00:00,0.0,0,993.9,0.0,10.6,100,0.0,9
2017-09-10 07:00:00,1.9,0,994.1,14.5,10.9,100,0.0,9
2017-09-10 08:00:00,1.6,0,993.9,55.8,11.1,100,140.1667,9
2017-09-10 09:00:00,1.9,1,994.0,96.6,11.9,100,581.3333,9
2017-09-10 10:00:00,1.7,5,994.0,222.8,13.1,88,1047.1666,9
2017-09-10 11:00:00,1.2,15,993.7,309.7,15.8,86,2429.5,9
2017-09-10 12:00:00,3.9,50,993.6,485.4,16.1,72,5532.5002,9
2017-09-10 13:00:00,5.1,4,993.4,269.2,15.7,69,4708.1666,9
2017-09-10 14:00:00,4.6,0,993.3,145.6,14.2,77,2806.8333,9
2017-09-10 15:00:00,2.1,1,993.7,101.5,11.9,97,1207.6667,9
2017-09-10 16:00:00,1.7,27,993.1,252.1,12.9,91,627.1667,9
2017-09-10 17:00:00,3.1,1,993.1,84.4,13.5,91,3602.1666,9
2017-09-10 18:00:00,3.5,0,992.8,41.4,13.5,93,586.6667,9
2017-09-10 19:00:00,3.2,0,992.9,10.8,13.4,94,388.8333,9
2017-09-10 20:00:00,3.5,0,992.7,0.0,13.3,94,17.1667,9
2017-09-10 21:00:00,2.9,0,993.0,0.0,12.1,99,0.0,9
2017-09-10 22:00:00,2.7,0,992.9,0.0,12.4,100,0.0,9
2017-09-10 23:00:00,3.2,0,992.8,0.0,12.3,100,0.0,9
2017-09-11 00:00:00,2.4,0,992.7,0.0,12.0,99,0.0,9
2017-09-11 01:00:00,1.5,0,992.3,0.0,11.8,100,0.0,9
2017-09-11 02:00:00,1.6,0,992.1,0.0,11.9,100,0.0,9
2017-09-11 03:00:00,3.0,0,991.7,0.0,12.6,100,0.0,9
2017-09-11 04:00:00,2.2,0,991.5,0.0,12.5,100,0.0,9
2017-09-11 05:00:00,2.7,0,990.9,0.0,12.6,100,0.0,9
2017-09-11 06:00:00,3.3,0,990.6,0.0,12.7,98,0.0,9
2017-09-11 07:00:00,3.3,0,990.6,5.8,12.9,96,0.0,9
2017-09-11 08:00:00,4.9,0,990.1,24.2,13.1,93,0.0,9
2017-09-11 09:00:00,4.6,0,990.0,19.7,13.3,90,0.0,9
2017-09-11 10:00:00,3.5,0,989.7,21.5,12.9,94,201.8334,9
2017-09-11 11:00:00,4.4,0,989.3,32.9,12.9,94,306.8333,9
2017-09-11 12:00:00,5.1,0,989.2,46.2,12.8,95,225.0,9
2017-09-11 13:00:00,3.8,0,989.5,100.1,13.2,96,199.6667,9
2017-09-11 14:00:00,3.5,0,989.6,36.8,12.8,100,573.0,9
2017-09-11 15:00:00,3.8,0,989.5,34.4,12.9,100,350.6666,9
2017-09-11 16:00:00,3.5,0,989.7,101.9,14.1,95,392.8333,9
2017-09-11 17:00:00,3.3,0,989.8,36.5,13.4,96,636.8333,9
2017-09-11 18:00:00,3.0,7,989.9,48.6,13.5,98,935.8334,9
2017-09-11 19:00:00,2.4,0,990.6,2.2,13.0,96,439.8334,9
2017-09-11 20:00:00,2.3,0,991.0,0.0,12.2,100,0.0,9
2017-09-11 21:00:00,1.7,0,991.2,0.0,12.4,100,0.0,9
2017-09-11 22:00:00,1.7,0,991.0,0.0,12.1,99,0.0,9
2017-09-11 23:00:00,3.2,0,991.0,0.0,12.1,98,0.0,9
2017-09-12 00:00:00,1.0,0,990.6,0.0,12.0,97,0.0,9
2017-09-12 01:00:00,2.7,0,990.3,0.0,12.1,96,0.0,9
2017-09-12 02:00:00,2.9,0,990.0,0.0,11.6,97,0.0,9
2017-09-12 03:00:00,1.7,0,989.7,0.0,11.3,94,0.0,9
2017-09-12 04:00:00,2.9,0,989.3,0.0,11.3,96,0.0,9
2017-09-12 05:00:00,2.1,0,988.6,0.0,11.7,98,0.0,9
2017-09-12 06:00:00,3.1,0,988.4,0.0,11.8,99,0.0,9
2017-09-12 07:00:00,3.0,0,988.4,32.4,12.1,100,0.0,9
2017-09-12 08:00:00,3.2,0,988.4,14.8,12.2,100,35.3334,9
2017-09-12 09:00:00,2.4,0,988.6,64.8,12.8,98,427.3333,9
2017-09-12 10:00:00,0.8,6,988.8,123.9,13.8,100,724.1667,9
2017-09-12 11:00:00,3.8,16,989.4,216.4,13.8,93,2934.4999,9
2017-09-12 12:00:00,4.9,9,989.8,299.6,14.6,86,2140.8332,9
2017-09-12 13:00:00,4.5,22,990.0,344.4,15.7,79,1549.1668,9
2017-09-12 14:00:00,6.0,16,989.9,275.3,15.4,82,3456.1667,9
2017-09-12 15:00:00,5.7,36,989.9,366.9,15.8,80,1974.1668,9
2017-09-12 16:00:00,5.2,39,989.9,283.2,14.6,83,3880.1665,9
2017-09-12 17:00:00,5.8,0,990.2,74.6,14.2,84,1576.5,9
2017-09-12 18:00:00,5.0,0,990.1,36.5,14.2,85,1434.9999,9
2017-09-12 19:00:00,3.2,0,990.4,0.0,13.7,90,184.8334,9
2017-09-12 20:00:00,3.6,0,990.8,0.0,13.4,95,0.0,9
2017-09-12 21:00:00,3.5,0,991.0,0.0,13.3,91,0.0,9
2017-09-12 22:00:00,3.2,0,991.4,0.0,13.0,87,0.0,9
2017-09-12 23:00:00,2.8,0,991.5,0.0,12.4,91,0.0,9
2017-09-13 00:00:00,2.3,0,991.7,0.0,11.8,94,0.0,9
2017-09-13 01:00:00,3.2,0,991.6,0.0,11.6,94,0.0,9
2017-09-13 02:00:00,1.9,0,991.5,0.0,10.9,97,0.0,9
2017-09-13 03:00:00,2.2,0,991.5,0.0,10.3,100,0.0,9
2017-09-13 04:00:00,1.3,0,991.5,0.0,10.4,100,0.0,9
2017-09-13 05:00:00,1.8,0,991.3,0.0,10.4,100,0.0,9
2017-09-13 06:00:00,1.0,0,991.2,0.0,10.2,99,0.0,9
2017-09-13 07:00:00,1.3,0,991.2,15.5,10.4,99,0.0,9
2017-09-13 08:00:00,1.0,0,990.9,42.1,10.6,97,105.0,9
2017-09-13 09:00:00,0.7,0,991.0,83.0,10.9,93,491.1667,9
2017-09-13 10:00:00,1.4,6,990.8,183.2,12.0,87,820.3333,9
2017-09-13 11:00:00,0.6,28,990.3,374.1,13.0,78,1632.1666,9
2017-09-13 12:00:00,2.6,55,989.8,550.8,16.3,65,1962.3333,9
2017-09-13 13:00:00,3.0,56,989.4,501.4,15.2,62,1909.6667,9
2017-09-13 14:00:00,2.3,47,989.0,346.5,16.1,62,4279.1667,9
2017-09-13 15:00:00,2.2,60,988.4,421.1,16.3,60,4377.3335,9
2017-09-13 16:00:00,0.9,60,987.9,286.6,16.0,63,2818.1667,9
2017-09-13 17:00:00,3.0,12,988.1,61.8,11.0,95,3170.5,9
2017-09-13 18:00:00,2.1,0,987.7,12.6,11.5,93,455.1667,9
2017-09-13 19:00:00,2.6,0,987.5,2.4,10.6,94,194.1667,9
2017-09-13 20:00:00,2.8,0,987.5,0.0,10.5,97,7.5,9
2017-09-13 21:00:00,1.7,0,987.5,0.0,10.6,97,0.0,9
2017-09-13 22:00:00,3.0,0,987.5,0.0,10.8,93,0.0,9
2017-09-13 23:00:00,3.1,0,987.6,0.0,10.7,93,0.0,9
2017-09-14 00:00:00,3.1,0,987.5,0.0,10.2,95,0.0,9
2017-09-14 01:00:00,2.0,0,987.6,0.0,10.3,94,0.0,9
2017-09-14 02:00:00,0.7,0,987.6,0.0,10.1,97,0.0,9
2017-09-14 03:00:00,0.8,0,987.7,0.0,10.2,94,0.0,9
2017-09-14 04:00:00,0.5,0,987.9,0.0,9.8,98,0.0,9
2017-09-14 05:00:00,3.0,0,988.0,0.0,9.9,96,0.0,9
2017-09-14 06:00:00,0.9,0,988.2,0.0,9.7,97,0.0,9
2017-09-14 07:00:00,0.3,0,988.5,23.9,10.4,97,0.0,9
2017-09-14 08:00:00,0.8,5,988.7,89.9,12.4,86,178.8333,9
2017-09-14 09:00:00,3.2,29,989.2,194.0,12.9,78,625.5,9
2017-09-14 10:00:00,3.2,57,989.6,380.8,15.0,72,1253.5,9
2017-09-14 11:00:00,3.5,16,990.1,299.4,14.3,73,1786.1667,9
2017-09-14 12:00:00,3.6,5,990.3,210.6,14.2,71,2613.1668,9
2017-09-14 13:00:00,2.9,12,990.3,322.5,15.8,64,2161.1667,9
2017-09-14 14:00:00,2.4,42,990.5,317.2,15.2,68,3943.1668,9
2017-09-14 15:00:00,1.7,13,990.7,228.7,16.0,63,4682.9999,9
2017-09-14 16:00:00,4.0,0,991.3,82.1,13.2,74,2729.3333,9
2017-09-14 17:00:00,2.9,0,991.9,63.4,13.1,78,1903.6667,9
2017-09-14 18:00:00,0.7,1,992.3,50.4,12.6,81,323.1667,9
2017-09-14 19:00:00,1.1,0,993.0,2.4,11.6,90,318.9999,9
2017-09-14 20:00:00,1.5,0,993.6,0.0,10.5,93,17.125,9
2017-09-14 21:00:00,1.2,0,994.2,0.0,9.5,95,0.0,9
2017-09-14 22:00:00,0.9,0,994.7,0.0,9.1,95,0.0,9
2017-09-14 23:00:00,1.1,0,995.2,0.0,9.3,93,0.0,9
2017-09-15 00:00:00,1.1,0,995.5,0.0,9.6,86,0.0,9
2017-09-15 01:00:00,1.6,0,996.1,0.0,10.0,83,0.0,9
2017-09-15 02:00:00,0.4,0,996.6,0.0,8.0,96,0.0,9
2017-09-15 03:00:00,1.0,0,997.3,0.0,7.4,100,0.0,9
2017-09-15 04:00:00,0.4,0,997.8,0.0,7.6,98,0.0,9
2017-09-15 05:00:00,0.4,0,998.2,0.0,8.5,89,0.0,9
2017-09-15 06:00:00,1.1,0,998.8,0.0,8.8,91,0.0,9
2017-09-15 07:00:00,0.8,0,999.2,22.5,9.1,92,0.0,9
2017-09-15 08:00:00,2.2,8,999.5,101.6,10.5,91,33.5,9
2017-09-15 09:00:00,1.4,45,999.9,251.9,13.2,77,690.1666,9
2017-09-15 10:00:00,1.6,60,1000.1,412.6,15.2,67,1029.8333,9
2017-09-15 11:00:00,2.1,60,1000.3,479.9,16.4,62,2490.3333,9
2017-09-15 12:00:00,1.9,48,1000.7,525.0,15.7,60,4717.6665,9
2017-09-15 13:00:00,2.3,40,1000.6,427.0,17.4,52,6139.5,9
2017-09-15 14:00:00,2.7,52,1000.7,538.7,16.7,56,5703.8334,9
2017-09-15 15:00:00,3.1,4,1001.0,120.9,15.5,59,4407.1665,9
2017-09-15 16:00:00,2.9,39,1000.9,275.8,15.2,67,395.8334,9
2017-09-15 17:00:00,2.8,60,1001.1,213.9,16.6,56,850.6666,9
2017-09-15 18:00:00,2.5,60,1001.5,95.0,14.3,64,2377.6666,9
2017-09-15 19:00:00,1.6,4,1002.2,0.0,11.0,89,1045.3334,9
2017-09-15 20:00:00,2.6,0,1002.8,0.0,10.5,83,0.0,9
2017-09-15 21:00:00,0.7,0,1003.0,0.0,10.6,84,0.0,9
2017-09-15 22:00:00,0.2,0,1003.3,0.0,10.4,91,0.0,9
2017-09-15 23:00:00,0.7,0,1003.6,0.0,10.4,88,0.0,9
2017-09-16 00:00:00,1.3,0,1003.9,0.0,9.7,93,0.0,9
2017-09-16 01:00:00,1.2,0,1004.2,0.0,9.4,95,0.0,9
2017-09-16 02:00:00,1.5,0,1004.8,0.0,9.9,90,0.0,9
2017-09-16 03:00:00,1.7,0,1005.1,0.0,10.4,83,0.0,9
2017-09-16 04:00:00,2.0,0,1005.3,0.0,9.7,84,0.0,9
2017-09-16 05:00:00,0.7,0,1005.9,0.0,9.1,88,0.0,9
2017-09-16 06:00:00,0.6,0,1006.5,0.0,8.0,93,0.0,9
2017-09-16 07:00:00,0.4,43,1007.1,44.7,8.0,96,0.0,9
2017-09-16 08:00:00,2.9,55,1007.8,160.6,12.6,65,0.0,9
2017-09-16 09:00:00,1.1,60,1008.6,289.4,14.7,65,0.0,9
2017-09-16 10:00:00,3.7,60,1009.0,397.0,15.3,54,103.0,9
2017-09-16 11:00:00,3.4,60,1009.5,487.4,16.4,50,2887.8335,9
2017-09-16 12:00:00,2.7,41,1009.8,488.8,15.8,53,5632.5,9
2017-09-16 13:00:00,2.9,50,1010.1,482.2,17.4,46,6271.6666,9
2017-09-16 14:00:00,2.7,25,1010.5,316.1,16.6,47,6147.0,9
2017-09-16 15:00:00,2.1,22,1010.7,232.0,16.6,43,5035.4999,9
2017-09-16 16:00:00,3.4,31,1011.1,184.9,16.0,47,3309.3334,9
2017-09-16 17:00:00,1.6,11,1011.4,117.7,15.6,53,2325.3333,9
2017-09-16 18:00:00,2.2,0,1012.2,41.8,13.8,63,816.8334,9
2017-09-16 19:00:00,2.4,5,1013.0,1.5,12.0,72,206.0,9
2017-09-16 20:00:00,2.4,0,1013.6,0.0,10.8,76,2.0,9
2017-09-16 21:00:00,2.5,0,1014.4,0.0,10.1,79,0.0,9
2017-09-16 22:00:00,2.1,0,1015.0,0.0,10.1,80,0.0,9
2017-09-16 23:00:00,2.6,0,1015.2,0.0,11.0,75,0.0,9
2017-09-17 00:00:00,3.3,0,1015.6,0.0,11.0,73,0.0,9
2017-09-17 01:00:00,3.1,0,1015.6,0.0,10.8,70,0.0,9
2017-09-17 02:00:00,4.6,0,1015.6,0.0,10.4,70,0.0,9
2017-09-17 03:00:00,3.6,0,1015.9,0.0,9.6,74,0.0,9
2017-09-17 04:00:00,3.2,0,1016.0,0.0,9.9,73,0.0,9
2017-09-17 05:00:00,1.6,0,1016.1,0.0,10.5,68,0.0,9
2017-09-17 06:00:00,2.7,0,1016.4,0.0,10.5,70,0.0,9
2017-09-17 07:00:00,3.5,0,1016.9,6.4,10.6,69,0.0,9
2017-09-17 08:00:00,2.6,0,1017.3,54.7,10.7,70,0.0,9
2017-09-17 09:00:00,2.8,0,1017.9,80.8,11.0,69,380.8333,9
2017-09-17 10:00:00,3.4,0,1017.9,137.7,11.3,71,662.6667,9
2017-09-17 11:00:00,3.1,0,1017.8,210.0,12.0,71,1534.3334,9
2017-09-17 12:00:00,2.3,0,1017.6,252.7,13.1,67,2647.5001,9
2017-09-17 13:00:00,1.0,17,1017.0,374.1,15.4,54,4876.1666,9
2017-09-17 14:00:00,1.6,56,1016.3,383.2,15.8,55,5559.8334,9
2017-09-17 15:00:00,0.9,12,1016.1,214.7,15.7,56,2112.8334,9
2017-09-17 16:00:00,1.7,38,1015.8,308.0,14.6,56,1091.8333,9
2017-09-17 17:00:00,1.6,0,1015.8,72.3,13.9,65,1108.1667,9
2017-09-17 18:00:00,1.2,0,1015.8,19.8,13.2,70,291.1667,9
2017-09-17 19:00:00,1.6,0,1016.1,0.0,12.5,78,53.4999,9
2017-09-17 20:00:00,2.4,0,1016.2,0.0,11.9,81,0.0,9
2017-09-17 21:00:00,1.9,0,1016.4,0.0,11.4,82,0.0,9
2017-09-17 22:00:00,1.4,0,1016.5,0.0,11.1,83,0.0,9
2017-09-17 23:00:00,1.9,0,1016.2,0.0,10.9,84,0.0,9
2017-09-18 00:00:00,2.0,0,1016.0,0.0,10.7,87,0.0,9
2017-09-18 01:00:00,1.9,0,1015.7,0.0,10.5,87,0.0,9
2017-09-18 02:00:00,2.5,0,1015.3,0.0,10.6,84,0.0,9
2017-09-18 03:00:00,0.9,0,1014.8,0.0,10.6,84,0.0,9
2017-09-18 04:00:00,1.4,0,1014.5,0.0,10.1,89,0.0,9
2017-09-18 05:00:00,1.8,0,1014.3,0.0,9.8,88,0.0,9
2017-09-18 06:00:00,0.6,0,1014.1,0.0,9.4,91,0.0,9
2017-09-18 07:00:00,1.3,0,1014.1,14.8,9.9,88,0.0,9
2017-09-18 08:00:00,0.2,0,1014.0,41.4,10.6,90,0.0,9
2017-09-18 09:00:00,0.4,0,1013.9,71.9,11.4,82,133.5,9
2017-09-18 10:00:00,0.9,0,1013.6,106.2,12.0,76,444.0,9
2017-09-18 11:00:00,1.3,0,1013.2,169.7,12.8,72,735.6667,9
2017-09-18 12:00:00,2.3,8,1012.8,263.1,13.9,70,1365.1666,9
2017-09-18 13:00:00,2.5,35,1012.2,360.4,13.7,72,5045.5,9
2017-09-18 14:00:00,2.6,18,1011.8,258.0,16.2,65,3002.4998,9
2017-09-18 15:00:00,2.9,60,1011.2,405.8,16.2,61,1787.0001,9
2017-09-18 16:00:00,2.8,60,1010.6,307.3,15.9,51,4965.3332,9
2017-09-18 17:00:00,2.2,56,1010.2,199.9,15.7,58,2892.8334,9
2017-09-18 18:00:00,2.1,0,1010.1,24.8,14.5,65,362.1667,9
2017-09-18 19:00:00,2.4,0,1010.2,0.0,14.0,72,103.3334,9
2017-09-18 20:00:00,1.0,0,1010.2,0.0,13.3,74,0.0,9
2017-09-18 21:00:00,2.2,0,1010.2,0.0,12.8,83,0.0,9
2017-09-18 22:00:00,2.8,0,1010.4,0.0,12.3,86,0.0,9
2017-09-18 23:00:00,2.5,0,1010.5,0.0,11.6,92,0.0,9
2017-09-19 00:00:00,1.6,0,1010.4,0.0,11.1,97,0.0,9
2017-09-19 01:00:00,0.4,0,1010.2,0.0,10.9,97,0.0,9
2017-09-19 02:00:00,2.6,0,1010.0,0.0,11.2,92,0.0,9
2017-09-19 03:00:00,1.3,0,1009.9,0.0,11.0,91,0.0,9
2017-09-19 04:00:00,1.5,0,1010.0,0.0,10.5,91,0.0,9
2017-09-19 05:00:00,1.8,0,1010.2,0.0,9.9,91,0.0,9
2017-09-19 06:00:00,1.8,0,1010.6,0.0,9.5,95,0.0,9
2017-09-19 07:00:00,4.0,0,1010.9,15.6,10.7,90,0.0,9
2017-09-19 08:00:00,4.3,0,1011.4,39.1,10.7,93,0.0,9
2017-09-19 09:00:00,3.6,0,1011.8,156.4,11.7,86,190.3334,9
2017-09-19 10:00:00,2.8,0,1012.0,147.0,11.8,85,753.6666,9
2017-09-19 11:00:00,2.9,0,1012.2,202.8,12.3,82,1477.9999,9
2017-09-19 12:00:00,2.3,0,1012.2,203.7,12.8,75,1346.0001,9
2017-09-19 13:00:00,3.0,0,1012.4,219.5,13.1,69,2004.0,9
2017-09-19 14:00:00,2.9,0,1012.4,263.2,13.3,61,1681.0,9
2017-09-19 15:00:00,1.7,39,1012.3,263.4,13.8,61,1619.0,9
2017-09-19 16:00:00,2.6,3,1012.2,162.6,13.3,66,709.0,9
2017-09-19 17:00:00,2.2,0,1012.5,97.0,12.9,63,1236.5,9
2017-09-19 18:00:00,1.8,0,1012.9,26.1,12.4,63,452.8333,9
2017-09-19 19:00:00,1.2,0,1013.4,0.0,11.4,72,85.0,9
2017-09-19 20:00:00,2.0,0,1013.6,0.0,10.7,83,0.0,9
2017-09-19 21:00:00,1.8,0,1014.0,0.0,10.3,86,0.0,9
2017-09-19 22:00:00,3.0,0,1014.2,0.0,10.8,73,0.0,9
2017-09-19 23:00:00,2.0,0,1014.3,0.0,10.0,77,0.0,9
2017-09-20 00:00:00,2.2,0,1014.6,0.0,9.6,81,0.0,9
2017-09-20 01:00:00,1.8,0,1014.8,0.0,9.4,83,0.0,9
2017-09-20 02:00:00,1.2,0,1015.1,0.0,9.1,83,0.0,9
2017-09-20 03:00:00,1.2,0,1015.4,0.0,8.5,87,0.0,9
2017-09-20 04:00:00,1.1,0,1015.7,0.0,8.4,85,0.0,9
2017-09-20 05:00:00,2.2,0,1015.8,0.0,8.0,85,0.0,9
2017-09-20 06:00:00,2.3,0,1016.2,0.0,7.8,85,0.0,9
2017-09-20 07:00:00,3.0,0,1016.7,13.9,7.7,85,0.0,9
2017-09-20 08:00:00,2.0,0,1016.9,39.8,7.8,83,53.1667,9
2017-09-20 09:00:00,2.6,0,1017.5,61.7,8.3,80,607.8334,9
2017-09-20 10:00:00,2.4,0,1017.6,94.1,8.9,76,999.5,9
2017-09-20 11:00:00,2.3,0,1017.3,72.7,9.4,72,1485.5001,9
2017-09-20 12:00:00,3.5,15,1017.1,257.6,11.2,63,2457.6666,9
2017-09-20 13:00:00,2.9,0,1017.0,251.1,11.4,61,3063.6666,9
2017-09-20 14:00:00,3.3,1,1016.9,219.6,12.2,55,3709.6667,9
2017-09-20 15:00:00,1.9,1,1017.0,200.2,12.4,56,1965.3334,9
2017-09-20 16:00:00,3.2,0,1017.3,113.8,11.8,56,3445.3334,9
2017-09-20 17:00:00,3.4,0,1017.4,49.5,11.2,64,1022.6667,9
2017-09-20 18:00:00,1.9,0,1017.5,5.4,10.8,67,308.8334,9
2017-09-20 19:00:00,1.9,0,1018.2,0.0,10.3,74,53.1667,9
2017-09-20 20:00:00,2.5,0,1018.9,0.0,9.3,88,0.0,9
2017-09-20 21:00:00,2.8,0,1019.7,0.0,8.5,96,0.0,9
2017-09-20 22:00:00,2.6,0,1019.8,0.0,8.2,97,0.0,9
2017-09-20 23:00:00,2.4,0,1020.0,0.0,7.9,95,0.0,9
2017-09-21 00:00:00,2.9,0,1020.3,0.0,7.5,93,0.0,9
2017-09-21 01:00:00,3.1,0,1020.6,0.0,7.3,91,0.0,9
2017-09-21 02:00:00,2.9,0,1020.9,0.0,7.1,91,0.0,9
2017-09-21 03:00:00,3.5,0,1021.2,0.0,6.9,89,0.0,9
2017-09-21 04:00:00,4.2,0,1021.6,0.0,7.4,86,0.0,9
2017-09-21 05:00:00,3.4,0,1022.0,0.0,7.4,87,0.0,9
2017-09-21 06:00:00,3.3,0,1022.4,0.0,7.5,88,0.0,9
2017-09-21 07:00:00,3.6,0,1022.8,12.1,7.5,89,0.0,9
2017-09-21 08:00:00,2.5,0,1023.5,65.5,8.0,88,0.0,9
2017-09-21 09:00:00,2.1,0,1024.0,81.7,7.9,88,342.0001,9
2017-09-21 10:00:00,2.1,0,1024.1,117.7,8.0,84,448.8333,9
2017-09-21 11:00:00,3.1,0,1024.4,116.6,8.1,82,650.3333,9
2017-09-21 12:00:00,2.8,0,1024.6,141.9,8.5,80,1003.5,9
2017-09-21 13:00:00,2.3,0,1024.4,145.3,9.3,75,1294.5,9
2017-09-21 14:00:00,1.5,0,1024.5,134.4,9.4,78,1614.8333,9
2017-09-21 15:00:00,1.7,5,1024.4,156.8,10.8,72,2588.5,9
2017-09-21 16:00:00,2.5,19,1024.6,202.4,10.4,70,2483.1667,9
2017-09-21 17:00:00,3.1,13,1024.5,123.6,10.3,72,1406.5001,9
2017-09-21 18:00:00,2.6,0,1024.6,26.1,9.4,81,1075.1666,9
2017-09-21 19:00:00,3.1,0,1025.0,0.0,9.0,81,152.6667,9
2017-09-21 20:00:00,4.3,0,1025.1,0.0,9.4,76,0.0,9
2017-09-21 21:00:00,2.9,0,1025.3,0.0,9.5,77,0.0,9
2017-09-21 22:00:00,2.0,0,1025.7,0.0,9.8,80,0.0,9
2017-09-21 23:00:00,2.2,0,1025.9,0.0,9.7,82,0.0,9
2017-09-22 00:00:00,2.2,0,1026.0,0.0,9.6,84,0.0,9
2017-09-22 01:00:00,2.5,0,1025.7,0.0,9.6,84,0.0,9
2017-09-22 02:00:00,2.3,0,1025.6,0.0,9.8,84,0.0,9
2017-09-22 03:00:00,2.8,0,1025.4,0.0,9.7,86,0.0,9
2017-09-22 04:00:00,2.6,0,1025.5,0.0,9.7,87,0.0,9
2017-09-22 05:00:00,3.2,0,1025.4,0.0,9.7,87,0.0,9
2017-09-22 06:00:00,3.4,0,1025.6,0.0,9.8,88,0.0,9
2017-09-22 07:00:00,4.1,0,1025.6,0.7,9.8,89,0.0,9
2017-09-22 08:00:00,2.6,0,1025.9,18.3,10.2,89,0.0,9
2017-09-22 09:00:00,1.8,0,1025.9,69.1,11.0,88,304.75,9
2017-09-22 10:00:00,1.7,0,1026.2,82.4,11.1,87,678.5,9
2017-09-22 11:00:00,2.1,14,1025.9,261.1,12.9,78,1336.8333,9
2017-09-22 12:00:00,2.0,39,1025.8,456.7,14.0,69,1641.3334,9
2017-09-22 13:00:00,2.5,1,1025.7,166.7,13.2,74,691.3334,9
2017-09-22 14:00:00,2.4,0,1025.4,90.0,13.2,74,1272.1667,9
2017-09-22 15:00:00,2.6,0,1025.8,137.2,13.4,70,1007.5,9
2017-09-22 16:00:00,3.2,0,1025.1,92.2,13.2,76,578.6667,9
2017-09-22 17:00:00,2.6,0,1025.0,39.6,13.0,76,744.8333,9
2017-09-22 18:00:00,3.5,0,1025.0,15.8,12.6,77,374.8333,9
2017-09-22 19:00:00,4.4,0,1024.8,0.0,12.3,79,54.1667,9
2017-09-22 20:00:00,4.3,0,1025.0,0.0,12.3,80,0.0,9
2017-09-22 21:00:00,5.1,0,1025.4,0.0,11.5,89,0.0,9
2017-09-22 22:00:00,4.1,0,1025.6,0.0,11.1,96,0.0,9
2017-09-22 23:00:00,3.7,0,1025.5,0.0,11.0,97,0.0,9
2017-09-23 00:00:00,3.4,0,1025.6,0.0,10.9,98,0.0,9
2017-09-23 01:00:00,3.5,0,1025.6,0.0,11.0,97,0.0,9
2017-09-23 02:00:00,3.6,0,1025.6,0.0,10.9,99,0.0,9
2017-09-23 03:00:00,3.9,0,1025.5,0.0,11.1,97,0.0,9
2017-09-23 04:00:00,1.8,0,1025.7,0.0,10.9,97,0.0,9
2017-09-23 05:00:00,2.8,0,1025.9,0.0,11.0,97,0.0,9
2017-09-23 06:00:00,2.2,0,1026.2,0.0,11.1,96,0.0,9
2017-09-23 07:00:00,2.5,0,1026.6,2.4,11.1,97,0.0,9
2017-09-23 08:00:00,1.6,0,1027.2,28.6,11.5,94,0.0,9
2017-09-23 09:00:00,2.1,0,1027.5,35.8,11.8,93,56.4999,9
2017-09-23 10:00:00,2.4,0,1027.9,108.4,12.2,90,386.3333,9
2017-09-23 11:00:00,3.4,0,1028.2,83.0,12.4,90,492.4999,9
2017-09-23 12:00:00,3.1,0,1028.1,125.2,12.7,88,396.4999,9
2017-09-23 13:00:00,3.6,0,1028.2,167.0,12.9,85,951.3334,9
2017-09-23 14:00:00,2.9,0,1028.2,118.3,13.4,84,761.6667,9
2017-09-23 15:00:00,3.3,0,1028.2,71.4,13.4,84,1096.8333,9
2017-09-23 16:00:00,3.6,0,1028.1,73.2,13.4,85,353.6666,9
2017-09-23 17:00:00,3.3,0,1028.2,22.0,13.1,87,184.0,9
2017-09-23 18:00:00,4.3,0,1028.3,0.0,13.1,88,176.6667,9
2017-09-23 19:00:00,2.7,0,1028.8,0.0,13.0,89,64.1666,9
2017-09-23 20:00:00,2.9,0,1028.9,0.0,13.0,89,0.0,9
2017-09-23 21:00:00,3.0,0,1028.9,0.0,12.9,90,0.0,9
2017-09-23 22:00:00,3.4,0,1029.0,0.0,12.5,96,0.0,9
2017-09-23 23:00:00,3.9,0,1028.9,0.0,12.5,96,0.0,9
2017-09-24 00:00:00,4.9,0,1029.0,0.0,12.7,95,0.0,9
2017-09-24 01:00:00,3.8,0,1028.8,0.0,12.4,99,0.0,9
2017-09-24 02:00:00,3.9,0,1028.5,0.0,12.6,96,0.0,9
2017-09-24 03:00:00,4.4,0,1028.4,0.0,12.9,94,0.0,9
2017-09-24 04:00:00,4.3,0,1028.4,0.0,13.2,92,0.0,9
2017-09-24 05:00:00,3.8,0,1028.7,0.0,13.2,93,0.0,9
2017-09-24 06:00:00,2.9,0,1029.0,0.0,13.3,92,0.0,9
2017-09-24 07:00:00,3.2,0,1029.2,0.0,13.3,91,0.0,9
2017-09-24 08:00:00,3.3,0,1029.7,7.8,13.5,89,0.0,9
2017-09-24 09:00:00,2.9,0,1030.2,43.9,13.7,88,47.3333,9
2017-09-24 10:00:00,3.3,0,1030.4,92.4,14.0,87,440.6666,9
2017-09-24 11:00:00,3.2,0,1030.7,96.4,14.1,85,731.6666,9
2017-09-24 12:00:00,2.6,0,1030.8,87.1,14.3,86,599.1667,9
2017-09-24 13:00:00,1.5,0,1031.2,60.5,14.3,85,545.8334,9
2017-09-24 14:00:00,2.3,0,1031.7,20.4,13.8,89,283.4999,9
2017-09-24 15:00:00,1.6,0,1032.1,25.2,13.4,97,207.0,9
2017-09-24 16:00:00,1.4,0,1032.0,13.7,13.4,96,166.6667,9
2017-09-24 17:00:00,1.5,0,1032.1,6.7,13.0,100,67.1667,9
2017-09-24 18:00:00,1.8,0,1032.5,0.0,13.0,99,16.8333,9
2017-09-24 19:00:00,2.5,0,1033.0,0.0,13.3,98,0.0,9
2017-09-24 20:00:00,1.7,0,1033.5,0.0,13.3,99,0.0,9
2017-09-24 21:00:00,2.1,0,1033.9,0.0,13.2,99,0.0,9
2017-09-24 22:00:00,2.2,0,1034.4,0.0,13.2,100,0.0,9
2017-09-24 23:00:00,2.5,0,1034.7,0.0,13.3,99,0.0,9
2017-09-25 00:00:00,2.8,0,1034.9,0.0,13.7,97,0.0,9
2017-09-25 01:00:00,2.8,0,1034.8,0.0,13.7,96,0.0,9
2017-09-25 02:00:00,2.9,0,1034.8,0.0,13.8,96,0.0,9
2017-09-25 03:00:00,2.8,0,1034.8,0.0,13.8,95,0.0,9
2017-09-25 04:00:00,4.0,0,1034.3,0.0,13.7,95,0.0,9
2017-09-25 05:00:00,3.8,0,1034.2,0.0,13.7,90,0.0,9
2017-09-25 06:00:00,3.8,0,1034.6,0.0,13.7,91,0.0,9
2017-09-25 07:00:00,3.4,0,1034.8,0.0,13.5,94,0.0,9
2017-09-25 08:00:00,4.3,0,1035.3,6.0,13.5,96,0.0,9
2017-09-25 09:00:00,4.2,0,1035.5,40.2,13.8,92,0.0,9
2017-09-25 10:00:00,3.9,0,1035.7,74.8,14.0,86,93.1667,9
2017-09-25 11:00:00,4.4,1,1035.6,177.9,14.4,82,618.5,9
2017-09-25 12:00:00,3.7,0,1036.0,134.2,14.2,82,800.3334,9
2017-09-25 13:00:00,2.0,0,1036.2,116.4,14.6,70,988.5,9
2017-09-25 14:00:00,2.5,0,1035.8,120.0,14.7,75,1427.6666,9
2017-09-25 15:00:00,3.1,1,1035.3,104.0,14.8,75,1320.3333,9
2017-09-25 16:00:00,3.7,0,1035.2,82.7,14.7,77,895.5,9
2017-09-25 17:00:00,4.2,0,1035.3,53.7,14.3,77,525.9999,9
2017-09-25 18:00:00,3.9,0,1035.5,16.4,13.6,79,225.6667,9
2017-09-25 19:00:00,4.4,0,1035.7,0.0,13.2,78,3.6667,9
2017-09-25 20:00:00,4.7,0,1036.0,0.0,13.0,79,0.0,9
2017-09-25 21:00:00,4.9,0,1036.1,0.0,12.8,79,0.0,9
2017-09-25 22:00:00,4.3,0,1036.1,0.0,12.6,79,0.0,9
2017-09-25 23:00:00,4.0,0,1036.2,0.0,12.2,81,0.0,9
2017-09-26 00:00:00,4.8,0,1036.2,0.0,12.3,83,0.0,9
2017-09-26 01:00:00,4.5,0,1036.2,0.0,12.3,83,0.0,9
2017-09-26 02:00:00,4.6,0,1035.9,0.0,12.1,86,0.0,9
2017-09-26 03:00:00,4.2,0,1035.8,0.0,12.5,85,0.0,9
2017-09-26 04:00:00,5.3,0,1035.6,0.0,12.5,85,0.0,9
2017-09-26 05:00:00,5.3,0,1035.7,0.0,12.5,84,0.0,9
2017-09-26 06:00:00,5.8,0,1035.8,0.0,12.4,83,0.0,9
2017-09-26 07:00:00,5.8,0,1036.3,0.0,12.3,82,0.0,9
2017-09-26 08:00:00,6.9,0,1036.6,22.4,12.2,81,0.0,9
2017-09-26 09:00:00,5.8,0,1036.7,66.0,12.4,79,348.8333,9
2017-09-26 10:00:00,4.0,0,1037.1,107.4,12.6,78,749.1666,9
2017-09-26 11:00:00,3.7,0,1037.2,132.3,12.9,76,930.8333,9
2017-09-26 12:00:00,2.9,4,1037.3,185.5,13.3,76,1534.0001,9
2017-09-26 13:00:00,4.4,0,1036.8,118.7,13.5,76,1512.6667,9
2017-09-26 14:00:00,4.1,0,1036.4,61.6,13.9,76,1837.6666,9
2017-09-26 15:00:00,4.0,0,1036.2,61.4,14.2,77,973.3334,9
2017-09-26 16:00:00,3.7,0,1036.2,76.7,14.7,74,868.9999,9
2017-09-26 17:00:00,4.5,0,1036.3,38.8,14.5,76,831.8334,9
2017-09-26 18:00:00,3.5,0,1036.6,0.8,13.2,91,396.8333,9
2017-09-26 19:00:00,4.8,0,1036.9,0.0,13.2,89,0.0,9
2017-09-26 20:00:00,5.1,0,1037.2,0.0,13.3,84,0.0,9
2017-09-26 21:00:00,6.1,0,1037.3,0.0,13.4,82,0.0,9
2017-09-26 22:00:00,4.9,0,1037.5,0.0,13.2,82,0.0,9
2017-09-26 23:00:00,5.1,0,1037.4,0.0,13.1,82,0.0,9
2017-09-27 00:00:00,6.0,0,1037.2,0.0,13.0,82,0.0,9
2017-09-27 01:00:00,4.5,0,1037.4,0.0,13.1,83,0.0,9
2017-09-27 02:00:00,3.9,0,1037.3,0.0,13.2,83,0.0,9
2017-09-27 03:00:00,4.0,0,1037.3,0.0,13.0,85,0.0,9
2017-09-27 04:00:00,5.5,0,1037.0,0.0,12.9,85,0.0,9
2017-09-27 05:00:00,5.2,0,1037.3,0.0,12.8,85,0.0,9
2017-09-27 06:00:00,5.7,0,1037.4,0.0,12.7,85,0.0,9
2017-09-27 07:00:00,5.3,0,1037.5,3.2,12.8,84,0.0,9
2017-09-27 08:00:00,5.1,0,1037.7,32.9,13.0,83,0.0,9
2017-09-27 09:00:00,4.2,0,1038.0,65.2,13.2,82,146.0,9
2017-09-27 10:00:00,4.5,0,1038.0,111.1,13.3,81,626.6667,9
2017-09-27 11:00:00,4.1,0,1038.0,112.2,13.7,80,934.8333,9
2017-09-27 12:00:00,3.6,9,1037.9,201.2,14.6,74,1519.1667,9
2017-09-27 13:00:00,4.3,23,1037.6,381.2,15.3,70,2472.0,9
2017-09-27 14:00:00,4.2,6,1037.4,201.5,15.0,69,4160.6666,9
2017-09-27 15:00:00,2.5,1,1037.0,140.8,15.5,68,3102.0,9
2017-09-27 16:00:00,4.1,0,1036.9,96.4,15.0,69,1430.6666,9
2017-09-27 17:00:00,5.1,0,1036.8,58.3,14.5,70,525.3334,9
2017-09-27 18:00:00,2.9,0,1037.1,19.8,13.9,74,203.5,9
2017-09-27 19:00:00,4.8,0,1037.4,0.0,13.9,73,64.6666,9
2017-09-27 20:00:00,4.0,0,1037.6,0.0,13.5,74,0.0,9
2017-09-27 21:00:00,4.1,0,1037.5,0.0,13.3,76,0.0,9
2017-09-27 22:00:00,4.6,0,1037.3,0.0,13.0,78,0.0,9
2017-09-27 23:00:00,4.7,0,1037.5,0.0,12.8,79,0.0,9
2017-09-28 00:00:00,4.4,0,1037.7,0.0,12.8,81,0.0,9
2017-09-28 01:00:00,4.6,0,1037.5,0.0,12.7,82,0.0,9
2017-09-28 02:00:00,4.3,0,1037.1,0.0,12.2,85,0.0,9
2017-09-28 03:00:00,5.1,0,1036.5,0.0,11.9,86,0.0,9
2017-09-28 04:00:00,3.7,0,1036.4,0.0,11.7,86,0.0,9
2017-09-28 05:00:00,3.9,0,1036.4,0.0,12.2,82,0.0,9
2017-09-28 06:00:00,4.4,0,1036.4,0.0,12.0,83,0.0,9
2017-09-28 07:00:00,3.8,0,1036.5,0.0,11.8,84,0.0,9
2017-09-28 08:00:00,3.8,0,1036.8,14.4,11.8,82,0.0,9
2017-09-28 09:00:00,3.4,0,1037.1,20.7,11.7,83,0.0,9
2017-09-28 10:00:00,3.6,0,1037.3,22.0,11.8,84,106.6666,9
2017-09-28 11:00:00,4.3,0,1036.6,113.0,12.7,78,344.0,9
2017-09-28 12:00:00,4.2,1,1036.3,191.1,13.5,76,962.4999,9
2017-09-28 13:00:00,3.4,0,1036.0,75.9,13.3,78,1218.1667,9
2017-09-28 14:00:00,3.1,0,1035.7,80.2,13.5,79,886.0,9
2017-09-28 15:00:00,3.8,0,1035.2,82.0,13.6,80,765.3333,9
2017-09-28 16:00:00,4.0,0,1034.9,38.2,13.6,81,535.6666,9
2017-09-28 17:00:00,2.4,0,1034.8,10.7,13.7,79,140.4999,9
2017-09-28 18:00:00,3.7,0,1034.6,3.7,13.9,77,29.6666,9
2017-09-28 19:00:00,3.8,0,1034.6,0.0,13.8,78,0.0,9
2017-09-28 20:00:00,4.0,0,1034.7,0.0,14.0,77,0.0,9
2017-09-28 21:00:00,3.7,0,1034.8,0.0,14.1,78,0.0,9
2017-09-28 22:00:00,3.5,0,1034.8,0.0,13.0,84,0.0,9
2017-09-28 23:00:00,3.8,0,1034.6,0.0,13.2,84,0.0,9
2017-09-29 00:00:00,3.1,0,1034.3,0.0,12.5,85,0.0,9
2017-09-29 01:00:00,4.0,0,1034.0,0.0,12.3,83,0.0,9
2017-09-29 02:00:00,4.5,0,1033.7,0.0,12.0,81,0.0,9
2017-09-29 03:00:00,3.9,0,1033.9,0.0,11.5,85,0.0,9
2017-09-29 04:00:00,3.7,0,1033.9,0.0,11.7,80,0.0,9
2017-09-29 05:00:00,3.4,0,1033.7,0.0,11.4,79,0.0,9
2017-09-29 06:00:00,3.4,0,1033.7,0.0,11.2,79,0.0,9
2017-09-29 07:00:00,3.6,0,1033.7,0.0,10.9,80,0.0,9
2017-09-29 08:00:00,4.0,0,1033.7,2.6,10.7,79,0.0,9
2017-09-29 09:00:00,3.7,0,1033.6,27.4,10.7,79,0.0,9
2017-09-29 10:00:00,4.2,0,1033.3,34.1,10.8,79,280.6666,9
2017-09-29 11:00:00,3.7,0,1032.8,44.5,10.9,77,404.8334,9
2017-09-29 12:00:00,4.5,0,1032.2,45.8,11.0,77,370.8333,9
2017-09-29 13:00:00,3.7,0,1031.8,50.1,11.3,76,283.3332,9
2017-09-29 14:00:00,3.6,0,1031.1,78.6,11.8,74,416.9999,9
2017-09-29 15:00:00,3.1,0,1030.6,71.7,12.2,73,556.6667,9
2017-09-29 16:00:00,3.5,0,1030.3,42.8,11.9,75,475.6667,9
2017-09-29 17:00:00,4.3,0,1029.6,11.0,11.8,76,55.1667,9
2017-09-29 18:00:00,3.7,0,1029.7,0.0,11.7,77,0.0,9
2017-09-29 19:00:00,3.7,0,1029.4,0.0,11.6,78,0.0,9
2017-09-29 20:00:00,4.3,0,1028.9,0.0,11.6,77,0.0,9
2017-09-29 21:00:00,4.5,0,1028.4,0.0,11.5,78,0.0,9
2017-09-29 22:00:00,2.4,0,1028.2,0.0,11.4,79,0.0,9
2017-09-29 23:00:00,2.1,0,1027.7,0.0,11.3,80,0.0,9
2017-09-30 00:00:00,2.7,0,1027.5,0.0,11.3,82,0.0,9
2017-09-30 01:00:00,1.2,0,1027.1,0.0,11.2,84,0.0,9
2017-09-30 02:00:00,1.4,0,1027.2,0.0,11.2,85,0.0,9
2017-09-30 03:00:00,1.8,0,1026.7,0.0,10.5,87,0.0,9
2017-09-30 04:00:00,1.9,0,1026.4,0.0,10.1,89,0.0,9
2017-09-30 05:00:00,2.1,0,1026.1,0.0,10.4,86,0.0,9
2017-09-30 06:00:00,2.4,0,1026.1,0.0,10.7,81,0.0,9
2017-09-30 07:00:00,2.4,0,1026.2,9.0,10.9,79,0.0,9
2017-09-30 08:00:00,2.2,39,1026.3,68.4,11.5,75,0.0,9
2017-09-30 09:00:00,3.1,8,1025.9,84.1,11.5,73,149.1667,9
2017-09-30 10:00:00,3.2,0,1025.7,89.6,11.9,72,386.3333,9
2017-09-30 11:00:00,4.9,6,1025.1,181.4,12.5,66,392.3333,9
2017-09-30 12:00:00,4.4,14,1024.8,256.3,13.1,62,1140.0,9
2017-09-30 13:00:00,4.1,44,1024.2,388.8,13.6,60,2861.6666,9
2017-09-30 14:00:00,3.9,43,1023.9,287.1,13.9,61,2922.1666,9
2017-09-30 15:00:00,3.8,23,1023.7,196.9,14.1,59,3433.3333,9
2017-09-30 16:00:00,3.7,0,1023.7,63.1,13.6,62,1965.5,9
2017-09-30 17:00:00,2.9,0,1023.9,27.8,13.2,62,446.1666,9
2017-09-30 18:00:00,3.0,0,1024.0,0.0,12.8,65,420.3334,9
2017-09-30 19:00:00,3.3,0,1023.7,0.0,12.6,66,26.0,9
2017-09-30 20:00:00,3.1,0,1023.7,0.0,12.1,71,0.0,9
2017-09-30 21:00:00,2.9,0,1023.6,0.0,12.0,72,0.0,9
2017-09-30 22:00:00,3.6,0,1023.6,0.0,11.8,73,0.0,9
2017-09-30 23:00:00,3.5,0,1023.6,0.0,11.4,74,0.0,9
2017-10-01 00:00:00,2.8,0,1023.5,0.0,10.8,74,0.0,10
2017-10-01 01:00:00,3.6,0,1023.3,0.0,10.4,72,0.0,10
2017-10-01 02:00:00,4.4,0,1022.8,0.0,9.9,74,0.0,10
2017-10-01 03:00:00,4.3,0,1022.2,0.0,9.6,78,0.0,10
2017-10-01 04:00:00,3.4,0,1021.8,0.0,9.7,79,0.0,10
2017-10-01 05:00:00,3.9,0,1021.5,0.0,9.8,81,0.0,10
2017-10-01 06:00:00,3.5,0,1021.1,0.0,10.0,83,0.0,10
2017-10-01 07:00:00,3.0,0,1020.9,0.0,10.5,85,0.0,10
2017-10-01 08:00:00,2.5,0,1020.5,3.3,11.1,85,0.0,10
2017-10-01 09:00:00,2.5,3,1020.3,50.8,11.8,82,0.0,10
2017-10-01 10:00:00,2.1,24,1020.1,171.9,13.0,77,314.1666,10
2017-10-01 11:00:00,3.0,8,1019.6,209.8,13.9,70,790.8332,10
2017-10-01 12:00:00,3.9,0,1019.2,104.0,13.5,72,2233.8333,10
2017-10-01 13:00:00,4.0,0,1018.8,50.0,13.5,72,732.3333,10
2017-10-01 14:00:00,2.3,0,1018.5,16.0,12.2,87,342.5,10
2017-10-01 15:00:00,2.6,0,1018.4,13.6,11.6,94,404.0,10
2017-10-01 16:00:00,2.9,0,1017.8,7.0,11.5,93,125.8334,10
2017-10-01 17:00:00,2.5,0,1017.4,0.0,11.3,96,8.5,10
2017-10-01 18:00:00,2.5,0,1016.6,0.0,10.8,99,0.0,10
2017-10-01 19:00:00,2.0,0,1015.8,0.0,10.7,100,0.0,10
2017-10-01 20:00:00,2.8,0,1015.0,0.0,10.9,100,0.0,10
2017-10-01 21:00:00,3.2,0,1014.2,0.0,11.1,100,0.0,10
2017-10-01 22:00:00,3.2,0,1013.6,0.0,11.2,100,0.0,10
2017-10-01 23:00:00,3.5,0,1012.8,0.0,11.1,98,0.0,10
2017-10-02 00:00:00,3.2,0,1011.0,0.0,11.2,96,0.0,10
2017-10-02 01:00:00,4.0,0,1009.8,0.0,11.4,94,0.0,10
2017-10-02 02:00:00,4.8,0,1008.5,0.0,11.6,91,0.0,10
2017-10-02 03:00:00,4.6,0,1007.2,0.0,11.4,89,0.0,10
2017-10-02 04:00:00,4.5,0,1005.3,0.0,11.0,92,0.0,10
2017-10-02 05:00:00,6.2,0,1002.7,0.0,10.6,94,0.0,10
2017-10-02 06:00:00,5.4,0,1001.0,0.0,10.3,95,0.0,10
2017-10-02 07:00:00,5.4,0,999.4,0.0,10.1,96,0.0,10
2017-10-02 08:00:00,4.7,0,997.9,0.0,10.3,96,0.0,10
2017-10-02 09:00:00,5.1,0,997.1,4.0,10.3,98,0.0,10
2017-10-02 10:00:00,4.8,0,995.8,16.0,10.3,99,0.0,10
2017-10-02 11:00:00,4.4,0,994.7,26.5,10.8,100,0.0,10
2017-10-02 12:00:00,3.9,0,994.1,55.4,11.8,97,308.3333,10
2017-10-02 13:00:00,4.4,6,993.5,201.4,13.5,91,903.6667,10
2017-10-02 14:00:00,3.9,26,993.5,235.4,14.3,85,1767.4999,10
2017-10-02 15:00:00,4.3,42,993.2,257.6,14.1,77,2573.9999,10
2017-10-02 16:00:00,4.7,45,993.0,209.3,13.6,79,1304.0,10
2017-10-02 17:00:00,4.8,13,992.8,49.2,12.7,87,635.8334,10
2017-10-02 18:00:00,4.1,0,992.9,2.2,12.3,86,330.6667,10
2017-10-02 19:00:00,3.2,0,992.0,0.0,11.6,96,0.0,10
2017-10-02 20:00:00,3.3,0,991.5,0.0,11.8,97,0.0,10
2017-10-02 21:00:00,4.4,0,991.4,0.0,11.7,97,0.0,10
2017-10-02 22:00:00,4.0,0,991.4,0.0,11.4,97,0.0,10
2017-10-02 23:00:00,3.4,0,991.6,0.0,11.1,97,0.0,10
2017-10-03 00:00:00,3.3,0,991.4,0.0,11.3,95,0.0,10
2017-10-03 01:00:00,3.1,0,991.3,0.0,11.1,94,0.0,10
2017-10-03 02:00:00,2.6,0,991.4,0.0,10.9,92,0.0,10
2017-10-03 03:00:00,3.0,0,991.4,0.0,10.5,94,0.0,10
2017-10-03 04:00:00,2.7,0,991.3,0.0,10.1,93,0.0,10
2017-10-03 05:00:00,1.6,0,991.3,0.0,9.6,98,0.0,10
2017-10-03 06:00:00,1.8,0,991.2,0.0,9.5,100,0.0,10
2017-10-03 07:00:00,3.1,0,991.1,0.0,9.6,99,0.0,10
2017-10-03 08:00:00,1.9,1,991.2,34.5,10.4,97,0.0,10
2017-10-03 09:00:00,2.2,0,991.3,57.0,10.5,95,359.5833,10
2017-10-03 10:00:00,2.2,0,991.8,85.8,11.0,87,652.6666,10
2017-10-03 11:00:00,2.9,17,991.9,233.7,11.8,86,764.3333,10
2017-10-03 12:00:00,2.3,57,992.0,471.1,13.0,77,2078.1667,10
2017-10-03 13:00:00,1.2,54,992.2,405.1,14.6,73,4858.6666,10
2017-10-03 14:00:00,2.7,54,992.2,348.6,14.5,67,5853.3334,10
2017-10-03 15:00:00,3.1,34,992.3,208.4,14.8,64,4590.3331,10
2017-10-03 16:00:00,4.3,0,992.5,115.4,14.4,63,1094.9999,10
2017-10-03 17:00:00,3.1,0,992.8,45.9,13.4,69,578.8333,10
2017-10-03 18:00:00,2.2,0,993.3,1.5,12.3,76,250.5,10
2017-10-03 19:00:00,2.5,0,993.9,0.0,11.9,77,1.3333,10
2017-10-03 20:00:00,4.4,0,994.5,0.0,12.4,59,0.0,10
2017-10-03 21:00:00,3.8,0,995.4,0.0,12.3,54,0.0,10
2017-10-03 22:00:00,4.5,0,995.9,0.0,11.7,56,0.0,10
2017-10-03 23:00:00,3.7,0,996.5,0.0,11.1,57,0.0,10
2017-10-04 00:00:00,5.0,0,996.8,0.0,10.8,52,0.0,10
2017-10-04 01:00:00,2.7,0,997.2,0.0,9.6,59,0.0,10
2017-10-04 02:00:00,3.5,0,997.5,0.0,9.6,60,0.0,10
2017-10-04 03:00:00,3.1,0,997.4,0.0,8.8,63,0.0,10
2017-10-04 04:00:00,2.0,0,997.5,0.0,6.5,76,0.0,10
2017-10-04 05:00:00,2.9,0,997.3,0.0,6.7,78,0.0,10
2017-10-04 06:00:00,1.8,0,997.1,0.0,6.2,81,0.0,10
2017-10-04 07:00:00,1.2,5,997.0,0.0,7.6,77,0.0,10
2017-10-04 08:00:00,2.3,0,996.5,14.7,7.9,78,0.0,10
2017-10-04 09:00:00,2.3,0,996.0,74.0,8.9,75,101.5833,10
2017-10-04 10:00:00,4.6,33,995.0,219.6,11.2,60,451.6666,10
2017-10-04 11:00:00,3.8,27,994.6,228.2,10.2,64,1230.4999,10
2017-10-04 12:00:00,4.0,0,994.2,48.3,8.2,91,1669.3333,10
2017-10-04 13:00:00,3.0,0,993.4,46.3,8.0,99,705.6667,10
2017-10-04 14:00:00,1.6,0,992.4,110.8,9.0,91,509.3334,10
2017-10-04 15:00:00,1.1,0,991.7,73.1,8.9,90,371.6666,10
2017-10-04 16:00:00,4.4,0,991.5,62.0,7.9,88,482.1667,10
2017-10-04 17:00:00,5.1,0,991.2,7.2,7.3,79,136.3333,10
2017-10-04 18:00:00,1.2,9,991.4,0.0,7.3,83,0.0,10
2017-10-04 19:00:00,2.3,0,991.5,0.0,5.9,94,0.0,10
2017-10-04 20:00:00,0.7,0,991.6,0.0,5.1,97,0.0,10
2017-10-04 21:00:00,1.1,0,991.6,0.0,4.9,98,0.0,10
2017-10-04 22:00:00,0.8,0,992.0,0.0,4.6,97,0.0,10
2017-10-04 23:00:00,0.9,0,992.3,0.0,4.9,94,0.0,10
2017-10-05 00:00:00,0.6,0,992.5,0.0,3.8,98,0.0,10
2017-10-05 01:00:00,1.4,0,992.7,0.0,3.5,96,0.0,10
2017-10-05 02:00:00,1.0,0,993.1,0.0,2.4,100,0.0,10
2017-10-05 03:00:00,0.9,0,993.5,0.0,2.2,100,0.0,10
2017-10-05 04:00:00,0.9,0,993.8,0.0,2.2,99,0.0,10
2017-10-05 05:00:00,1.6,0,993.8,0.0,2.0,99,0.0,10
2017-10-05 06:00:00,0.8,0,993.8,0.0,1.8,100,0.0,10
2017-10-05 07:00:00,0.3,7,993.8,0.0,1.9,100,0.0,10
2017-10-05 08:00:00,0.3,60,993.9,79.6,5.3,92,0.0,10
2017-10-05 09:00:00,0.4,60,994.1,189.8,7.7,78,0.0,10
2017-10-05 10:00:00,1.7,60,994.0,288.1,8.9,71,0.0,10
2017-10-05 11:00:00,1.1,60,993.6,369.5,11.1,63,373.0,10
2017-10-05 12:00:00,2.0,60,993.5,409.8,11.7,60,5018.3334,10
2017-10-05 13:00:00,2.1,60,993.5,412.7,12.3,55,5659.1668,10
2017-10-05 14:00:00,2.2,60,993.3,354.3,13.3,50,4578.8335,10
2017-10-05 15:00:00,3.2,56,993.2,210.1,12.7,52,2794.1667,10
2017-10-05 16:00:00,1.6,9,993.5,99.2,11.4,57,1135.3334,10
2017-10-05 17:00:00,2.2,49,993.5,75.1,10.5,61,581.8333,10
2017-10-05 18:00:00,1.5,18,994.1,6.2,7.8,81,499.6666,10
2017-10-05 19:00:00,1.9,0,994.5,0.0,6.1,88,5.25,10
2017-10-05 20:00:00,2.0,0,995.1,0.0,5.6,88,0.0,10
2017-10-05 21:00:00,0.8,0,995.6,0.0,5.3,89,0.0,10
2017-10-05 22:00:00,1.0,0,996.3,0.0,4.9,89,0.0,10
2017-10-05 23:00:00,3.4,0,997.0,0.0,7.4,72,0.0,10
2017-10-06 00:00:00,4.9,0,997.8,0.0,8.1,69,0.0,10
2017-10-06 01:00:00,4.1,0,998.6,0.0,7.6,72,0.0,10
2017-10-06 02:00:00,3.2,0,999.6,0.0,7.2,73,0.0,10
2017-10-06 03:00:00,0.4,0,1000.2,0.0,4.8,86,0.0,10
2017-10-06 04:00:00,0.9,0,1000.7,0.0,3.5,95,0.0,10
2017-10-06 05:00:00,0.3,0,1001.5,0.0,3.6,92,0.0,10
2017-10-06 06:00:00,3.2,0,1001.9,0.0,5.3,83,0.0,10
2017-10-06 07:00:00,0.6,6,1002.9,0.8,4.9,89,0.0,10
2017-10-06 08:00:00,1.2,59,1003.8,71.9,8.2,75,0.0,10
2017-10-06 09:00:00,2.7,60,1004.5,178.9,11.3,58,77.8334,10
2017-10-06 10:00:00,4.3,59,1005.0,281.0,12.9,52,146.8333,10
2017-10-06 11:00:00,6.2,60,1005.2,350.8,14.0,48,671.3334,10
2017-10-06 12:00:00,4.1,60,1005.5,401.4,14.9,45,4906.3333,10
2017-10-06 13:00:00,4.6,60,1005.5,411.4,15.8,43,5731.1668,10
2017-10-06 14:00:00,4.2,60,1005.4,413.7,16.5,40,5240.4999,10
2017-10-06 15:00:00,2.6,56,1005.6,289.7,16.7,41,2991.6666,10
2017-10-06 16:00:00,2.4,56,1005.5,141.4,15.5,46,1250.8333,10
2017-10-06 17:00:00,1.8,55,1005.5,77.3,13.3,53,429.0,10
2017-10-06 18:00:00,3.7,0,1005.6,0.0,12.4,54,633.9999,10
2017-10-06 19:00:00,1.7,0,1006.0,0.0,10.9,60,0.0,10
2017-10-06 20:00:00,0.7,0,1005.9,0.0,9.3,70,0.0,10
2017-10-06 21:00:00,1.0,0,1005.7,0.0,8.0,77,0.0,10
2017-10-06 22:00:00,1.1,0,1005.8,0.0,7.3,78,0.0,10
2017-10-06 23:00:00,1.7,0,1005.4,0.0,7.4,78,0.0,10
2017-10-07 00:00:00,0.7,0,1004.8,0.0,7.3,75,0.0,10
2017-10-07 01:00:00,1.0,0,1004.5,0.0,6.4,84,0.0,10
2017-10-07 02:00:00,1.1,0,1004.0,0.0,5.5,88,0.0,10
2017-10-07 03:00:00,0.7,0,1003.5,0.0,5.5,89,0.0,10
2017-10-07 04:00:00,0.7,0,1002.9,0.0,5.2,92,0.0,10
2017-10-07 05:00:00,1.5,0,1002.6,0.0,5.4,90,0.0,10
2017-10-07 06:00:00,1.8,0,1001.8,0.0,5.5,83,0.0,10
2017-10-07 07:00:00,1.6,0,1001.3,0.0,4.7,88,0.0,10
2017-10-07 08:00:00,1.4,0,1000.9,23.6,5.2,88,0.0,10
2017-10-07 09:00:00,0.7,0,1000.5,81.5,6.7,80,139.8333,10
2017-10-07 10:00:00,0.3,0,1000.1,116.7,7.8,76,569.0001,10
2017-10-07 11:00:00,0.6,16,999.8,140.9,9.4,63,839.5,10
2017-10-07 12:00:00,1.7,60,999.3,364.6,11.4,54,2413.8334,10
2017-10-07 13:00:00,1.8,60,998.6,406.9,12.5,49,5675.0,10
2017-10-07 14:00:00,1.9,60,998.3,372.0,13.1,43,5401.6668,10
2017-10-07 15:00:00,1.7,60,998.0,311.8,12.1,47,687.1666,10
2017-10-07 16:00:00,0.9,60,997.7,191.6,12.1,44,502.6667,10
2017-10-07 17:00:00,1.8,58,998.0,77.0,10.4,46,253.6667,10
2017-10-07 18:00:00,7.0,20,999.4,4.1,8.7,60,592.3334,10
2017-10-07 19:00:00,5.0,0,1000.1,0.0,8.8,53,1.8333,10
2017-10-07 20:00:00,4.5,0,1000.8,0.0,7.4,56,0.0,10
2017-10-07 21:00:00,6.0,0,1001.7,0.0,7.0,55,0.0,10
2017-10-07 22:00:00,6.5,0,1002.3,0.0,6.4,57,0.0,10
2017-10-07 23:00:00,6.5,0,1003.0,0.0,6.4,56,0.0,10
2017-10-08 00:00:00,7.8,0,1003.9,0.0,6.3,57,0.0,10
2017-10-08 01:00:00,4.5,0,1004.9,0.0,5.5,60,0.0,10
2017-10-08 02:00:00,4.7,0,1005.6,0.0,5.5,60,0.0,10
2017-10-08 03:00:00,3.3,0,1006.2,0.0,5.0,62,0.0,10
2017-10-08 04:00:00,5.1,0,1006.9,0.0,5.1,60,0.0,10
2017-10-08 05:00:00,3.0,0,1007.6,0.0,4.4,64,0.0,10
2017-10-08 06:00:00,1.1,0,1008.0,0.0,2.4,75,0.0,10
2017-10-08 07:00:00,1.9,0,1008.5,0.0,1.4,83,0.0,10
2017-10-08 08:00:00,3.6,54,1008.6,61.6,6.8,62,0.0,10
2017-10-08 09:00:00,5.9,60,1009.2,172.4,8.7,55,0.0,10
2017-10-08 10:00:00,5.8,60,1009.8,275.1,9.7,53,0.0,10
2017-10-08 11:00:00,5.9,60,1010.3,351.4,11.1,49,227.1667,10
2017-10-08 12:00:00,4.4,60,1010.7,395.2,12.0,46,4369.6667,10
2017-10-08 13:00:00,5.5,59,1010.9,396.9,12.5,44,5882.6666,10
2017-10-08 14:00:00,4.2,51,1011.0,302.2,13.2,45,4128.9999,10
2017-10-08 15:00:00,4.9,59,1011.4,284.8,13.1,43,577.4999,10
2017-10-08 16:00:00,3.5,60,1011.9,185.8,12.6,43,413.5,10
2017-10-08 17:00:00,3.8,57,1012.4,69.5,11.7,46,238.0,10
2017-10-08 18:00:00,1.1,17,1013.0,1.2,8.8,57,491.0,10
2017-10-08 19:00:00,2.3,0,1013.7,0.0,6.7,68,0.0,10
2017-10-08 20:00:00,1.4,0,1014.2,0.0,5.9,72,0.0,10
2017-10-08 21:00:00,3.8,0,1014.7,0.0,7.3,65,0.0,10
2017-10-08 22:00:00,4.1,0,1015.0,0.0,7.5,64,0.0,10
2017-10-08 23:00:00,2.7,0,1015.2,0.0,6.9,66,0.0,10
2017-10-09 00:00:00,3.6,0,1015.2,0.0,6.6,68,0.0,10
2017-10-09 01:00:00,2.1,0,1015.5,0.0,5.5,73,0.0,10
2017-10-09 02:00:00,1.7,0,1015.5,0.0,4.7,78,0.0,10
2017-10-09 03:00:00,1.9,0,1015.5,0.0,3.7,83,0.0,10
2017-10-09 04:00:00,1.5,0,1015.5,0.0,3.8,83,0.0,10
2017-10-09 05:00:00,1.8,0,1015.5,0.0,2.4,91,0.0,10
2017-10-09 06:00:00,0.9,0,1015.6,0.0,2.4,90,0.0,10
2017-10-09 07:00:00,2.9,1,1015.8,0.0,4.1,77,0.0,10
2017-10-09 08:00:00,1.8,60,1015.9,58.5,6.5,67,0.0,10
2017-10-09 09:00:00,1.7,60,1015.9,167.0,8.1,60,0.0,10
2017-10-09 10:00:00,5.0,60,1015.7,271.1,8.6,56,0.0,10
2017-10-09 11:00:00,3.7,60,1015.3,348.5,9.6,55,81.9167,10
2017-10-09 12:00:00,3.4,60,1015.1,390.1,10.2,50,4027.0001,10
2017-10-09 13:00:00,3.4,60,1014.7,397.3,10.6,50,5777.8336,10
2017-10-09 14:00:00,2.5,60,1014.3,358.2,11.0,50,3392.3333,10
2017-10-09 15:00:00,2.7,60,1013.9,282.3,11.0,51,564.6667,10
2017-10-09 16:00:00,3.5,60,1013.9,177.0,10.3,49,389.1667,10
2017-10-09 17:00:00,2.9,60,1014.1,69.7,9.0,55,232.0,10
2017-10-09 18:00:00,3.2,10,1014.2,0.0,6.6,67,404.1667,10
2017-10-09 19:00:00,3.8,0,1014.2,0.0,6.1,69,0.0,10
2017-10-09 20:00:00,3.9,0,1014.0,0.0,6.0,68,0.0,10
2017-10-09 21:00:00,5.1,0,1013.8,0.0,5.9,68,0.0,10
2017-10-09 22:00:00,3.5,0,1013.6,0.0,5.1,71,0.0,10
2017-10-09 23:00:00,1.2,0,1013.4,0.0,4.0,77,0.0,10
2017-10-10 00:00:00,2.2,0,1013.2,0.0,4.0,76,0.0,10
2017-10-10 01:00:00,1.5,0,1013.1,0.0,2.3,84,0.0,10
2017-10-10 02:00:00,2.3,0,1012.6,0.0,2.0,85,0.0,10
2017-10-10 03:00:00,1.0,0,1012.1,0.0,1.2,92,0.0,10
2017-10-10 04:00:00,2.4,0,1011.7,0.0,1.3,91,0.0,10
2017-10-10 05:00:00,0.8,0,1011.3,0.0,0.4,97,0.0,10
2017-10-10 06:00:00,0.5,0,1010.8,0.0,1.7,95,0.0,10
2017-10-10 07:00:00,0.1,0,1010.6,0.0,2.7,88,0.0,10
2017-10-10 08:00:00,0.2,0,1009.9,15.4,3.9,84,0.0,10
2017-10-10 09:00:00,0.5,0,1009.5,72.8,5.4,80,81.8333,10
2017-10-10 10:00:00,1.4,35,1008.9,192.2,6.8,74,656.6667,10
2017-10-10 11:00:00,1.0,42,1008.1,241.2,8.1,70,1408.0,10
2017-10-10 12:00:00,1.6,60,1007.3,315.1,8.4,66,2007.3334,10
2017-10-10 13:00:00,2.4,11,1006.8,198.8,7.8,72,2403.0,10
2017-10-10 14:00:00,1.9,0,1006.0,149.3,8.1,67,1864.6666,10
2017-10-10 15:00:00,2.0,0,1005.1,133.6,8.1,68,707.5,10
2017-10-10 16:00:00,2.0,0,1004.4,58.5,7.3,73,506.3333,10
2017-10-10 17:00:00,1.5,0,1003.9,7.7,6.8,79,382.3334,10
2017-10-10 18:00:00,1.6,0,1003.5,0.0,6.1,93,30.1667,10
2017-10-10 19:00:00,0.7,0,1003.6,0.0,5.3,98,0.0,10
2017-10-10 20:00:00,0.6,0,1003.4,0.0,5.0,98,0.0,10
2017-10-10 21:00:00,0.5,0,1002.9,0.0,5.1,99,0.0,10
2017-10-10 22:00:00,0.5,0,1002.5,0.0,4.4,98,0.0,10
2017-10-10 23:00:00,0.8,0,1002.7,0.0,3.0,100,0.0,10
2017-10-11 00:00:00,2.2,0,1002.7,0.0,2.4,100,0.0,10
2017-10-11 01:00:00,1.3,0,1002.8,0.0,2.1,100,0.0,10
2017-10-11 02:00:00,1.4,0,1002.8,0.0,1.2,100,0.0,10
2017-10-11 03:00:00,2.0,0,1002.6,0.0,1.1,100,0.0,10
2017-10-11 04:00:00,2.5,0,1003.0,0.0,1.2,100,0.0,10
2017-10-11 05:00:00,1.7,0,1003.0,0.0,1.6,100,0.0,10
2017-10-11 06:00:00,0.8,0,1003.1,0.0,2.6,100,0.0,10
2017-10-11 07:00:00,1.8,0,1003.2,0.0,3.0,100,0.0,10
2017-10-11 08:00:00,1.5,0,1003.2,9.0,3.3,100,0.0,10
2017-10-11 09:00:00,1.5,0,1003.4,16.0,3.5,100,0.0,10
2017-10-11 10:00:00,1.2,0,1003.6,34.7,3.9,98,38.8333,10
2017-10-11 11:00:00,0.5,0,1003.5,94.0,4.7,93,191.5,10
2017-10-11 12:00:00,1.2,0,1003.1,92.7,5.1,94,373.3334,10
2017-10-11 13:00:00,1.3,0,1002.9,56.0,5.5,98,681.6667,10
2017-10-11 14:00:00,2.4,0,1001.8,52.2,5.7,99,467.5001,10
2017-10-11 15:00:00,2.7,0,1001.0,23.9,5.9,100,388.6667,10
2017-10-11 16:00:00,3.3,0,999.9,12.3,6.6,99,119.1666,10
2017-10-11 17:00:00,3.3,0,999.2,1.1,7.2,100,19.3334,10
2017-10-11 18:00:00,3.0,0,998.5,0.0,7.6,100,0.0,10
2017-10-11 19:00:00,3.1,0,997.8,0.0,8.1,100,0.0,10
2017-10-11 20:00:00,3.2,0,997.1,0.0,8.3,100,0.0,10
2017-10-11 21:00:00,2.5,0,996.6,0.0,8.8,100,0.0,10
2017-10-11 22:00:00,2.6,0,996.1,0.0,8.8,100,0.0,10
2017-10-11 23:00:00,1.3,0,995.6,0.0,8.7,100,0.0,10
2017-10-12 00:00:00,0.6,0,994.9,0.0,8.6,100,0.0,10
2017-10-12 01:00:00,0.7,0,994.2,0.0,8.4,100,0.0,10
2017-10-12 02:00:00,2.3,0,993.2,0.0,8.4,100,0.0,10
2017-10-12 03:00:00,2.5,0,992.2,0.0,8.4,100,0.0,10
2017-10-12 04:00:00,2.6,0,991.3,0.0,8.5,100,0.0,10
2017-10-12 05:00:00,4.1,0,990.8,0.0,8.3,98,0.0,10
2017-10-12 06:00:00,1.1,0,990.7,0.0,8.1,100,0.0,10
2017-10-12 07:00:00,1.5,0,990.4,0.0,7.6,98,0.0,10
2017-10-12 08:00:00,2.6,0,991.0,1.7,7.9,89,0.0,10
2017-10-12 09:00:00,1.7,0,991.9,47.5,8.5,88,0.0,10
2017-10-12 10:00:00,1.8,30,992.5,224.0,10.1,75,222.0834,10
2017-10-12 11:00:00,1.3,60,992.9,353.4,11.3,72,771.4999,10
2017-10-12 12:00:00,2.8,57,993.7,337.9,12.2,66,3743.8333,10
2017-10-12 13:00:00,4.1,12,994.4,166.2,11.5,68,3871.8333,10
2017-10-12 14:00:00,6.0,39,995.2,242.0,12.5,60,1384.3333,10
2017-10-12 15:00:00,4.8,48,996.8,230.8,12.5,61,1216.9999,10
2017-10-12 16:00:00,2.8,57,998.1,180.7,12.6,62,714.8333,10
2017-10-12 17:00:00,1.7,60,999.9,57.3,10.5,67,649.0,10
2017-10-12 18:00:00,2.0,5,1001.4,0.0,8.5,74,488.6667,10
2017-10-12 19:00:00,2.3,0,1002.9,0.0,9.3,59,0.0,10
2017-10-12 20:00:00,3.5,0,1004.6,0.0,9.0,55,0.0,10
2017-10-12 21:00:00,3.6,0,1006.0,0.0,8.7,56,0.0,10
2017-10-12 22:00:00,3.8,0,1007.3,0.0,8.6,57,0.0,10
2017-10-12 23:00:00,1.5,0,1008.7,0.0,5.8,74,0.0,10
2017-10-13 00:00:00,0.6,0,1010.1,0.0,4.3,84,0.0,10
2017-10-13 01:00:00,1.1,0,1011.1,0.0,3.5,87,0.0,10
2017-10-13 02:00:00,0.7,0,1012.4,0.0,2.8,93,0.0,10
2017-10-13 03:00:00,1.4,0,1012.9,0.0,3.0,92,0.0,10
2017-10-13 04:00:00,1.3,0,1013.7,0.0,2.7,94,0.0,10
2017-10-13 05:00:00,1.7,0,1014.4,0.0,2.2,95,0.0,10
2017-10-13 06:00:00,2.4,0,1014.9,0.0,2.6,94,0.0,10
2017-10-13 07:00:00,0.4,0,1015.0,0.0,3.0,92,0.0,10
2017-10-13 08:00:00,1.3,22,1015.6,23.3,3.2,93,0.0,10
2017-10-13 09:00:00,0.5,14,1016.0,90.1,5.5,82,0.0,10
2017-10-13 10:00:00,1.5,11,1015.6,130.4,6.7,78,462.5,10
2017-10-13 11:00:00,0.7,0,1015.5,139.9,8.4,71,924.5,10
2017-10-13 12:00:00,1.2,7,1015.3,135.4,8.2,71,897.8333,10
2017-10-13 13:00:00,2.3,0,1014.7,113.8,9.0,71,792.3333,10
2017-10-13 14:00:00,2.1,0,1014.2,101.1,9.3,76,760.3333,10
2017-10-13 15:00:00,2.6,0,1013.2,19.7,9.6,85,868.5,10
2017-10-13 16:00:00,2.5,0,1012.7,5.5,9.2,94,351.3333,10
2017-10-13 17:00:00,1.3,0,1012.0,0.0,9.0,100,78.6667,10
2017-10-13 18:00:00,2.2,0,1010.5,0.0,9.4,100,0.0,10
2017-10-13 19:00:00,1.7,0,1009.7,0.0,10.1,100,0.0,10
2017-10-13 20:00:00,3.8,0,1008.6,0.0,11.4,100,0.0,10
2017-10-13 21:00:00,3.1,0,1008.3,0.0,11.7,100,0.0,10
2017-10-13 22:00:00,2.3,0,1007.4,0.0,11.9,100,0.0,10
2017-10-13 23:00:00,1.9,0,1006.5,0.0,11.8,100,0.0,10
2017-10-14 00:00:00,2.0,0,1006.7,0.0,11.8,100,0.0,10
2017-10-14 01:00:00,2.2,0,1006.7,0.0,11.8,100,0.0,10
2017-10-14 02:00:00,1.5,0,1006.6,0.0,11.7,100,0.0,10
2017-10-14 03:00:00,1.1,0,1006.8,0.0,11.7,100,0.0,10
2017-10-14 04:00:00,1.6,0,1007.2,0.0,11.3,100,0.0,10
2017-10-14 05:00:00,0.5,0,1007.5,0.0,10.3,100,0.0,10
2017-10-14 06:00:00,0.4,0,1008.2,0.0,9.2,100,0.0,10
2017-10-14 07:00:00,0.3,0,1008.2,0.0,9.8,100,0.0,10
2017-10-14 08:00:00,0.6,24,1008.8,24.4,10.0,100,0.0,10
2017-10-14 09:00:00,0.5,54,1009.4,91.8,10.2,100,46.0,10
2017-10-14 10:00:00,0.4,43,1009.8,120.9,10.3,100,394.0,10
2017-10-14 11:00:00,1.0,40,1010.0,175.4,10.8,100,703.0,10
2017-10-14 12:00:00,0.5,34,1010.2,161.7,11.7,100,1829.3333,10
2017-10-14 13:00:00,1.8,60,1010.2,313.4,14.2,78,1303.5,10
2017-10-14 14:00:00,1.1,58,1010.4,265.6,13.3,79,1847.1667,10
2017-10-14 15:00:00,2.9,60,1010.0,230.7,14.1,70,697.8334,10
2017-10-14 16:00:00,3.4,60,1010.2,146.2,13.7,68,507.3334,10
2017-10-14 17:00:00,3.8,36,1010.6,39.1,12.2,61,431.6667,10
2017-10-14 18:00:00,4.0,0,1011.0,0.0,11.0,68,136.3333,10
2017-10-14 19:00:00,2.6,0,1011.9,0.0,10.6,67,0.0,10
2017-10-14 20:00:00,1.6,0,1011.8,0.0,9.3,79,0.0,10
2017-10-14 21:00:00,3.2,0,1012.3,0.0,8.5,80,0.0,10
2017-10-14 22:00:00,3.6,0,1012.2,0.0,9.3,70,0.0,10
2017-10-14 23:00:00,2.1,0,1012.9,0.0,8.0,75,0.0,10
2017-10-15 00:00:00,1.7,0,1013.9,0.0,8.4,72,0.0,10
2017-10-15 01:00:00,2.4,0,1014.5,0.0,7.3,79,0.0,10
2017-10-15 02:00:00,0.8,0,1015.0,0.0,6.2,86,0.0,10
2017-10-15 03:00:00,1.8,0,1015.6,0.0,5.7,91,0.0,10
2017-10-15 04:00:00,0.7,0,1016.2,0.0,5.7,91,0.0,10
2017-10-15 05:00:00,1.2,0,1016.4,0.0,5.5,90,0.0,10
2017-10-15 06:00:00,1.2,0,1016.3,0.0,5.7,90,0.0,10
2017-10-15 07:00:00,1.7,0,1016.4,0.0,6.6,83,0.0,10
2017-10-15 08:00:00,1.9,0,1016.6,4.2,7.2,83,0.0,10
2017-10-15 09:00:00,0.3,0,1016.8,28.9,8.2,81,0.0,10
2017-10-15 10:00:00,0.5,0,1016.5,45.2,9.2,83,137.0,10
2017-10-15 11:00:00,0.9,0,1015.8,53.4,9.7,81,216.3334,10
2017-10-15 12:00:00,3.1,0,1015.1,31.5,9.8,80,273.8333,10
2017-10-15 13:00:00,2.0,0,1014.3,15.9,9.9,84,181.6666,10
2017-10-15 14:00:00,1.8,0,1013.5,5.4,9.7,97,83.3333,10
2017-10-15 15:00:00,1.3,0,1012.1,4.0,9.8,100,0.0,10
2017-10-15 16:00:00,1.6,0,1011.2,4.8,10.6,100,0.0,10
2017-10-15 17:00:00,1.6,0,1010.0,5.6,11.4,100,0.0,10
2017-10-15 18:00:00,5.8,0,1009.2,0.0,13.0,100,0.0,10
2017-10-15 19:00:00,4.9,0,1008.6,0.0,13.0,99,0.0,10
2017-10-15 20:00:00,3.6,0,1008.3,0.0,13.0,98,0.0,10
2017-10-15 21:00:00,3.1,0,1007.9,0.0,12.7,100,0.0,10
2017-10-15 22:00:00,3.7,0,1007.2,0.0,13.6,97,0.0,10
2017-10-15 23:00:00,4.2,0,1006.2,0.0,13.2,100,0.0,10
2017-10-16 00:00:00,4.7,0,1006.3,0.0,13.1,100,0.0,10
2017-10-16 01:00:00,4.3,0,1006.0,0.0,13.0,98,0.0,10
2017-10-16 02:00:00,4.3,0,1006.3,0.0,12.9,98,0.0,10
2017-10-16 03:00:00,3.3,0,1006.5,0.0,12.5,97,0.0,10
2017-10-16 04:00:00,2.2,0,1006.8,0.0,11.6,98,0.0,10
2017-10-16 05:00:00,1.1,0,1007.8,0.0,10.8,100,0.0,10
2017-10-16 06:00:00,1.3,0,1008.6,0.0,9.9,100,0.0,10
2017-10-16 07:00:00,1.6,0,1009.6,0.0,9.5,100,0.0,10
2017-10-16 08:00:00,1.0,44,1010.2,30.7,9.6,100,0.0,10
2017-10-16 09:00:00,2.0,57,1010.7,124.4,11.7,81,113.8333,10
2017-10-16 10:00:00,1.5,60,1012.0,222.2,13.5,65,236.6667,10
2017-10-16 11:00:00,1.8,35,1012.4,191.7,13.3,61,218.3334,10
2017-10-16 12:00:00,1.8,30,1012.6,233.0,15.6,50,1225.4999,10
2017-10-16 13:00:00,2.1,60,1012.5,353.2,16.6,46,2801.3333,10
2017-10-16 14:00:00,2.1,60,1012.8,305.1,16.2,46,1408.5,10
2017-10-16 15:00:00,2.5,4,1013.5,94.6,15.0,48,940.1667,10
2017-10-16 16:00:00,3.3,0,1014.1,30.2,14.2,48,597.5416,10
2017-10-16 17:00:00,2.6,0,1014.1,4.9,13.8,50,172.0,10
2017-10-16 18:00:00,1.9,0,1014.9,0.0,12.8,53,0.0,10
2017-10-16 19:00:00,0.8,0,1014.7,0.0,11.8,59,0.0,10
2017-10-16 20:00:00,1.9,0,1014.5,0.0,10.8,68,0.0,10
2017-10-16 21:00:00,1.1,0,1014.6,0.0,9.8,85,0.0,10
2017-10-16 22:00:00,1.8,0,1015.4,0.0,9.0,97,0.0,10
2017-10-16 23:00:00,2.1,0,1015.5,0.0,9.1,93,0.0,10
2017-10-17 00:00:00,2.1,0,1015.4,0.0,8.7,92,0.0,10
2017-10-17 01:00:00,3.6,0,1014.6,0.0,8.0,98,0.0,10
2017-10-17 02:00:00,4.4,0,1013.2,0.0,7.6,93,0.0,10
2017-10-17 03:00:00,4.6,0,1011.1,0.0,7.5,90,0.0,10
2017-10-17 04:00:00,4.9,0,1009.7,0.0,7.2,97,0.0,10
2017-10-17 05:00:00,5.2,0,1008.0,0.0,7.5,97,0.0,10
2017-10-17 06:00:00,5.5,0,1006.7,0.0,7.2,98,0.0,10
2017-10-17 07:00:00,4.8,0,1005.5,0.0,7.4,97,0.0,10
2017-10-17 08:00:00,0.9,0,1005.5,1.8,7.8,96,0.0,10
2017-10-17 09:00:00,1.7,0,1005.4,12.3,8.0,99,0.0,10
2017-10-17 10:00:00,2.4,0,1005.4,18.7,8.1,100,124.3333,10
2017-10-17 11:00:00,2.0,0,1005.0,28.2,8.5,100,282.6667,10
2017-10-17 12:00:00,2.5,0,1004.7,67.9,9.4,100,420.6666,10
2017-10-17 13:00:00,2.9,0,1003.8,138.6,10.9,89,966.4999,10
2017-10-17 14:00:00,3.3,50,1002.9,226.5,13.5,79,1299.0,10
2017-10-17 15:00:00,3.8,43,1002.5,215.5,12.8,80,1228.5,10
2017-10-17 16:00:00,3.6,18,1001.6,71.5,12.2,81,646.4999,10
2017-10-17 17:00:00,3.4,14,1001.5,13.1,11.8,83,313.0,10
2017-10-17 18:00:00,3.3,0,1001.3,0.0,11.7,85,10.0,10
2017-10-17 19:00:00,3.1,0,1001.4,0.0,11.2,90,0.0,10
2017-10-17 20:00:00,2.1,0,1001.6,0.0,10.8,93,0.0,10
2017-10-17 21:00:00,1.9,0,1001.8,0.0,10.4,96,0.0,10
2017-10-17 22:00:00,1.2,0,1002.4,0.0,10.4,97,0.0,10
2017-10-17 23:00:00,5.7,0,1003.7,0.0,9.4,89,0.0,10
2017-10-18 00:00:00,6.6,0,1005.0,0.0,8.1,77,0.0,10
2017-10-18 01:00:00,2.9,0,1007.0,0.0,7.1,77,0.0,10
2017-10-18 02:00:00,3.5,0,1008.4,0.0,6.2,78,0.0,10
2017-10-18 03:00:00,3.3,0,1009.3,0.0,5.5,79,0.0,10
2017-10-18 04:00:00,3.1,0,1010.5,0.0,5.0,77,0.0,10
2017-10-18 05:00:00,3.2,0,1011.1,0.0,4.5,78,0.0,10
2017-10-18 06:00:00,2.3,0,1012.4,0.0,3.4,85,0.0,10
2017-10-18 07:00:00,0.7,0,1013.5,0.0,2.3,91,0.0,10
2017-10-18 08:00:00,0.5,40,1014.3,26.8,2.2,92,0.0,10
2017-10-18 09:00:00,0.2,60,1014.9,118.8,6.2,72,0.0,10
2017-10-18 10:00:00,0.9,60,1015.3,212.4,7.1,68,0.0,10
2017-10-18 11:00:00,1.3,60,1015.6,278.9,9.3,60,80.8333,10
2017-10-18 12:00:00,1.4,60,1015.8,325.3,10.3,58,2365.8333,10
2017-10-18 13:00:00,1.2,60,1016.0,329.7,11.5,58,4714.5,10
2017-10-18 14:00:00,2.0,60,1016.3,263.3,11.0,60,734.3334,10
2017-10-18 15:00:00,1.2,51,1016.8,108.2,9.1,66,339.8333,10
2017-10-18 16:00:00,0.3,60,1016.7,124.8,9.8,63,293.8333,10
2017-10-18 17:00:00,1.3,47,1017.3,26.2,7.1,79,187.1667,10
2017-10-18 18:00:00,2.1,0,1017.8,0.0,5.0,82,18.8333,10
2017-10-18 19:00:00,2.7,0,1018.3,0.0,4.6,83,0.0,10
2017-10-18 20:00:00,2.9,0,1018.6,0.0,3.9,83,0.0,10
2017-10-18 21:00:00,3.0,0,1018.9,0.0,3.3,82,0.0,10
2017-10-18 22:00:00,0.6,0,1019.5,0.0,2.2,87,0.0,10
2017-10-18 23:00:00,2.1,0,1019.9,0.0,2.1,88,0.0,10
2017-10-19 00:00:00,2.7,0,1020.1,0.0,2.1,89,0.0,10
2017-10-19 01:00:00,1.6,0,1020.3,0.0,1.5,90,0.0,10
2017-10-19 02:00:00,1.6,0,1020.0,0.0,2.3,85,0.0,10
2017-10-19 03:00:00,1.8,0,1020.0,0.0,2.0,87,0.0,10
2017-10-19 04:00:00,1.0,0,1020.1,0.0,1.4,90,0.0,10
2017-10-19 05:00:00,0.8,0,1020.4,0.0,0.2,93,0.0,10
2017-10-19 06:00:00,0.7,0,1020.4,0.0,0.1,95,0.0,10
2017-10-19 07:00:00,0.3,0,1020.9,0.0,-0.4,96,0.0,10
2017-10-19 08:00:00,0.5,38,1021.3,22.2,0.7,96,0.0,10
2017-10-19 09:00:00,1.1,60,1021.4,109.6,3.3,83,60.8333,10
2017-10-19 10:00:00,0.4,60,1021.4,202.8,5.3,80,483.6666,10
2017-10-19 11:00:00,0.5,60,1021.3,274.9,8.4,70,797.0,10
2017-10-19 12:00:00,1.5,60,1021.0,305.3,8.3,61,2259.5,10
2017-10-19 13:00:00,1.2,60,1020.7,269.4,8.6,60,4120.5001,10
2017-10-19 14:00:00,1.3,60,1020.5,238.8,8.7,59,858.1666,10
2017-10-19 15:00:00,1.5,30,1020.3,135.3,8.3,63,733.6666,10
2017-10-19 16:00:00,2.1,0,1020.1,57.0,7.5,69,599.3334,10
2017-10-19 17:00:00,2.7,0,1020.0,10.4,6.2,77,298.5,10
2017-10-19 18:00:00,4.4,0,1019.9,0.0,5.9,72,32.6666,10
2017-10-19 19:00:00,3.5,0,1019.9,0.0,6.2,73,0.0,10
2017-10-19 20:00:00,2.5,0,1019.9,0.0,6.6,72,0.0,10
2017-10-19 21:00:00,2.0,0,1020.0,0.0,6.6,72,0.0,10
2017-10-19 22:00:00,2.6,0,1019.9,0.0,6.4,75,0.0,10
2017-10-19 23:00:00,3.0,0,1019.6,0.0,6.2,77,0.0,10
2017-10-20 00:00:00,2.9,0,1019.3,0.0,6.0,79,0.0,10
2017-10-20 01:00:00,4.0,0,1019.4,0.0,5.6,83,0.0,10
2017-10-20 02:00:00,3.6,0,1019.3,0.0,5.6,82,0.0,10
2017-10-20 03:00:00,3.2,0,1019.0,0.0,5.5,83,0.0,10
2017-10-20 04:00:00,4.3,0,1018.5,0.0,5.3,87,0.0,10
2017-10-20 05:00:00,3.3,0,1018.3,0.0,5.3,88,0.0,10
2017-10-20 06:00:00,4.5,0,1018.1,0.0,5.3,87,0.0,10
2017-10-20 07:00:00,3.6,0,1018.2,0.0,5.5,86,0.0,10
2017-10-20 08:00:00,2.5,0,1018.4,0.0,5.7,85,0.0,10
2017-10-20 09:00:00,3.7,0,1018.4,21.8,5.9,84,0.0,10
2017-10-20 10:00:00,3.3,0,1018.7,48.1,6.4,83,171.8333,10
2017-10-20 11:00:00,3.4,0,1018.7,73.3,6.8,81,586.5,10
2017-10-20 12:00:00,4.2,0,1018.5,55.7,7.1,80,589.8333,10
2017-10-20 13:00:00,4.7,0,1018.6,50.7,7.1,80,420.6667,10
2017-10-20 14:00:00,4.4,0,1018.5,29.7,6.9,81,331.3334,10
2017-10-20 15:00:00,5.5,0,1018.4,16.4,6.8,82,271.3333,10
2017-10-20 16:00:00,6.4,0,1018.5,1.7,6.7,83,124.8334,10
2017-10-20 17:00:00,5.2,0,1018.6,0.0,6.9,81,6.0,10
2017-10-20 18:00:00,6.0,0,1018.8,0.0,7.0,80,0.0,10
2017-10-20 19:00:00,5.4,0,1019.0,0.0,7.2,80,0.0,10
2017-10-20 20:00:00,4.9,0,1019.3,0.0,7.4,79,0.0,10
2017-10-20 21:00:00,5.0,0,1019.5,0.0,7.3,82,0.0,10
2017-10-20 22:00:00,5.8,0,1019.5,0.0,6.9,87,0.0,10
2017-10-20 23:00:00,4.8,0,1019.7,0.0,6.9,88,0.0,10
2017-10-21 00:00:00,4.6,0,1019.6,0.0,6.8,88,0.0,10
2017-10-21 01:00:00,4.4,0,1019.6,0.0,6.6,89,0.0,10
2017-10-21 02:00:00,6.1,0,1019.7,0.0,6.7,86,0.0,10
2017-10-21 03:00:00,5.8,0,1019.4,0.0,6.6,86,0.0,10
2017-10-21 04:00:00,5.6,0,1019.4,0.0,6.6,85,0.0,10
2017-10-21 05:00:00,5.4,0,1019.4,0.0,6.6,83,0.0,10
2017-10-21 06:00:00,4.4,0,1019.8,0.0,6.5,82,0.0,10
2017-10-21 07:00:00,3.9,0,1020.3,0.0,6.3,83,0.0,10
2017-10-21 08:00:00,4.7,0,1020.5,0.0,6.2,82,0.0,10
2017-10-21 09:00:00,5.7,0,1020.6,9.9,6.3,79,0.0,10
2017-10-21 10:00:00,4.9,0,1020.7,29.6,6.4,76,186.8333,10
2017-10-21 11:00:00,5.4,0,1020.7,43.9,6.6,75,561.1666,10
2017-10-21 12:00:00,6.5,0,1019.9,66.8,6.9,74,447.9999,10
2017-10-21 13:00:00,5.0,0,1019.4,101.7,7.2,72,207.0,10
2017-10-21 14:00:00,6.1,0,1019.0,55.3,7.2,72,323.0,10
2017-10-21 15:00:00,5.2,0,1018.7,20.8,7.4,72,269.6666,10
2017-10-21 16:00:00,4.5,0,1018.3,13.9,7.4,73,115.3334,10
2017-10-21 17:00:00,4.5,0,1018.1,0.0,7.6,72,44.1667,10
2017-10-21 18:00:00,4.4,0,1018.1,0.0,7.6,72,0.0,10
2017-10-21 19:00:00,4.8,0,1017.9,0.0,7.6,72,0.0,10
2017-10-21 20:00:00,4.9,0,1017.4,0.0,7.6,71,0.0,10
2017-10-21 21:00:00,5.4,0,1017.5,0.0,7.5,71,0.0,10
2017-10-21 22:00:00,4.8,0,1017.2,0.0,7.2,72,0.0,10
2017-10-21 23:00:00,5.1,0,1017.0,0.0,6.8,75,0.0,10
2017-10-22 00:00:00,4.2,0,1016.7,0.0,6.7,74,0.0,10
2017-10-22 01:00:00,4.1,0,1016.4,0.0,5.8,82,0.0,10
2017-10-22 02:00:00,5.2,0,1016.0,0.0,5.3,87,0.0,10
2017-10-22 03:00:00,4.7,0,1015.4,0.0,5.0,88,0.0,10
2017-10-22 04:00:00,5.6,0,1015.1,0.0,4.7,90,0.0,10
2017-10-22 05:00:00,6.1,0,1014.6,0.0,4.6,90,0.0,10
2017-10-22 06:00:00,6.4,0,1014.4,0.0,4.6,89,0.0,10
2017-10-22 07:00:00,6.0,0,1014.6,0.0,4.6,90,0.0,10
2017-10-22 08:00:00,6.8,0,1014.4,0.0,4.6,90,0.0,10
2017-10-22 09:00:00,6.3,0,1014.5,9.2,4.9,90,0.0,10
2017-10-22 10:00:00,6.2,0,1014.5,12.2,5.0,90,0.0,10
2017-10-22 11:00:00,5.9,0,1014.4,15.8,5.1,91,0.0,10
2017-10-22 12:00:00,5.9,0,1014.6,16.4,5.2,91,0.0,10
2017-10-22 13:00:00,5.3,0,1014.7,8.6,5.2,90,0.0,10
2017-10-22 14:00:00,5.6,0,1014.8,11.8,5.2,91,0.0,10
2017-10-22 15:00:00,5.7,0,1014.7,7.5,5.2,91,0.0,10
2017-10-22 16:00:00,4.8,0,1015.1,0.4,5.2,91,0.0,10
2017-10-22 17:00:00,5.2,0,1015.5,0.0,5.1,91,0.0,10
2017-10-22 18:00:00,5.1,0,1015.9,0.0,5.4,88,0.0,10
2017-10-22 19:00:00,4.5,0,1016.5,0.0,5.3,88,0.0,10
2017-10-22 20:00:00,5.1,0,1016.6,0.0,5.6,83,0.0,10
2017-10-22 21:00:00,4.8,0,1017.1,0.0,5.5,82,0.0,10
2017-10-22 22:00:00,5.4,0,1017.5,0.0,5.3,80,0.0,10
2017-10-22 23:00:00,5.6,0,1018.0,0.0,5.1,78,0.0,10
2017-10-23 00:00:00,5.1,0,1018.4,0.0,4.7,80,0.0,10
2017-10-23 01:00:00,5.7,0,1018.8,0.0,4.7,77,0.0,10
2017-10-23 02:00:00,6.1,0,1019.2,0.0,4.3,78,0.0,10
2017-10-23 03:00:00,5.1,0,1019.8,0.0,4.2,78,0.0,10
2017-10-23 04:00:00,4.2,0,1020.5,0.0,3.9,77,0.0,10
2017-10-23 05:00:00,4.2,0,1021.0,0.0,3.6,77,0.0,10
2017-10-23 06:00:00,4.1,0,1021.6,0.0,3.2,76,0.0,10
2017-10-23 07:00:00,4.4,0,1022.2,0.0,2.8,75,0.0,10
2017-10-23 08:00:00,4.1,0,1022.7,4.0,2.6,74,0.0,10
2017-10-23 09:00:00,4.9,41,1023.3,107.4,3.4,69,0.0,10
2017-10-23 10:00:00,5.1,60,1023.7,208.8,4.1,66,244.1667,10
2017-10-23 11:00:00,4.6,25,1023.8,172.4,4.1,67,567.6666,10
2017-10-23 12:00:00,5.7,0,1024.0,104.7,4.3,67,724.0,10
2017-10-23 13:00:00,5.1,0,1024.2,113.5,4.5,67,857.5,10
2017-10-23 14:00:00,3.9,0,1024.4,91.0,4.5,67,669.3333,10
2017-10-23 15:00:00,2.4,0,1025.0,63.1,4.6,66,756.8333,10
2017-10-23 16:00:00,4.0,0,1025.1,32.6,4.6,66,447.1666,10
2017-10-23 17:00:00,3.8,0,1025.2,2.4,4.4,68,187.0,10
2017-10-23 18:00:00,2.9,0,1025.5,0.0,4.6,64,0.0,10
2017-10-23 19:00:00,2.4,0,1026.1,0.0,4.4,62,0.0,10
2017-10-23 20:00:00,2.3,0,1026.0,0.0,4.4,64,0.0,10
2017-10-23 21:00:00,3.0,0,1026.1,0.0,4.4,65,0.0,10
2017-10-23 22:00:00,3.4,0,1026.1,0.0,4.2,68,0.0,10
2017-10-23 23:00:00,3.4,0,1025.9,0.0,4.0,72,0.0,10
2017-10-24 00:00:00,3.1,0,1025.8,0.0,4.0,75,0.0,10
2017-10-24 01:00:00,3.7,0,1025.5,0.0,3.9,77,0.0,10
2017-10-24 02:00:00,3.0,0,1024.8,0.0,4.3,76,0.0,10
2017-10-24 03:00:00,2.5,0,1023.9,0.0,4.4,77,0.0,10
2017-10-24 04:00:00,2.9,0,1023.4,0.0,4.6,80,0.0,10
2017-10-24 05:00:00,2.3,0,1023.7,0.0,4.2,86,0.0,10
2017-10-24 06:00:00,2.2,0,1023.4,0.0,4.0,89,0.0,10
2017-10-24 07:00:00,2.5,0,1022.5,0.0,4.2,86,0.0,10
2017-10-24 08:00:00,2.9,0,1022.3,0.0,4.7,81,0.0,10
2017-10-24 09:00:00,3.1,0,1021.9,3.9,4.2,86,0.0,10
2017-10-24 10:00:00,3.0,0,1021.6,7.0,4.3,86,93.5833,10
2017-10-24 11:00:00,2.9,0,1021.1,9.9,4.1,88,197.1668,10
2017-10-24 12:00:00,2.6,0,1020.3,12.0,4.1,87,213.0,10
2017-10-24 13:00:00,0.6,0,1019.4,10.4,3.8,93,245.0001,10
2017-10-24 14:00:00,1.9,0,1018.2,7.4,3.8,92,129.8334,10
2017-10-24 15:00:00,1.5,0,1018.0,3.2,4.2,93,73.0,10
2017-10-24 16:00:00,1.8,0,1017.3,0.0,4.1,94,26.3333,10
2017-10-24 17:00:00,3.0,0,1016.3,0.0,4.2,92,0.0,10
2017-10-24 18:00:00,2.7,0,1015.7,0.0,3.9,95,0.0,10
2017-10-24 19:00:00,2.7,0,1014.9,0.0,3.9,92,0.0,10
2017-10-24 20:00:00,2.5,0,1013.2,0.0,4.2,91,0.0,10
2017-10-24 21:00:00,2.2,0,1012.0,0.0,4.4,91,0.0,10
2017-10-24 22:00:00,3.1,0,1011.0,0.0,4.6,92,0.0,10
2017-10-24 23:00:00,2.9,0,1010.1,0.0,4.8,94,0.0,10
2017-10-25 00:00:00,3.6,0,1009.0,0.0,5.2,93,0.0,10
2017-10-25 01:00:00,3.7,0,1008.5,0.0,5.3,94,0.0,10
2017-10-25 02:00:00,3.3,0,1007.8,0.0,5.0,95,0.0,10
2017-10-25 03:00:00,3.8,0,1007.3,0.0,5.2,93,0.0,10
2017-10-25 04:00:00,3.1,0,1006.7,0.0,5.1,93,0.0,10
2017-10-25 05:00:00,3.2,0,1005.8,0.0,4.8,93,0.0,10
2017-10-25 06:00:00,4.7,0,1005.4,0.0,4.8,91,0.0,10
2017-10-25 07:00:00,3.7,0,1005.4,0.0,4.8,90,0.0,10
2017-10-25 08:00:00,4.0,0,1005.1,0.0,4.6,89,0.0,10
2017-10-25 09:00:00,2.6,0,1004.9,6.9,4.6,88,0.0,10
2017-10-25 10:00:00,1.1,0,1005.3,40.9,4.8,90,0.0,10
2017-10-25 11:00:00,1.1,0,1004.9,54.6,5.4,86,24.3333,10
2017-10-25 12:00:00,1.4,0,1004.6,117.4,5.5,82,333.0,10
2017-10-25 13:00:00,0.6,15,1004.9,146.3,6.1,81,723.5,10
2017-10-25 14:00:00,0.7,60,1004.8,263.7,6.7,78,738.6666,10
2017-10-25 15:00:00,1.7,55,1004.9,162.1,6.2,81,722.6666,10
2017-10-25 16:00:00,1.4,60,1005.3,91.1,6.2,79,576.3334,10
2017-10-25 17:00:00,2.1,25,1005.8,6.9,4.0,88,117.0,10
2017-10-25 18:00:00,1.4,0,1006.3,0.0,2.7,94,0.0,10
2017-10-25 19:00:00,1.6,0,1006.5,0.0,1.7,95,0.0,10
2017-10-25 20:00:00,1.3,0,1006.7,0.0,1.6,95,0.0,10
2017-10-25 21:00:00,0.9,0,1007.0,0.0,0.9,95,0.0,10
2017-10-25 22:00:00,1.8,0,1007.4,0.0,0.7,95,0.0,10
2017-10-25 23:00:00,1.2,0,1007.6,0.0,1.3,96,0.0,10
2017-10-26 00:00:00,0.7,0,1007.6,0.0,2.1,97,0.0,10
2017-10-26 01:00:00,0.8,0,1007.9,0.0,2.8,98,0.0,10
2017-10-26 02:00:00,1.2,0,1008.2,0.0,2.9,98,0.0,10
2017-10-26 03:00:00,0.6,0,1008.1,0.0,2.8,98,0.0,10
2017-10-26 04:00:00,1.1,0,1008.0,0.0,2.8,99,0.0,10
2017-10-26 05:00:00,0.7,0,1008.3,0.0,3.2,99,0.0,10
2017-10-26 06:00:00,0.4,0,1008.1,0.0,3.2,99,0.0,10
2017-10-26 07:00:00,0.6,0,1008.1,0.0,2.9,98,0.0,10
2017-10-26 08:00:00,0.7,0,1008.2,3.0,3.2,99,0.0,10
2017-10-26 09:00:00,1.2,0,1008.3,38.2,3.8,99,20.25,10
2017-10-26 10:00:00,0.5,16,1008.0,113.7,4.4,99,376.5,10
2017-10-26 11:00:00,0.7,42,1008.0,156.4,6.7,98,984.3333,10
2017-10-26 12:00:00,1.8,43,1007.9,253.2,8.3,79,1426.8334,10
2017-10-26 13:00:00,0.8,0,1007.7,111.0,8.2,80,1861.6667,10
2017-10-26 14:00:00,0.9,12,1007.4,141.8,9.1,76,1126.5,10
2017-10-26 15:00:00,2.1,44,1007.2,114.3,9.0,80,618.8334,10
2017-10-26 16:00:00,2.5,25,1007.3,69.1,8.6,83,219.3333,10
2017-10-26 17:00:00,3.4,0,1007.3,6.1,7.7,85,54.6667,10
2017-10-26 18:00:00,2.7,0,1007.9,0.0,7.0,85,0.0,10
2017-10-26 19:00:00,3.9,0,1008.5,0.0,6.6,87,0.0,10
2017-10-26 20:00:00,3.4,0,1009.1,0.0,6.6,88,0.0,10
2017-10-26 21:00:00,2.2,0,1009.7,0.0,6.3,87,0.0,10
2017-10-26 22:00:00,3.5,0,1010.5,0.0,6.0,85,0.0,10
2017-10-26 23:00:00,2.2,0,1011.3,0.0,5.2,87,0.0,10
2017-10-27 00:00:00,4.6,0,1011.7,0.0,6.2,78,0.0,10
2017-10-27 01:00:00,5.6,0,1012.4,0.0,5.6,80,0.0,10
2017-10-27 02:00:00,5.4,0,1012.9,0.0,5.7,77,0.0,10
2017-10-27 03:00:00,3.8,0,1013.3,0.0,5.5,76,0.0,10
2017-10-27 04:00:00,3.2,0,1013.8,0.0,4.7,80,0.0,10
2017-10-27 05:00:00,3.1,0,1014.4,0.0,4.8,77,0.0,10
2017-10-27 06:00:00,2.2,0,1014.8,0.0,4.1,80,0.0,10
2017-10-27 07:00:00,0.7,0,1015.2,0.0,2.2,90,0.0,10
2017-10-27 08:00:00,1.5,20,1015.8,8.6,2.0,91,0.0,10
2017-10-27 09:00:00,0.5,49,1016.1,85.8,4.0,88,0.0,10
2017-10-27 10:00:00,1.2,0,1016.1,51.7,4.4,87,449.5,10
2017-10-27 11:00:00,0.4,17,1015.3,125.2,5.7,83,404.1666,10
2017-10-27 12:00:00,0.9,22,1014.8,171.0,6.4,79,1162.1667,10
2017-10-27 13:00:00,1.1,27,1014.4,182.8,6.8,76,2030.8334,10
2017-10-27 14:00:00,0.3,35,1013.6,146.0,7.7,71,906.5001,10
2017-10-27 15:00:00,0.9,0,1012.6,72.0,7.3,73,920.8333,10
2017-10-27 16:00:00,0.7,0,1011.6,15.3,7.1,76,452.6666,10
2017-10-27 17:00:00,0.3,0,1010.8,0.0,6.6,82,43.1667,10
2017-10-27 18:00:00,1.4,0,1009.8,0.0,6.5,79,0.0,10
2017-10-27 19:00:00,1.4,0,1009.1,0.0,6.8,77,0.0,10
2017-10-27 20:00:00,1.6,0,1008.0,0.0,6.7,79,0.0,10
2017-10-27 21:00:00,2.3,0,1006.4,0.0,7.1,79,0.0,10
2017-10-27 22:00:00,1.1,0,1004.9,0.0,6.5,82,0.0,10
2017-10-27 23:00:00,2.9,0,1002.3,0.0,6.8,82,0.0,10
2017-10-28 00:00:00,3.4,0,1000.2,0.0,7.4,78,0.0,10
2017-10-28 01:00:00,4.0,0,998.6,0.0,7.5,80,0.0,10
2017-10-28 02:00:00,3.4,0,997.3,0.0,7.6,77,0.0,10
2017-10-28 03:00:00,2.8,0,995.1,0.0,7.6,76,0.0,10
2017-10-28 04:00:00,3.9,0,993.5,0.0,7.3,77,0.0,10
2017-10-28 05:00:00,3.4,0,992.5,0.0,7.1,78,0.0,10
2017-10-28 06:00:00,1.3,0,992.4,0.0,5.5,84,0.0,10
2017-10-28 07:00:00,3.9,0,992.5,0.0,6.3,76,0.0,10
2017-10-28 08:00:00,3.0,15,992.7,2.9,8.5,61,0.0,10
2017-10-28 09:00:00,3.8,60,993.0,68.5,9.4,55,0.0,10
2017-10-28 10:00:00,2.6,60,993.3,156.5,10.2,52,0.0,10
2017-10-28 11:00:00,2.8,60,993.2,228.8,11.7,46,0.0,10
2017-10-28 12:00:00,4.5,60,993.0,269.1,12.2,42,693.5,10
2017-10-28 13:00:00,4.3,60,992.4,247.0,12.4,40,4304.4999,10
2017-10-28 14:00:00,4.0,53,991.6,248.5,12.4,38,559.6667,10
2017-10-28 15:00:00,3.7,28,991.0,131.9,12.0,38,596.0,10
2017-10-28 16:00:00,2.3,60,989.8,69.7,10.6,40,393.4999,10
2017-10-28 17:00:00,2.0,3,988.9,0.0,7.7,52,88.1666,10
2017-10-28 18:00:00,1.4,0,987.9,0.0,5.7,65,0.0,10
2017-10-28 19:00:00,1.9,0,986.4,0.0,5.2,71,0.0,10
2017-10-28 20:00:00,2.5,0,985.3,0.0,5.5,71,0.0,10
2017-10-28 21:00:00,2.1,0,983.5,0.0,5.5,70,0.0,10
2017-10-28 22:00:00,3.0,0,982.4,0.0,5.7,69,0.0,10
2017-10-28 23:00:00,4.0,0,982.1,0.0,6.1,65,0.0,10
2017-10-29 00:00:00,4.0,0,982.8,0.0,5.7,73,0.0,10
2017-10-29 01:00:00,6.2,0,984.0,0.0,6.0,66,0.0,10
2017-10-29 02:00:00,5.7,0,985.9,0.0,5.8,65,0.0,10
2017-10-29 03:00:00,8.0,0,988.0,0.0,5.7,63,0.0,10
2017-10-29 04:00:00,5.8,0,989.9,0.0,4.9,68,0.0,10
2017-10-29 05:00:00,6.3,0,991.7,0.0,5.5,55,0.0,10
2017-10-29 06:00:00,6.2,0,993.2,0.0,5.2,55,0.0,10
2017-10-29 07:00:00,4.3,0,994.8,0.0,5.1,51,0.0,10
2017-10-29 08:00:00,7.6,14,995.7,1.5,5.3,48,0.0,10
2017-10-29 09:00:00,7.9,60,997.3,67.1,5.7,45,0.0,10
2017-10-29 10:00:00,5.8,60,998.9,156.4,6.5,43,22.25,10
2017-10-29 11:00:00,6.7,60,1000.0,227.0,7.8,40,596.3333,10
2017-10-29 12:00:00,6.3,60,1000.7,264.8,8.8,37,4348.6667,10
2017-10-29 13:00:00,8.5,58,1001.4,258.9,8.8,38,394.9999,10
2017-10-29 14:00:00,7.4,59,1002.5,223.0,8.5,39,533.9999,10
2017-10-29 15:00:00,6.3,60,1004.1,160.2,8.3,39,344.1667,10
2017-10-29 16:00:00,6.4,59,1005.1,69.7,6.9,37,65.5,10
2017-10-29 17:00:00,7.7,8,1006.2,0.4,5.9,38,0.0,10
2017-10-29 18:00:00,5.9,0,1007.4,0.0,5.1,41,0.0,10
2017-10-29 19:00:00,7.8,0,1008.2,0.0,5.0,41,0.0,10
2017-10-29 20:00:00,6.4,0,1009.3,0.0,4.5,43,0.0,10
2017-10-29 21:00:00,5.6,0,1010.0,0.0,4.1,45,0.0,10
2017-10-29 22:00:00,5.0,0,1011.2,0.0,4.0,49,0.0,10
2017-10-29 23:00:00,3.8,0,1012.2,0.0,3.4,50,0.0,10
2017-10-30 00:00:00,4.5,0,1012.3,0.0,3.1,51,0.0,10
2017-10-30 01:00:00,3.9,0,1013.3,0.0,3.1,49,0.0,10
2017-10-30 02:00:00,2.2,0,1014.1,0.0,2.6,51,0.0,10
2017-10-30 03:00:00,3.2,0,1014.5,0.0,2.5,51,0.0,10
2017-10-30 04:00:00,4.2,0,1014.9,0.0,2.4,50,0.0,10
2017-10-30 05:00:00,4.3,0,1015.5,0.0,2.3,51,0.0,10
2017-10-30 06:00:00,1.5,0,1016.2,0.0,0.5,61,0.0,10
2017-10-30 07:00:00,0.4,0,1017.2,0.0,-0.7,67,0.0,10
2017-10-30 08:00:00,3.6,12,1017.5,2.3,1.5,55,0.0,10
2017-10-30 09:00:00,3.6,60,1017.7,69.1,3.1,48,127.25,10
2017-10-30 10:00:00,3.0,31,1018.2,101.1,3.6,46,494.1666,10
2017-10-30 11:00:00,1.9,0,1018.4,84.6,4.2,43,1217.6667,10
2017-10-30 12:00:00,1.8,0,1018.4,83.0,4.0,48,1078.6667,10
2017-10-30 13:00:00,2.1,0,1018.2,93.5,4.5,47,671.6666,10
2017-10-30 14:00:00,1.4,0,1018.3,80.7,4.7,46,515.3333,10
2017-10-30 15:00:00,1.4,0,1018.3,40.8,4.5,49,203.5,10
2017-10-30 16:00:00,1.1,0,1018.0,13.4,3.9,50,43.0,10
2017-10-30 17:00:00,0.8,0,1017.7,0.0,2.7,58,0.0,10
2017-10-30 18:00:00,0.6,0,1017.6,0.0,2.3,62,0.0,10
2017-10-30 19:00:00,0.8,0,1017.8,0.0,1.4,67,0.0,10
2017-10-30 20:00:00,0.9,0,1017.8,0.0,1.8,66,0.0,10
2017-10-30 21:00:00,1.6,0,1018.1,0.0,0.6,72,0.0,10
2017-10-30 22:00:00,1.1,0,1017.9,0.0,0.7,75,0.0,10
2017-10-30 23:00:00,0.7,0,1018.0,0.0,0.9,76,0.0,10
2017-10-31 00:00:00,0.6,0,1017.2,0.0,0.9,78,0.0,10
2017-10-31 01:00:00,0.6,0,1017.0,0.0,0.5,83,0.0,10
2017-10-31 02:00:00,1.0,0,1016.3,0.0,0.4,85,0.0,10
2017-10-31 03:00:00,0.1,0,1015.6,0.0,0.7,84,0.0,10
2017-10-31 04:00:00,0.7,0,1015.3,0.0,1.1,82,0.0,10
2017-10-31 05:00:00,0.6,0,1014.6,0.0,1.1,84,0.0,10
2017-10-31 06:00:00,0.6,0,1014.2,0.0,1.3,85,0.0,10
2017-10-31 07:00:00,0.8,0,1014.0,0.0,1.6,84,0.0,10
2017-10-31 08:00:00,1.0,0,1013.5,0.0,1.8,82,0.0,10
2017-10-31 09:00:00,0.5,0,1013.4,7.5,2.2,81,0.0,10
2017-10-31 10:00:00,0.5,0,1013.4,31.0,3.1,77,222.1667,10
2017-10-31 11:00:00,0.6,11,1013.2,99.4,5.0,69,642.3333,10
2017-10-31 12:00:00,1.4,21,1012.9,193.8,5.2,69,1156.1667,10
2017-10-31 13:00:00,0.8,3,1012.4,142.4,6.0,67,632.3333,10
2017-10-31 14:00:00,0.9,30,1011.8,163.3,6.8,62,568.6666,10
2017-10-31 15:00:00,0.4,12,1011.4,96.9,7.2,62,406.8333,10
2017-10-31 16:00:00,2.0,0,1010.5,23.1,6.6,68,96.6667,10
2017-10-31 17:00:00,0.4,0,1010.5,0.0,5.8,71,0.0,10
2017-10-31 18:00:00,0.3,0,1010.3,0.0,5.3,75,0.0,10
2017-10-31 19:00:00,0.9,0,1010.0,0.0,4.6,79,0.0,10
2017-10-31 20:00:00,1.0,0,1009.6,0.0,3.9,83,0.0,10
2017-10-31 21:00:00,0.8,0,1009.0,0.0,2.6,88,0.0,10
2017-10-31 22:00:00,0.9,0,1008.7,0.0,2.6,89,0.0,10
2017-10-31 23:00:00,1.9,0,1008.6,0.0,2.6,90,0.0,10
2017-11-01 00:00:00,0.6,0,1008.2,0.0,2.9,90,0.0,11
2017-11-01 01:00:00,1.2,0,1007.7,0.0,3.4,89,0.0,11
2017-11-01 02:00:00,0.7,0,1007.4,0.0,3.2,91,0.0,11
2017-11-01 03:00:00,1.5,0,1007.0,0.0,2.6,92,0.0,11
2017-11-01 04:00:00,2.0,0,1006.4,0.0,2.3,93,0.0,11
2017-11-01 05:00:00,1.4,0,1006.0,0.0,1.7,94,0.0,11
2017-11-01 06:00:00,1.2,0,1005.2,0.0,2.5,93,0.0,11
2017-11-01 07:00:00,1.1,0,1005.0,0.0,3.1,92,0.0,11
2017-11-01 08:00:00,1.9,0,1004.1,0.0,3.7,91,0.0,11
2017-11-01 09:00:00,1.1,0,1003.8,12.6,4.4,91,40.75,11
2017-11-01 10:00:00,0.1,1,1003.1,44.0,4.9,88,345.6666,11
2017-11-01 11:00:00,0.8,0,1002.9,27.6,5.1,90,225.6666,11
2017-11-01 12:00:00,0.8,0,1001.7,45.1,5.3,91,375.1667,11
2017-11-01 13:00:00,0.6,0,1000.6,36.5,5.5,91,365.3333,11
2017-11-01 14:00:00,0.9,0,999.7,62.0,5.9,92,488.6666,11
2017-11-01 15:00:00,0.7,0,998.9,65.9,6.1,92,324.5,11
2017-11-01 16:00:00,0.9,7,998.5,26.2,5.8,93,65.6666,11
2017-11-01 17:00:00,0.7,0,998.0,0.0,5.0,96,0.0,11
2017-11-01 18:00:00,1.1,0,997.3,0.0,5.1,97,0.0,11
2017-11-01 19:00:00,1.9,0,996.8,0.0,5.1,97,0.0,11
2017-11-01 20:00:00,0.4,0,996.4,0.0,4.7,97,0.0,11
2017-11-01 21:00:00,1.2,0,996.3,0.0,4.9,98,0.0,11
2017-11-01 22:00:00,1.2,0,996.1,0.0,4.9,98,0.0,11
2017-11-01 23:00:00,1.3,0,996.0,0.0,5.0,97,0.0,11
2017-11-02 00:00:00,1.5,0,995.9,0.0,4.7,96,0.0,11
2017-11-02 01:00:00,0.4,0,995.9,0.0,3.5,96,0.0,11
2017-11-02 02:00:00,1.5,0,995.8,0.0,2.7,97,0.0,11
2017-11-02 03:00:00,2.5,0,996.0,0.0,2.7,97,0.0,11
2017-11-02 04:00:00,1.3,0,996.4,0.0,2.7,97,0.0,11
2017-11-02 05:00:00,0.6,0,996.8,0.0,3.3,97,0.0,11
2017-11-02 06:00:00,1.0,0,997.3,0.0,3.6,97,0.0,11
2017-11-02 07:00:00,1.3,0,998.3,0.0,4.2,95,0.0,11
2017-11-02 08:00:00,0.9,0,999.5,0.0,4.5,96,0.0,11
2017-11-02 09:00:00,2.2,43,1000.7,48.7,5.5,93,201.3333,11
2017-11-02 10:00:00,4.1,29,1001.8,88.2,9.6,67,427.0,11
2017-11-02 11:00:00,4.1,60,1003.0,196.8,10.4,59,390.8333,11
2017-11-02 12:00:00,5.4,60,1004.1,240.6,10.7,49,4068.8334,11
2017-11-02 13:00:00,5.4,54,1005.1,220.6,9.7,51,287.1667,11
2017-11-02 14:00:00,3.3,37,1005.8,132.3,9.2,53,327.6666,11
2017-11-02 15:00:00,4.4,60,1006.6,132.2,8.5,55,279.6667,11
2017-11-02 16:00:00,2.2,60,1007.5,53.6,7.1,54,123.6667,11
2017-11-02 17:00:00,0.9,4,1008.6,0.0,5.1,63,0.0,11
2017-11-02 18:00:00,2.0,0,1009.4,0.0,3.5,67,0.0,11
2017-11-02 19:00:00,3.0,0,1010.0,0.0,3.0,69,0.0,11
2017-11-02 20:00:00,1.0,0,1010.1,0.0,2.1,71,0.0,11
2017-11-02 21:00:00,1.4,0,1010.4,0.0,0.8,79,0.0,11
2017-11-02 22:00:00,1.6,0,1011.1,0.0,0.7,79,0.0,11
2017-11-02 23:00:00,2.5,0,1011.3,0.0,0.2,82,0.0,11
2017-11-03 00:00:00,2.2,0,1010.9,0.0,0.9,79,0.0,11
2017-11-03 01:00:00,1.0,0,1010.3,0.0,0.2,81,0.0,11
2017-11-03 02:00:00,0.1,0,1009.5,0.0,0.9,83,0.0,11
2017-11-03 03:00:00,0.9,0,1008.9,0.0,0.3,86,0.0,11
2017-11-03 04:00:00,0.6,0,1008.4,0.0,-0.1,90,0.0,11
2017-11-03 05:00:00,0.5,0,1007.8,0.0,-0.5,90,0.0,11
2017-11-03 06:00:00,0.9,0,1007.5,0.0,-0.8,91,0.0,11
2017-11-03 07:00:00,0.8,0,1007.1,0.0,-0.9,92,0.0,11
2017-11-03 08:00:00,1.8,0,1006.8,0.0,-0.3,90,0.0,11
2017-11-03 09:00:00,1.3,59,1006.5,43.0,1.0,87,0.0,11
2017-11-03 10:00:00,0.3,60,1005.9,122.5,2.6,83,0.0,11
2017-11-03 11:00:00,0.8,60,1005.4,189.0,6.5,70,156.6667,11
2017-11-03 12:00:00,1.7,60,1005.1,227.2,6.9,71,2437.8333,11
2017-11-03 13:00:00,2.4,60,1004.7,228.0,7.6,69,585.5,11
2017-11-03 14:00:00,1.5,60,1004.4,191.6,7.1,71,577.8333,11
2017-11-03 15:00:00,1.7,60,1003.8,122.6,7.7,72,276.8333,11
2017-11-03 16:00:00,1.3,60,1003.6,41.5,6.8,75,97.3333,11
2017-11-03 17:00:00,0.1,7,1003.3,0.0,5.1,84,0.0,11
2017-11-03 18:00:00,0.8,0,1003.2,0.0,4.7,89,0.0,11
2017-11-03 19:00:00,0.8,0,1003.1,0.0,3.2,92,0.0,11
2017-11-03 20:00:00,0.7,0,1002.8,0.0,2.0,96,0.0,11
2017-11-03 21:00:00,1.3,0,1002.8,0.0,2.3,96,0.0,11
2017-11-03 22:00:00,0.9,0,1002.7,0.0,2.1,96,0.0,11
2017-11-03 23:00:00,0.8,0,1002.8,0.0,2.8,97,0.0,11
2017-11-04 00:00:00,1.2,0,1002.5,0.0,2.6,98,0.0,11
2017-11-04 01:00:00,1.0,0,1002.3,0.0,2.2,98,0.0,11
2017-11-04 02:00:00,1.2,0,1002.2,0.0,2.2,98,0.0,11
2017-11-04 03:00:00,0.7,0,1002.1,0.0,2.0,97,0.0,11
2017-11-04 04:00:00,0.6,0,1001.8,0.0,2.0,97,0.0,11
2017-11-04 05:00:00,1.1,0,1001.7,0.0,1.9,97,0.0,11
2017-11-04 06:00:00,0.8,0,1001.6,0.0,1.5,97,0.0,11
2017-11-04 07:00:00,1.0,0,1001.5,0.0,1.2,98,0.0,11
2017-11-04 08:00:00,1.0,0,1001.8,0.0,0.5,98,0.0,11
2017-11-04 09:00:00,0.7,3,1001.8,27.7,1.2,98,0.0,11
2017-11-04 10:00:00,0.9,0,1001.8,52.1,2.0,97,305.6666,11
2017-11-04 11:00:00,0.8,22,1001.9,138.3,3.7,94,682.5,11
2017-11-04 12:00:00,0.6,56,1001.7,198.0,5.1,85,3441.5,11
2017-11-04 13:00:00,0.7,47,1001.5,171.3,6.6,78,490.6667,11
2017-11-04 14:00:00,1.0,45,1001.1,156.4,5.5,82,542.6667,11
2017-11-04 15:00:00,0.4,48,1000.7,87.4,5.4,83,303.1667,11
2017-11-04 16:00:00,0.9,7,1000.8,14.8,4.0,90,27.6667,11
2017-11-04 17:00:00,2.5,0,1000.7,0.0,3.6,91,0.0,11
2017-11-04 18:00:00,1.9,0,1000.4,0.0,3.7,92,0.0,11
2017-11-04 19:00:00,1.7,0,1000.4,0.0,4.2,92,0.0,11
2017-11-04 20:00:00,1.4,0,1000.4,0.0,4.8,94,0.0,11
2017-11-04 21:00:00,1.4,0,1000.0,0.0,5.2,96,0.0,11
2017-11-04 22:00:00,2.2,0,999.6,0.0,5.6,97,0.0,11
2017-11-04 23:00:00,2.6,0,998.8,0.0,5.8,96,0.0,11
2017-11-05 00:00:00,1.9,0,998.1,0.0,6.5,97,0.0,11
2017-11-05 01:00:00,1.6,0,997.2,0.0,7.3,98,0.0,11
2017-11-05 02:00:00,2.2,0,996.6,0.0,7.7,96,0.0,11
2017-11-05 03:00:00,2.2,0,996.0,0.0,7.9,97,0.0,11
2017-11-05 04:00:00,1.9,0,995.7,0.0,7.8,98,0.0,11
2017-11-05 05:00:00,1.7,0,995.4,0.0,7.9,98,0.0,11
2017-11-05 06:00:00,0.5,0,994.9,0.0,7.9,98,0.0,11
2017-11-05 07:00:00,1.1,0,994.7,0.0,7.9,98,0.0,11
2017-11-05 08:00:00,1.5,0,994.7,0.0,8.0,96,0.0,11
2017-11-05 09:00:00,0.6,0,994.7,0.0,8.0,97,0.0,11
2017-11-05 10:00:00,1.6,0,994.4,1.6,8.1,97,0.0,11
2017-11-05 11:00:00,1.3,0,994.3,4.5,8.2,97,49.0,11
2017-11-05 12:00:00,0.9,0,993.9,17.8,8.5,97,292.5001,11
2017-11-05 13:00:00,1.5,0,994.1,18.0,7.0,97,441.3334,11
2017-11-05 14:00:00,1.7,0,994.2,22.5,6.2,97,154.8333,11
2017-11-05 15:00:00,3.8,0,995.7,16.1,5.4,91,13.3333,11
2017-11-05 16:00:00,2.9,4,997.0,22.5,5.1,91,0.0,11
2017-11-05 17:00:00,1.7,0,998.1,0.0,5.0,93,0.0,11
2017-11-05 18:00:00,1.0,0,998.9,0.0,3.9,95,0.0,11
2017-11-05 19:00:00,1.7,0,1000.0,0.0,3.5,97,0.0,11
2017-11-05 20:00:00,1.4,0,1000.9,0.0,3.3,97,0.0,11
2017-11-05 21:00:00,0.8,0,1001.9,0.0,3.2,96,0.0,11
2017-11-05 22:00:00,0.8,0,1002.9,0.0,3.0,97,0.0,11
2017-11-05 23:00:00,0.8,0,1004.0,0.0,2.9,97,0.0,11
2017-11-06 00:00:00,1.4,0,1004.8,0.0,3.0,97,0.0,11
2017-11-06 01:00:00,1.3,0,1005.8,0.0,3.5,95,0.0,11
2017-11-06 02:00:00,5.9,0,1006.7,0.0,4.6,87,0.0,11
2017-11-06 03:00:00,5.3,0,1007.6,0.0,4.1,90,0.0,11
2017-11-06 04:00:00,3.4,0,1008.7,0.0,4.3,87,0.0,11
2017-11-06 05:00:00,1.0,0,1009.6,0.0,3.8,91,0.0,11
2017-11-06 06:00:00,1.3,0,1010.4,0.0,4.0,89,0.0,11
2017-11-06 07:00:00,0.3,0,1011.3,0.0,3.6,93,0.0,11
2017-11-06 08:00:00,1.8,0,1012.4,0.0,2.8,92,0.0,11
2017-11-06 09:00:00,2.2,28,1013.5,27.5,2.9,92,0.0,11
2017-11-06 10:00:00,1.3,60,1014.6,107.0,3.7,89,0.0,11
2017-11-06 11:00:00,0.6,60,1015.2,168.5,6.2,85,0.0,11
2017-11-06 12:00:00,1.3,60,1015.7,208.1,6.3,82,3210.3334,11
2017-11-06 13:00:00,1.1,60,1016.1,209.2,7.7,74,277.0001,11
2017-11-06 14:00:00,2.4,60,1016.7,175.7,6.0,80,274.0,11
2017-11-06 15:00:00,1.9,60,1017.0,109.6,6.5,74,183.6667,11
2017-11-06 16:00:00,0.5,55,1017.8,31.0,4.6,81,21.6667,11
2017-11-06 17:00:00,1.4,0,1018.2,0.0,2.6,91,0.0,11
2017-11-06 18:00:00,1.3,0,1019.1,0.0,1.3,92,0.0,11
2017-11-06 19:00:00,1.8,0,1019.4,0.0,0.9,93,0.0,11
2017-11-06 20:00:00,2.1,0,1020.0,0.0,0.4,94,0.0,11
2017-11-06 21:00:00,2.4,0,1020.4,0.0,0.3,95,0.0,11
2017-11-06 22:00:00,1.0,0,1020.9,0.0,-0.1,94,0.0,11
2017-11-06 23:00:00,2.2,0,1021.2,0.0,0.7,97,0.0,11
2017-11-07 00:00:00,2.2,0,1021.1,0.0,0.5,98,0.0,11
2017-11-07 01:00:00,1.9,0,1021.0,0.0,0.4,98,0.0,11
2017-11-07 02:00:00,1.5,0,1021.0,0.0,0.6,98,0.0,11
2017-11-07 03:00:00,0.3,0,1020.9,0.0,1.1,99,0.0,11
2017-11-07 04:00:00,1.9,0,1020.9,0.0,1.0,99,0.0,11
2017-11-07 05:00:00,2.4,0,1021.2,0.0,1.0,99,0.0,11
2017-11-07 06:00:00,1.4,0,1021.4,0.0,0.6,99,0.0,11
2017-11-07 07:00:00,0.5,0,1021.6,0.0,0.5,99,0.0,11
2017-11-07 08:00:00,1.3,0,1022.1,0.0,0.5,99,0.0,11
2017-11-07 09:00:00,0.4,0,1022.2,15.4,0.6,99,0.0,11
2017-11-07 10:00:00,0.6,5,1022.6,63.5,1.1,98,337.3333,11
2017-11-07 11:00:00,1.5,56,1022.5,138.5,2.6,94,549.4999,11
2017-11-07 12:00:00,0.9,19,1022.4,142.4,3.8,90,1615.8333,11
2017-11-07 13:00:00,1.4,48,1022.3,163.8,4.3,85,762.1666,11
2017-11-07 14:00:00,0.7,46,1022.0,120.9,5.0,86,519.0001,11
2017-11-07 15:00:00,1.2,42,1021.8,96.3,5.1,87,271.3334,11
2017-11-07 16:00:00,1.1,6,1021.7,12.0,5.0,87,8.3333,11
2017-11-07 17:00:00,0.9,0,1022.0,0.0,4.9,91,0.0,11
2017-11-07 18:00:00,0.6,0,1022.0,0.0,5.2,93,0.0,11
2017-11-07 19:00:00,1.2,0,1022.2,0.0,5.3,94,0.0,11
2017-11-07 20:00:00,0.6,0,1022.1,0.0,4.7,95,0.0,11
2017-11-07 21:00:00,0.5,0,1022.2,0.0,4.7,95,0.0,11
2017-11-07 22:00:00,0.7,0,1022.4,0.0,4.7,96,0.0,11
2017-11-07 23:00:00,1.0,0,1022.6,0.0,4.8,97,0.0,11
2017-11-08 00:00:00,0.6,0,1022.2,0.0,5.2,97,0.0,11
2017-11-08 01:00:00,1.8,0,1022.1,0.0,5.6,97,0.0,11
2017-11-08 02:00:00,1.6,0,1021.9,0.0,5.5,97,0.0,11
2017-11-08 03:00:00,2.5,0,1021.8,0.0,5.4,96,0.0,11
2017-11-08 04:00:00,2.8,0,1021.6,0.0,5.6,94,0.0,11
2017-11-08 05:00:00,2.0,0,1021.5,0.0,5.3,92,0.0,11
2017-11-08 06:00:00,3.0,0,1021.5,0.0,4.9,89,0.0,11
2017-11-08 07:00:00,2.6,0,1021.7,0.0,4.7,88,0.0,11
2017-11-08 08:00:00,2.0,0,1022.0,0.0,4.7,89,0.0,11
2017-11-08 09:00:00,3.2,0,1022.1,8.7,5.1,87,0.0,11
2017-11-08 10:00:00,3.7,3,1022.3,42.9,5.6,85,293.9999,11
2017-11-08 11:00:00,2.8,38,1022.4,94.9,6.4,83,460.5,11
2017-11-08 12:00:00,4.8,60,1022.3,213.5,7.3,71,3292.8333,11
2017-11-08 13:00:00,5.2,60,1022.2,206.8,7.6,71,726.8333,11
2017-11-08 14:00:00,4.8,60,1022.0,173.0,7.4,72,324.6666,11
2017-11-08 15:00:00,4.1,42,1021.5,70.9,6.9,74,224.0,11
2017-11-08 16:00:00,3.5,36,1021.5,22.7,6.5,78,24.1667,11
2017-11-08 17:00:00,2.0,0,1021.5,0.0,5.5,85,0.0,11
2017-11-08 18:00:00,4.2,0,1021.1,0.0,5.7,82,0.0,11
2017-11-08 19:00:00,3.1,0,1020.9,0.0,5.6,86,0.0,11
2017-11-08 20:00:00,2.9,0,1020.3,0.0,6.0,83,0.0,11
2017-11-08 21:00:00,3.3,0,1019.3,0.0,5.9,85,0.0,11
2017-11-08 22:00:00,3.0,0,1018.7,0.0,6.0,86,0.0,11
2017-11-08 23:00:00,3.6,0,1018.0,0.0,6.3,87,0.0,11
2017-11-09 00:00:00,5.3,0,1016.5,0.0,6.8,84,0.0,11
2017-11-09 01:00:00,5.1,0,1015.3,0.0,6.4,92,0.0,11
2017-11-09 02:00:00,4.3,0,1013.8,0.0,6.7,92,0.0,11
2017-11-09 03:00:00,6.7,0,1012.0,0.0,7.3,88,0.0,11
2017-11-09 04:00:00,5.9,0,1010.1,0.0,7.5,89,0.0,11
2017-11-09 05:00:00,5.4,0,1008.9,0.0,7.7,89,0.0,11
2017-11-09 06:00:00,6.0,0,1007.5,0.0,8.0,86,0.0,11
2017-11-09 07:00:00,6.1,0,1006.3,0.0,8.2,84,0.0,11
2017-11-09 08:00:00,5.1,0,1004.8,0.0,8.3,82,0.0,11
2017-11-09 09:00:00,6.6,0,1003.0,0.0,8.6,79,0.0,11
2017-11-09 10:00:00,6.1,0,1001.9,0.0,7.7,84,0.0,11
2017-11-09 11:00:00,6.1,0,1002.1,3.6,7.2,88,0.0,11
2017-11-09 12:00:00,5.6,0,1001.2,31.0,7.6,82,268.6666,11
2017-11-09 13:00:00,4.8,2,1000.3,56.8,7.7,82,342.0001,11
2017-11-09 14:00:00,4.3,45,1000.2,136.8,8.2,73,279.1666,11
2017-11-09 15:00:00,4.0,58,1000.0,89.1,8.4,62,122.6667,11
2017-11-09 16:00:00,4.3,47,999.6,24.7,7.3,63,7.5,11
2017-11-09 17:00:00,5.3,0,1000.3,0.0,6.5,64,0.0,11
2017-11-09 18:00:00,5.2,0,999.9,0.0,6.2,63,0.0,11
2017-11-09 19:00:00,4.2,0,999.7,0.0,5.6,66,0.0,11
2017-11-09 20:00:00,2.3,0,999.6,0.0,5.3,66,0.0,11
2017-11-09 21:00:00,0.8,0,1000.2,0.0,4.6,70,0.0,11
2017-11-09 22:00:00,1.3,0,999.7,0.0,4.7,70,0.0,11
2017-11-09 23:00:00,1.4,0,1000.0,0.0,2.5,79,0.0,11
2017-11-10 00:00:00,1.5,0,999.8,0.0,1.0,86,0.0,11
2017-11-10 01:00:00,2.5,0,999.4,0.0,4.0,71,0.0,11
2017-11-10 02:00:00,1.4,0,999.2,0.0,2.0,84,0.0,11
2017-11-10 03:00:00,2.2,0,998.5,0.0,1.6,89,0.0,11
2017-11-10 04:00:00,2.0,0,997.7,0.0,1.6,92,0.0,11
2017-11-10 05:00:00,2.5,0,997.0,0.0,2.4,87,0.0,11
2017-11-10 06:00:00,0.9,0,996.9,0.0,1.8,88,0.0,11
2017-11-10 07:00:00,0.7,0,996.2,0.0,2.1,87,0.0,11
2017-11-10 08:00:00,2.1,0,995.8,0.0,2.0,90,0.0,11
2017-11-10 09:00:00,0.7,39,995.4,28.8,2.1,88,0.0,11
2017-11-10 10:00:00,0.7,19,995.3,60.1,2.9,86,269.6667,11
2017-11-10 11:00:00,1.2,6,994.1,71.5,3.8,82,580.1666,11
2017-11-10 12:00:00,1.1,0,993.1,72.1,4.1,81,630.3333,11
2017-11-10 13:00:00,2.3,0,992.3,68.6,3.8,82,599.1667,11
2017-11-10 14:00:00,3.2,0,991.6,39.4,4.1,79,322.1667,11
2017-11-10 15:00:00,3.7,0,991.3,6.4,3.9,82,0.3333,11
2017-11-10 16:00:00,6.1,0,991.0,0.0,2.8,87,0.0,11
2017-11-10 17:00:00,5.1,0,991.3,0.0,2.0,91,0.0,11
2017-11-10 18:00:00,4.7,0,991.4,0.0,1.7,93,0.0,11
2017-11-10 19:00:00,2.5,0,991.7,0.0,2.1,92,0.0,11
2017-11-10 20:00:00,2.3,0,991.9,0.0,2.4,89,0.0,11
2017-11-10 21:00:00,1.6,0,992.0,0.0,2.3,89,0.0,11
2017-11-10 22:00:00,1.7,0,992.1,0.0,2.2,89,0.0,11
2017-11-10 23:00:00,3.7,0,992.2,0.0,2.0,81,0.0,11
2017-11-11 00:00:00,5.2,0,992.3,0.0,1.7,78,0.0,11
2017-11-11 01:00:00,1.7,0,992.4,0.0,1.3,80,0.0,11
2017-11-11 02:00:00,1.0,0,992.2,0.0,0.6,83,0.0,11
2017-11-11 03:00:00,1.4,0,992.2,0.0,-0.1,87,0.0,11
2017-11-11 04:00:00,2.0,0,991.8,0.0,0.3,77,0.0,11
2017-11-11 05:00:00,2.2,0,991.5,0.0,0.3,76,0.0,11
2017-11-11 06:00:00,0.8,0,991.5,0.0,-1.3,85,0.0,11
2017-11-11 07:00:00,2.0,0,991.5,0.0,-1.4,83,0.0,11
2017-11-11 08:00:00,1.4,0,991.4,0.0,-2.2,87,0.0,11
2017-11-11 09:00:00,1.1,22,991.3,13.9,-1.4,84,0.0,11
2017-11-11 10:00:00,0.5,60,991.0,84.8,-0.7,81,0.0,11
2017-11-11 11:00:00,0.5,60,990.7,150.0,2.3,70,0.0,11
2017-11-11 12:00:00,1.2,59,990.6,190.0,3.1,66,1966.5833,11
2017-11-11 13:00:00,0.8,49,990.7,158.8,3.3,63,285.6667,11
2017-11-11 14:00:00,0.9,60,990.7,149.7,3.8,65,239.5,11
2017-11-11 15:00:00,1.9,50,990.7,60.6,3.1,67,128.8333,11
2017-11-11 16:00:00,0.8,0,990.8,4.2,0.7,83,6.5,11
2017-11-11 17:00:00,1.3,0,991.0,0.0,-0.3,87,0.0,11
2017-11-11 18:00:00,1.8,0,990.9,0.0,-0.7,88,0.0,11
2017-11-11 19:00:00,0.6,0,991.1,0.0,-1.1,90,0.0,11
2017-11-11 20:00:00,1.4,0,991.1,0.0,-1.7,89,0.0,11
2017-11-11 21:00:00,0.9,0,991.2,0.0,-1.9,91,0.0,11
2017-11-11 22:00:00,1.0,0,991.3,0.0,-2.2,90,0.0,11
2017-11-11 23:00:00,0.6,0,991.5,0.0,-2.6,93,0.0,11
2017-11-12 00:00:00,1.8,0,991.2,0.0,-2.6,92,0.0,11
2017-11-12 01:00:00,1.7,0,991.3,0.0,-2.7,93,0.0,11
2017-11-12 02:00:00,1.9,0,991.2,0.0,-3.0,93,0.0,11
2017-11-12 03:00:00,2.2,0,991.4,0.0,-3.1,93,0.0,11
2017-11-12 04:00:00,1.6,0,991.5,0.0,-3.3,92,0.0,11
2017-11-12 05:00:00,1.2,0,991.8,0.0,-3.6,92,0.0,11
2017-11-12 06:00:00,0.2,0,991.8,0.0,-3.9,92,0.0,11
2017-11-12 07:00:00,1.3,0,991.9,0.0,-3.8,92,0.0,11
2017-11-12 08:00:00,0.6,0,992.4,0.0,-4.0,91,0.0,11
2017-11-12 09:00:00,0.5,40,992.9,19.8,-3.6,92,0.0,11
2017-11-12 10:00:00,0.1,60,993.5,86.5,-2.2,91,0.0,11
2017-11-12 11:00:00,0.4,60,993.8,138.8,0.6,82,133.1667,11
2017-11-12 12:00:00,0.8,40,994.4,122.4,0.4,81,2648.1667,11
2017-11-12 13:00:00,1.0,58,994.7,180.9,2.3,75,364.1667,11
2017-11-12 14:00:00,1.3,54,995.1,125.7,2.7,76,236.0,11
2017-11-12 15:00:00,1.0,60,995.6,84.6,3.0,75,168.8334,11
2017-11-12 16:00:00,0.6,39,996.3,12.9,1.1,83,10.5,11
2017-11-12 17:00:00,0.3,0,996.6,0.0,-0.2,88,0.0,11
2017-11-12 18:00:00,1.9,0,997.4,0.0,0.1,83,0.0,11
2017-11-12 19:00:00,3.5,0,998.4,0.0,1.7,70,0.0,11
2017-11-12 20:00:00,1.7,0,999.2,0.0,0.9,80,0.0,11
2017-11-12 21:00:00,3.8,0,1000.3,0.0,4.4,60,0.0,11
2017-11-12 22:00:00,6.5,0,1001.7,0.0,4.8,54,0.0,11
2017-11-12 23:00:00,1.9,0,1003.0,0.0,4.1,56,0.0,11
2017-11-13 00:00:00,1.4,0,1004.1,0.0,3.2,61,0.0,11
2017-11-13 01:00:00,2.6,0,1004.8,0.0,2.7,63,0.0,11
2017-11-13 02:00:00,3.1,0,1006.0,0.0,1.4,70,0.0,11
2017-11-13 03:00:00,1.4,0,1006.8,0.0,2.5,65,0.0,11
2017-11-13 04:00:00,1.6,0,1007.7,0.0,1.8,70,0.0,11
2017-11-13 05:00:00,1.3,0,1008.7,0.0,1.0,72,0.0,11
2017-11-13 06:00:00,2.1,0,1009.8,0.0,0.1,73,0.0,11
2017-11-13 07:00:00,1.0,0,1010.5,0.0,-1.0,75,0.0,11
2017-11-13 08:00:00,1.8,0,1011.5,0.0,-0.7,74,0.0,11
2017-11-13 09:00:00,0.8,38,1012.1,14.0,-1.1,75,0.0,11
2017-11-13 10:00:00,1.0,60,1012.7,80.0,1.3,68,0.0,11
2017-11-13 11:00:00,1.2,60,1013.1,145.4,3.8,57,0.0,11
2017-11-13 12:00:00,0.8,58,1013.0,148.2,3.8,56,2314.1666,11
2017-11-13 13:00:00,0.9,21,1013.0,103.6,4.0,59,796.4999,11
2017-11-13 14:00:00,0.9,38,1012.8,121.7,4.4,49,598.1667,11
2017-11-13 15:00:00,1.4,60,1013.3,79.4,4.2,49,230.3333,11
2017-11-13 16:00:00,1.2,1,1013.5,5.8,2.1,61,17.8333,11
2017-11-13 17:00:00,1.8,0,1013.9,0.0,0.5,69,0.0,11
2017-11-13 18:00:00,0.7,0,1014.0,0.0,0.5,70,0.0,11
2017-11-13 19:00:00,2.2,0,1013.9,0.0,0.0,73,0.0,11
2017-11-13 20:00:00,1.6,0,1014.0,0.0,-0.1,74,0.0,11
2017-11-13 21:00:00,1.8,0,1014.0,0.0,-0.1,74,0.0,11
2017-11-13 22:00:00,1.0,0,1013.6,0.0,-1.0,79,0.0,11
2017-11-13 23:00:00,1.5,0,1013.4,0.0,-1.6,81,0.0,11
2017-11-14 00:00:00,1.3,0,1012.8,0.0,-2.0,83,0.0,11
2017-11-14 01:00:00,1.3,0,1012.3,0.0,-1.8,81,0.0,11
2017-11-14 02:00:00,0.8,0,1011.8,0.0,-1.8,81,0.0,11
2017-11-14 03:00:00,1.3,0,1011.3,0.0,-1.7,83,0.0,11
2017-11-14 04:00:00,2.0,0,1010.6,0.0,-1.2,79,0.0,11
2017-11-14 05:00:00,0.2,0,1009.9,0.0,-1.2,80,0.0,11
2017-11-14 06:00:00,0.4,0,1009.2,0.0,-1.1,81,0.0,11
2017-11-14 07:00:00,1.0,0,1008.6,0.0,-0.9,83,0.0,11
2017-11-14 08:00:00,1.7,0,1008.4,0.0,-0.7,87,0.0,11
2017-11-14 09:00:00,1.2,0,1008.1,0.0,-0.8,94,0.0,11
2017-11-14 10:00:00,0.3,0,1007.6,3.3,-0.8,95,0.0,11
2017-11-14 11:00:00,1.0,0,1007.7,16.0,-0.6,96,0.0,11
2017-11-14 12:00:00,1.4,0,1007.3,53.2,0.0,94,0.0,11
2017-11-14 13:00:00,1.1,0,1007.3,86.0,0.4,93,0.0,11
2017-11-14 14:00:00,1.8,0,1007.6,59.4,0.2,92,0.0,11
2017-11-14 15:00:00,0.8,13,1007.7,49.6,0.1,93,0.0,11
2017-11-14 16:00:00,1.3,6,1008.2,11.6,-0.7,95,0.0,11
2017-11-14 17:00:00,0.2,0,1009.2,0.0,-1.1,97,0.0,11
2017-11-14 18:00:00,0.3,0,1010.0,0.0,-1.6,97,0.0,11
2017-11-14 19:00:00,1.2,0,1010.4,0.0,-1.3,97,0.0,11
2017-11-14 20:00:00,1.1,0,1010.9,0.0,-1.2,97,0.0,11
2017-11-14 21:00:00,1.0,0,1011.6,0.0,-0.9,97,0.0,11
2017-11-14 22:00:00,0.5,0,1011.6,0.0,-1.0,97,0.0,11
2017-11-14 23:00:00,0.8,0,1011.9,0.0,-0.9,98,0.0,11
2017-11-15 00:00:00,1.7,0,1011.7,0.0,-1.1,98,0.0,11
2017-11-15 01:00:00,0.9,0,1011.5,0.0,-1.2,98,0.0,11
2017-11-15 02:00:00,1.3,0,1011.4,0.0,-1.2,97,0.0,11
2017-11-15 03:00:00,0.2,0,1011.2,0.0,-1.0,97,0.0,11
2017-11-15 04:00:00,0.5,0,1010.5,0.0,-1.2,97,0.0,11
2017-11-15 05:00:00,0.6,0,1009.7,0.0,-2.3,96,0.0,11
2017-11-15 06:00:00,1.4,0,1009.8,0.0,-2.7,97,0.0,11
2017-11-15 07:00:00,1.6,0,1009.5,0.0,-2.2,96,0.0,11
2017-11-15 08:00:00,0.7,0,1010.3,0.0,-2.3,95,0.0,11
2017-11-15 09:00:00,0.9,15,1011.0,7.1,-2.5,97,0.0,11
2017-11-15 10:00:00,1.8,10,1011.4,31.0,-1.0,99,0.0,11
2017-11-15 11:00:00,1.1,0,1012.3,48.1,-1.3,98,0.0,11
2017-11-15 12:00:00,1.5,31,1013.0,132.0,0.0,98,341.1667,11
2017-11-15 13:00:00,1.6,60,1013.5,168.7,2.3,90,0.0,11
2017-11-15 14:00:00,0.9,60,1014.1,134.1,2.6,86,0.0,11
2017-11-15 15:00:00,1.7,60,1014.4,71.2,2.8,85,0.0,11
2017-11-15 16:00:00,2.0,25,1015.3,9.7,1.9,82,0.0,11
2017-11-15 17:00:00,2.3,0,1016.0,0.0,2.1,75,0.0,11
2017-11-15 18:00:00,2.9,0,1016.3,0.0,2.6,68,0.0,11
2017-11-15 19:00:00,1.9,0,1017.4,0.0,1.3,77,0.0,11
2017-11-15 20:00:00,1.6,0,1018.4,0.0,0.0,83,0.0,11
2017-11-15 21:00:00,1.2,0,1018.5,0.0,-0.4,86,0.0,11
2017-11-15 22:00:00,0.7,0,1019.0,0.0,-0.7,87,0.0,11
2017-11-15 23:00:00,0.4,0,1019.0,0.0,-1.3,88,0.0,11
2017-11-16 00:00:00,1.2,0,1019.3,0.0,-1.6,87,0.0,11
2017-11-16 01:00:00,0.9,0,1019.1,0.0,-0.8,83,0.0,11
2017-11-16 02:00:00,3.0,0,1018.7,0.0,-1.8,87,0.0,11
2017-11-16 03:00:00,1.3,0,1018.6,0.0,-2.0,89,0.0,11
2017-11-16 04:00:00,2.6,0,1018.2,0.0,-2.4,88,0.0,11
2017-11-16 05:00:00,2.4,0,1017.8,0.0,-1.8,87,0.0,11
2017-11-16 06:00:00,1.2,0,1018.2,0.0,-2.5,91,0.0,11
2017-11-16 07:00:00,1.1,0,1017.8,0.0,-2.9,91,0.0,11
2017-11-16 08:00:00,2.3,0,1017.6,0.0,-2.6,90,0.0,11
2017-11-16 09:00:00,1.9,20,1016.9,14.5,-1.6,89,0.0,11
2017-11-16 10:00:00,0.5,10,1016.3,55.6,0.2,85,94.8333,11
2017-11-16 11:00:00,0.9,11,1015.6,63.1,1.0,85,336.6666,11
2017-11-16 12:00:00,1.3,0,1014.3,42.6,1.2,85,341.5,11
2017-11-16 13:00:00,1.1,0,1012.8,30.3,2.0,83,236.1667,11
2017-11-16 14:00:00,1.8,0,1011.1,29.5,2.1,89,194.0,11
2017-11-16 15:00:00,1.8,0,1009.2,0.0,3.4,98,12.0,11
2017-11-16 16:00:00,2.3,0,1007.0,0.0,4.4,98,0.0,11
2017-11-16 17:00:00,2.2,0,1005.0,0.0,5.2,98,0.0,11
2017-11-16 18:00:00,2.0,0,1003.1,0.0,5.7,98,0.0,11
2017-11-16 19:00:00,2.6,0,1002.1,0.0,6.0,99,0.0,11
2017-11-16 20:00:00,1.8,0,1001.7,0.0,5.9,98,0.0,11
2017-11-16 21:00:00,1.2,0,1002.8,0.0,4.8,91,0.0,11
2017-11-16 22:00:00,1.6,0,1003.4,0.0,3.6,90,0.0,11
2017-11-16 23:00:00,0.7,0,1004.1,0.0,2.8,83,0.0,11
2017-11-17 00:00:00,0.5,0,1004.7,0.0,1.1,90,0.0,11
2017-11-17 01:00:00,1.5,0,1005.1,0.0,2.1,85,0.0,11
2017-11-17 02:00:00,1.8,0,1005.5,0.0,0.5,91,0.0,11
2017-11-17 03:00:00,3.6,0,1006.1,0.0,2.3,73,0.0,11
2017-11-17 04:00:00,1.6,0,1006.5,0.0,0.9,77,0.0,11
2017-11-17 05:00:00,3.7,0,1007.4,0.0,3.7,63,0.0,11
2017-11-17 06:00:00,1.4,0,1007.6,0.0,2.4,67,0.0,11
2017-11-17 07:00:00,4.1,0,1007.6,0.0,1.5,72,0.0,11
2017-11-17 08:00:00,3.0,0,1007.6,0.0,2.2,76,0.0,11
2017-11-17 09:00:00,2.2,19,1007.0,5.9,2.4,74,0.0,11
2017-11-17 10:00:00,4.7,59,1007.0,61.8,3.3,70,0.0,11
2017-11-17 11:00:00,4.6,60,1006.7,122.4,4.4,68,157.5,11
2017-11-17 12:00:00,4.7,39,1006.1,118.4,4.2,71,1607.6667,11
2017-11-17 13:00:00,3.3,45,1005.6,130.1,6.4,66,638.1667,11
2017-11-17 14:00:00,1.1,60,1005.3,145.7,6.4,67,380.3334,11
2017-11-17 15:00:00,5.0,19,1004.4,47.0,6.3,64,136.1667,11
2017-11-17 16:00:00,4.0,0,1005.1,3.2,5.4,68,5.1667,11
2017-11-17 17:00:00,3.0,0,1004.5,0.0,4.7,72,0.0,11
2017-11-17 18:00:00,4.7,0,1003.8,0.0,4.7,70,0.0,11
2017-11-17 19:00:00,2.5,0,1003.3,0.0,4.1,70,0.0,11
2017-11-17 20:00:00,1.7,0,1002.7,0.0,3.4,79,0.0,11
2017-11-17 21:00:00,3.5,0,1002.0,0.0,4.1,82,0.0,11
2017-11-17 22:00:00,3.8,0,1001.6,0.0,3.8,82,0.0,11
2017-11-17 23:00:00,2.1,0,1001.3,0.0,3.5,83,0.0,11
2017-11-18 00:00:00,3.9,0,1000.1,0.0,2.8,86,0.0,11
2017-11-18 01:00:00,1.0,0,999.6,0.0,1.7,90,0.0,11
2017-11-18 02:00:00,1.8,0,998.9,0.0,1.3,92,0.0,11
2017-11-18 03:00:00,2.0,0,998.0,0.0,1.4,92,0.0,11
2017-11-18 04:00:00,1.7,0,997.0,0.0,0.3,94,0.0,11
2017-11-18 05:00:00,1.0,0,996.4,0.0,0.6,94,0.0,11
2017-11-18 06:00:00,2.6,0,996.3,0.0,0.2,93,0.0,11
2017-11-18 07:00:00,0.3,0,995.9,0.0,-0.8,94,0.0,11
2017-11-18 08:00:00,1.1,0,995.6,0.0,-0.9,95,0.0,11
2017-11-18 09:00:00,0.7,0,995.9,0.0,-0.8,95,0.0,11
2017-11-18 10:00:00,0.8,35,995.6,48.6,0.1,98,0.0,11
2017-11-18 11:00:00,1.0,45,995.1,139.4,1.1,96,522.6667,11
2017-11-18 12:00:00,1.8,9,994.7,54.3,1.0,90,461.1667,11
2017-11-18 13:00:00,0.8,0,994.1,22.1,1.2,85,257.0,11
2017-11-18 14:00:00,1.1,3,993.2,15.8,1.4,82,91.0,11
2017-11-18 15:00:00,0.8,20,992.4,38.7,1.6,80,0.0,11
2017-11-18 16:00:00,1.7,5,992.0,5.2,0.7,81,0.0,11
2017-11-18 17:00:00,1.2,0,991.3,0.0,-0.2,86,0.0,11
2017-11-18 18:00:00,1.7,0,990.5,0.0,0.3,86,0.0,11
2017-11-18 19:00:00,2.8,0,990.6,0.0,0.2,87,0.0,11
2017-11-18 20:00:00,4.0,0,991.0,0.0,0.7,85,0.0,11
2017-11-18 21:00:00,4.8,0,991.6,0.0,0.6,86,0.0,11
2017-11-18 22:00:00,4.1,0,991.9,0.0,1.1,84,0.0,11
2017-11-18 23:00:00,5.2,0,992.8,0.0,0.7,91,0.0,11
2017-11-19 00:00:00,5.6,0,993.8,0.0,1.2,87,0.0,11
2017-11-19 01:00:00,5.8,0,994.9,0.0,0.5,84,0.0,11
2017-11-19 02:00:00,6.5,0,996.1,0.0,0.2,79,0.0,11
2017-11-19 03:00:00,6.7,0,997.2,0.0,-0.5,76,0.0,11
2017-11-19 04:00:00,7.4,0,997.9,0.0,-0.4,72,0.0,11
2017-11-19 05:00:00,7.5,0,998.9,0.0,-0.4,73,0.0,11
2017-11-19 06:00:00,5.3,0,999.8,0.0,-0.7,73,0.0,11
2017-11-19 07:00:00,5.3,0,1000.7,0.0,-0.5,72,0.0,11
2017-11-19 08:00:00,5.4,0,1001.5,0.0,-0.3,69,0.0,11
2017-11-19 09:00:00,4.7,0,1002.4,0.0,-0.4,67,0.0,11
2017-11-19 10:00:00,5.1,46,1003.1,36.7,-0.2,64,0.0,11
2017-11-19 11:00:00,7.0,60,1003.6,114.7,1.4,56,0.0,11
2017-11-19 12:00:00,4.5,39,1004.3,134.0,0.7,60,286.1666,11
2017-11-19 13:00:00,4.2,50,1004.5,130.9,1.8,56,192.4999,11
2017-11-19 14:00:00,3.0,60,1004.6,121.0,2.1,53,69.3334,11
2017-11-19 15:00:00,1.8,60,1005.0,61.4,1.8,54,0.0,11
2017-11-19 16:00:00,1.2,30,1005.5,5.2,0.0,62,0.0,11
2017-11-19 17:00:00,1.6,0,1006.0,0.0,-1.8,73,0.0,11
2017-11-19 18:00:00,1.4,0,1006.3,0.0,-1.6,71,0.0,11
2017-11-19 19:00:00,1.1,0,1006.7,0.0,-2.1,75,0.0,11
2017-11-19 20:00:00,1.5,0,1007.1,0.0,-1.2,70,0.0,11
2017-11-19 21:00:00,0.8,0,1007.5,0.0,-1.7,75,0.0,11
2017-11-19 22:00:00,1.8,0,1007.7,0.0,-1.3,74,0.0,11
2017-11-19 23:00:00,2.5,0,1007.8,0.0,-1.1,72,0.0,11
2017-11-20 00:00:00,1.5,0,1008.1,0.0,-2.3,77,0.0,11
2017-11-20 01:00:00,1.2,0,1008.3,0.0,-2.7,80,0.0,11
2017-11-20 02:00:00,1.6,0,1008.3,0.0,-3.4,83,0.0,11
2017-11-20 03:00:00,0.9,0,1008.8,0.0,-3.9,86,0.0,11
2017-11-20 04:00:00,1.9,0,1009.2,0.0,-4.7,87,0.0,11
2017-11-20 05:00:00,2.0,0,1009.4,0.0,-4.6,87,0.0,11
2017-11-20 06:00:00,1.8,0,1009.6,0.0,-4.7,87,0.0,11
2017-11-20 07:00:00,1.6,0,1009.7,0.0,-4.7,86,0.0,11
2017-11-20 08:00:00,1.7,0,1010.0,0.0,-5.1,86,0.0,11
2017-11-20 09:00:00,1.2,18,1010.5,2.2,-5.1,86,0.0,11
2017-11-20 10:00:00,0.3,60,1010.9,51.5,-4.5,86,0.0,11
2017-11-20 11:00:00,0.8,60,1010.9,109.2,-2.0,77,264.8333,11
2017-11-20 12:00:00,0.4,60,1010.7,142.9,-1.6,74,1344.1667,11
2017-11-20 13:00:00,0.5,60,1010.5,143.8,0.2,68,378.3333,11
2017-11-20 14:00:00,1.6,60,1010.3,110.7,-0.9,75,197.1667,11
2017-11-20 15:00:00,1.2,38,1010.5,42.0,-0.9,77,52.3333,11
2017-11-20 16:00:00,0.4,0,1010.3,0.0,-1.5,81,0.0,11
2017-11-20 17:00:00,0.8,0,1010.3,0.0,-1.3,78,0.0,11
2017-11-20 18:00:00,1.2,0,1010.4,0.0,-1.4,77,0.0,11
2017-11-20 19:00:00,0.5,0,1010.5,0.0,-1.4,77,0.0,11
2017-11-20 20:00:00,1.7,0,1010.6,0.0,-1.5,77,0.0,11
2017-11-20 21:00:00,0.8,0,1010.6,0.0,-1.5,77,0.0,11
2017-11-20 22:00:00,1.0,0,1010.6,0.0,-1.4,79,0.0,11
2017-11-20 23:00:00,0.5,0,1010.8,0.0,-1.7,79,0.0,11
2017-11-21 00:00:00,0.7,0,1010.9,0.0,-1.8,81,0.0,11
2017-11-21 01:00:00,0.5,0,1011.1,0.0,-2.1,83,0.0,11
2017-11-21 02:00:00,1.5,0,1011.1,0.0,-2.1,80,0.0,11
2017-11-21 03:00:00,0.6,0,1011.2,0.0,-2.3,81,0.0,11
2017-11-21 04:00:00,2.1,0,1011.2,0.0,-2.7,87,0.0,11
2017-11-21 05:00:00,1.6,0,1011.5,0.0,-2.6,87,0.0,11
2017-11-21 06:00:00,1.6,0,1011.6,0.0,-2.6,83,0.0,11
2017-11-21 07:00:00,2.7,0,1011.7,0.0,-2.8,83,0.0,11
2017-11-21 08:00:00,2.8,0,1012.3,0.0,-2.9,81,0.0,11
2017-11-21 09:00:00,1.8,0,1012.8,0.0,-2.7,80,0.0,11
2017-11-21 10:00:00,2.2,0,1013.0,15.0,-2.7,78,0.0,11
2017-11-21 11:00:00,2.9,5,1013.2,56.1,-2.7,76,129.9167,11
2017-11-21 12:00:00,1.7,35,1013.1,110.0,-2.7,76,253.8333,11
2017-11-21 13:00:00,1.9,60,1013.0,146.4,-2.1,72,0.0,11
2017-11-21 14:00:00,2.0,60,1012.9,113.5,-2.4,69,0.0,11
2017-11-21 15:00:00,2.4,36,1012.9,43.2,-3.0,73,0.0,11
2017-11-21 16:00:00,2.8,0,1013.4,0.0,-4.2,78,0.0,11
2017-11-21 17:00:00,3.5,0,1013.3,0.0,-5.0,80,0.0,11
2017-11-21 18:00:00,1.3,0,1013.3,0.0,-5.8,83,0.0,11
2017-11-21 19:00:00,1.9,0,1013.2,0.0,-5.7,78,0.0,11
2017-11-21 20:00:00,1.8,0,1013.1,0.0,-6.2,83,0.0,11
2017-11-21 21:00:00,1.6,0,1013.1,0.0,-6.8,86,0.0,11
2017-11-21 22:00:00,2.3,0,1013.0,0.0,-6.8,80,0.0,11
2017-11-21 23:00:00,2.4,0,1012.3,0.0,-6.5,75,0.0,11
2017-11-22 00:00:00,1.4,0,1011.8,0.0,-6.1,73,0.0,11
2017-11-22 01:00:00,1.7,0,1011.5,0.0,-5.9,75,0.0,11
2017-11-22 02:00:00,4.3,0,1010.5,0.0,-6.3,70,0.0,11
2017-11-22 03:00:00,4.4,0,1010.1,0.0,-6.9,73,0.0,11
2017-11-22 04:00:00,6.2,0,1009.2,0.0,-7.2,75,0.0,11
2017-11-22 05:00:00,4.4,0,1008.7,0.0,-7.0,75,0.0,11
2017-11-22 06:00:00,4.4,0,1007.8,0.0,-7.0,83,0.0,11
2017-11-22 07:00:00,5.5,0,1006.6,0.0,-6.8,84,0.0,11
2017-11-22 08:00:00,6.7,0,1005.4,0.0,-6.9,83,0.0,11
2017-11-22 09:00:00,7.3,0,1004.8,0.0,-6.5,79,0.0,11
2017-11-22 10:00:00,6.1,0,1003.5,1.2,-6.0,82,0.0,11
2017-11-22 11:00:00,7.7,0,1002.4,9.1,-5.4,84,0.0,11
2017-11-22 12:00:00,5.2,0,1001.7,19.0,-4.8,86,0.0,11
2017-11-22 13:00:00,6.0,0,1000.6,19.4,-4.2,82,0.0,11
2017-11-22 14:00:00,5.9,0,999.6,18.2,-3.6,84,0.0,11
2017-11-22 15:00:00,6.9,0,998.3,6.2,-3.2,87,0.0,11
2017-11-22 16:00:00,7.1,0,997.0,0.0,-2.5,86,0.0,11
2017-11-22 17:00:00,5.5,0,996.4,0.0,-1.8,86,0.0,11
2017-11-22 18:00:00,5.5,0,995.2,0.0,-1.3,85,0.0,11
2017-11-22 19:00:00,6.1,0,994.3,0.0,-1.1,88,0.0,11
2017-11-22 20:00:00,4.9,0,992.9,0.0,-0.4,89,0.0,11
2017-11-22 21:00:00,4.7,0,991.3,0.0,0.4,91,0.0,11
2017-11-22 22:00:00,3.7,0,990.3,0.0,1.2,92,0.0,11
2017-11-22 23:00:00,3.8,0,988.7,0.0,1.8,92,0.0,11
2017-11-23 00:00:00,3.6,0,987.7,0.0,2.0,93,0.0,11
2017-11-23 01:00:00,2.0,0,987.2,0.0,2.2,94,0.0,11
2017-11-23 02:00:00,1.0,0,986.5,0.0,1.6,97,0.0,11
2017-11-23 03:00:00,1.0,0,985.9,0.0,1.4,97,0.0,11
2017-11-23 04:00:00,1.0,0,985.3,0.0,2.3,98,0.0,11
2017-11-23 05:00:00,1.6,0,984.8,0.0,3.2,98,0.0,11
2017-11-23 06:00:00,0.6,0,984.3,0.0,3.9,98,0.0,11
2017-11-23 07:00:00,6.0,0,983.9,0.0,6.8,98,0.0,11
2017-11-23 08:00:00,5.8,0,983.7,0.0,7.3,95,0.0,11
2017-11-23 09:00:00,6.7,0,983.2,0.0,7.4,94,0.0,11
2017-11-23 10:00:00,6.8,0,983.3,0.0,7.7,95,0.0,11
2017-11-23 11:00:00,7.0,0,982.9,0.7,8.1,94,0.0,11
2017-11-23 12:00:00,7.5,0,982.9,3.6,8.4,93,0.0,11
2017-11-23 13:00:00,7.4,0,983.0,2.2,8.5,91,0.0,11
2017-11-23 14:00:00,7.1,0,982.5,0.2,8.5,94,0.0,11
2017-11-23 15:00:00,6.4,0,982.0,0.0,8.5,94,0.0,11
2017-11-23 16:00:00,7.1,0,980.9,0.0,8.6,94,0.0,11
2017-11-23 17:00:00,8.8,0,980.6,0.0,8.7,94,0.0,11
2017-11-23 18:00:00,6.4,0,980.6,0.0,9.1,91,0.0,11
2017-11-23 19:00:00,8.7,0,982.9,0.0,7.6,74,0.0,11
2017-11-23 20:00:00,6.2,0,984.8,0.0,5.7,76,0.0,11
2017-11-23 21:00:00,6.3,0,985.9,0.0,5.2,74,0.0,11
2017-11-23 22:00:00,5.8,0,987.1,0.0,4.9,75,0.0,11
2017-11-23 23:00:00,3.5,0,988.1,0.0,4.4,78,0.0,11
2017-11-24 00:00:00,3.3,0,988.8,0.0,4.3,77,0.0,11
2017-11-24 01:00:00,2.0,0,989.8,0.0,4.1,80,0.0,11
2017-11-24 02:00:00,1.5,0,990.3,0.0,3.2,84,0.0,11
2017-11-24 03:00:00,1.5,0,991.0,0.0,2.0,89,0.0,11
2017-11-24 04:00:00,0.6,0,992.0,0.0,1.1,94,0.0,11
2017-11-24 05:00:00,3.2,0,992.9,0.0,2.0,90,0.0,11
2017-11-24 06:00:00,3.5,0,993.8,0.0,2.7,85,0.0,11
2017-11-24 07:00:00,2.9,0,994.5,0.0,2.3,85,0.0,11
2017-11-24 08:00:00,1.7,0,995.1,0.0,1.9,87,0.0,11
2017-11-24 09:00:00,3.5,1,996.0,0.0,2.4,84,0.0,11
2017-11-24 10:00:00,3.8,56,996.8,41.9,2.6,84,0.0,11
2017-11-24 11:00:00,2.8,60,996.8,116.7,3.9,76,0.0,11
2017-11-24 12:00:00,4.7,21,997.7,64.2,3.1,76,0.0,11
2017-11-24 13:00:00,4.3,56,997.7,118.0,4.2,71,431.0,11
2017-11-24 14:00:00,4.7,58,997.9,96.5,3.7,69,364.9999,11
2017-11-24 15:00:00,5.2,54,998.4,38.5,3.3,73,287.3333,11
2017-11-24 16:00:00,4.3,4,998.8,0.2,3.1,73,40.6667,11
2017-11-24 17:00:00,4.8,0,999.3,0.0,3.1,73,0.0,11
2017-11-24 18:00:00,3.0,0,999.6,0.0,2.8,76,0.0,11
2017-11-24 19:00:00,3.5,0,1000.0,0.0,2.9,76,0.0,11
2017-11-24 20:00:00,3.3,0,1000.6,0.0,2.0,80,0.0,11
2017-11-24 21:00:00,3.3,0,1000.9,0.0,1.4,84,0.0,11
2017-11-24 22:00:00,2.5,0,1001.6,0.0,1.5,78,0.0,11
2017-11-24 23:00:00,2.6,0,1001.4,0.0,1.3,78,0.0,11
2017-11-25 00:00:00,3.0,0,1001.7,0.0,1.0,80,0.0,11
2017-11-25 01:00:00,2.4,0,1002.0,0.0,0.3,82,0.0,11
2017-11-25 02:00:00,2.8,0,1002.0,0.0,0.3,81,0.0,11
2017-11-25 03:00:00,2.5,0,1002.0,0.0,0.6,83,0.0,11
2017-11-25 04:00:00,0.4,0,1001.2,0.0,-0.7,89,0.0,11
2017-11-25 05:00:00,0.5,0,1000.8,0.0,0.1,90,0.0,11
2017-11-25 06:00:00,1.7,0,1000.2,0.0,1.1,90,0.0,11
2017-11-25 07:00:00,1.8,0,1000.2,0.0,1.8,87,0.0,11
2017-11-25 08:00:00,2.6,0,1000.2,0.0,1.4,86,0.0,11
2017-11-25 09:00:00,2.2,0,1000.3,0.0,1.2,86,0.0,11
2017-11-25 10:00:00,2.4,36,1000.3,26.9,0.9,88,0.0,11
2017-11-25 11:00:00,2.5,49,1000.7,90.8,2.0,85,93.5,11
2017-11-25 12:00:00,2.6,15,1000.4,80.4,1.8,83,1559.3334,11
2017-11-25 13:00:00,1.7,41,1000.1,126.0,2.1,79,743.6666,11
2017-11-25 14:00:00,1.6,60,1000.3,100.7,1.9,81,865.3333,11
2017-11-25 15:00:00,0.8,54,1000.2,42.3,1.4,85,410.6666,11
2017-11-25 16:00:00,1.7,16,1000.4,0.5,0.7,89,29.0,11
2017-11-25 17:00:00,1.2,0,1000.8,0.0,1.0,90,0.0,11
2017-11-25 18:00:00,1.7,0,1001.0,0.0,0.3,92,0.0,11
2017-11-25 19:00:00,0.9,0,1000.9,0.0,0.5,92,0.0,11
2017-11-25 20:00:00,0.6,0,1001.1,0.0,0.2,93,0.0,11
2017-11-25 21:00:00,1.4,0,1001.0,0.0,0.5,94,0.0,11
2017-11-25 22:00:00,1.4,0,1000.9,0.0,0.7,93,0.0,11
2017-11-25 23:00:00,1.4,0,1000.7,0.0,0.7,94,0.0,11
2017-11-26 00:00:00,0.6,0,1000.8,0.0,0.5,94,0.0,11
2017-11-26 01:00:00,0.7,0,1000.6,0.0,0.0,95,0.0,11
2017-11-26 02:00:00,0.8,0,1000.3,0.0,0.6,96,0.0,11
2017-11-26 03:00:00,0.6,0,999.9,0.0,0.7,96,0.0,11
2017-11-26 04:00:00,0.5,0,999.4,0.0,0.8,95,0.0,11
2017-11-26 05:00:00,0.6,0,998.8,0.0,1.1,95,0.0,11
2017-11-26 06:00:00,1.8,0,998.3,0.0,1.8,95,0.0,11
2017-11-26 07:00:00,2.8,0,998.3,0.0,1.7,95,0.0,11
2017-11-26 08:00:00,1.1,0,998.3,0.0,1.5,97,0.0,11
2017-11-26 09:00:00,1.2,0,998.1,0.0,1.7,97,0.0,11
2017-11-26 10:00:00,1.6,0,997.9,0.0,2.1,97,0.0,11
2017-11-26 11:00:00,0.7,0,997.8,21.4,2.6,97,0.0,11
2017-11-26 12:00:00,1.3,0,997.4,18.4,2.8,95,595.6666,11
2017-11-26 13:00:00,2.5,0,996.8,26.5,3.5,95,593.6667,11
2017-11-26 14:00:00,0.9,0,996.5,15.2,3.6,94,603.3333,11
2017-11-26 15:00:00,2.4,0,996.5,4.9,3.5,94,181.6667,11
2017-11-26 16:00:00,1.5,0,996.5,0.0,3.2,94,7.6667,11
2017-11-26 17:00:00,2.5,0,996.6,0.0,2.8,94,0.0,11
2017-11-26 18:00:00,3.1,0,997.0,0.0,2.4,93,0.0,11
2017-11-26 19:00:00,3.0,0,997.3,0.0,2.0,93,0.0,11
2017-11-26 20:00:00,2.2,0,998.1,0.0,2.1,90,0.0,11
2017-11-26 21:00:00,0.5,0,998.6,0.0,2.1,92,0.0,11
2017-11-26 22:00:00,1.1,0,999.2,0.0,2.2,91,0.0,11
2017-11-26 23:00:00,3.0,0,999.7,0.0,2.1,85,0.0,11
2017-11-27 00:00:00,2.2,0,1000.2,0.0,1.8,85,0.0,11
2017-11-27 01:00:00,1.9,0,1000.6,0.0,1.6,85,0.0,11
2017-11-27 02:00:00,0.9,0,1001.2,0.0,1.1,88,0.0,11
2017-11-27 03:00:00,3.0,0,1001.5,0.0,1.7,82,0.0,11
2017-11-27 04:00:00,2.8,0,1001.8,0.0,1.0,82,0.0,11
2017-11-27 05:00:00,1.8,0,1002.6,0.0,0.4,87,0.0,11
2017-11-27 06:00:00,1.1,0,1002.4,0.0,0.2,88,0.0,11
2017-11-27 07:00:00,1.3,0,1002.5,0.0,0.1,88,0.0,11
2017-11-27 08:00:00,2.3,0,1002.8,0.0,0.6,86,0.0,11
2017-11-27 09:00:00,1.8,0,1003.1,0.0,0.6,85,0.0,11
2017-11-27 10:00:00,1.3,0,1003.0,17.7,0.7,83,0.0,11
2017-11-27 11:00:00,1.1,0,1003.2,26.4,1.0,84,311.0001,11
2017-11-27 12:00:00,1.5,0,1003.0,24.8,0.5,89,352.6667,11
2017-11-27 13:00:00,2.1,0,1002.7,42.6,0.5,87,614.6667,11
2017-11-27 14:00:00,2.1,0,1002.4,23.1,0.6,84,506.6667,11
2017-11-27 15:00:00,2.9,0,1001.8,3.1,0.0,90,61.0,11
2017-11-27 16:00:00,3.5,0,1001.7,0.0,-0.2,89,0.0,11
2017-11-27 17:00:00,3.0,0,1001.5,0.0,-0.3,88,0.0,11
2017-11-27 18:00:00,4.5,0,1000.9,0.0,-0.4,88,0.0,11
2017-11-27 19:00:00,6.2,0,1000.5,0.0,-0.5,89,0.0,11
2017-11-27 20:00:00,5.9,0,1000.3,0.0,-0.3,87,0.0,11
2017-11-27 21:00:00,6.8,0,1000.1,0.0,-0.3,86,0.0,11
2017-11-27 22:00:00,7.9,0,999.8,0.0,-0.3,85,0.0,11
2017-11-27 23:00:00,7.5,0,999.4,0.0,-0.5,86,0.0,11
2017-11-28 00:00:00,7.9,0,999.1,0.0,-0.6,86,0.0,11
2017-11-28 01:00:00,7.8,0,998.8,0.0,-0.5,84,0.0,11
2017-11-28 02:00:00,8.9,0,998.6,0.0,-0.6,84,0.0,11
2017-11-28 03:00:00,8.9,0,998.5,0.0,-0.7,82,0.0,11
2017-11-28 04:00:00,9.5,0,998.6,0.0,-0.8,83,0.0,11
2017-11-28 05:00:00,9.1,0,998.4,0.0,-0.8,83,0.0,11
2017-11-28 06:00:00,10.0,0,998.5,0.0,-1.1,87,0.0,11
2017-11-28 07:00:00,8.6,0,998.8,0.0,-1.0,84,0.0,11
2017-11-28 08:00:00,8.6,0,999.2,0.0,-1.0,85,0.0,11
2017-11-28 09:00:00,9.2,0,999.7,0.0,-0.8,83,0.0,11
2017-11-28 10:00:00,9.1,0,999.9,19.8,-0.5,80,0.0,11
2017-11-28 11:00:00,8.4,0,1000.2,25.1,-0.3,81,0.0,11
2017-11-28 12:00:00,7.5,0,1000.2,33.4,-0.5,85,0.0,11
2017-11-28 13:00:00,9.2,0,1000.3,27.6,-0.2,82,0.0,11
2017-11-28 14:00:00,8.9,0,1000.3,28.4,-0.2,83,0.0,11
2017-11-28 15:00:00,8.3,0,1000.5,19.8,-0.3,83,0.0,11
2017-11-28 16:00:00,8.2,0,1000.7,0.7,-0.1,78,0.0,11
2017-11-28 17:00:00,6.0,0,1001.0,0.0,-0.6,83,0.0,11
2017-11-28 18:00:00,8.3,0,1001.0,0.0,-0.5,81,0.0,11
2017-11-28 19:00:00,7.7,0,1001.1,0.0,-0.5,82,0.0,11
2017-11-28 20:00:00,8.2,0,1001.0,0.0,-0.3,82,0.0,11
2017-11-28 21:00:00,5.8,0,1001.0,0.0,0.0,85,0.0,11
2017-11-28 22:00:00,5.7,0,1001.2,0.0,0.1,84,0.0,11
2017-11-28 23:00:00,5.6,0,1001.4,0.0,0.1,83,0.0,11
2017-11-29 00:00:00,4.7,0,1001.4,0.0,0.1,83,0.0,11
2017-11-29 01:00:00,6.2,0,1001.5,0.0,0.1,80,0.0,11
2017-11-29 02:00:00,7.5,0,1001.8,0.0,0.1,80,0.0,11
2017-11-29 03:00:00,7.2,0,1001.5,0.0,0.2,77,0.0,11
2017-11-29 04:00:00,8.2,0,1001.2,0.0,0.5,80,0.0,11
2017-11-29 05:00:00,6.6,0,1001.3,0.0,0.5,79,0.0,11
2017-11-29 06:00:00,6.6,0,1001.3,0.0,0.4,79,0.0,11
2017-11-29 07:00:00,6.8,0,1001.6,0.0,0.2,77,0.0,11
2017-11-29 08:00:00,6.4,0,1001.6,0.0,-0.1,75,0.0,11
2017-11-29 09:00:00,4.8,0,1002.0,0.0,-0.2,73,0.0,11
2017-11-29 10:00:00,5.9,11,1002.3,29.2,0.2,72,0.0,11
2017-11-29 11:00:00,5.0,1,1002.5,82.9,0.2,70,0.0,11
2017-11-29 12:00:00,3.4,1,1002.3,88.4,0.5,68,0.0,11
2017-11-29 13:00:00,3.2,4,1002.3,75.5,0.3,69,0.0,11
2017-11-29 14:00:00,3.2,0,1002.1,54.0,-0.3,71,0.0,11
2017-11-29 15:00:00,3.0,24,1002.0,36.8,-0.6,70,0.0,11
2017-11-29 16:00:00,3.1,0,1002.0,0.5,-0.9,72,0.0,11
2017-11-29 17:00:00,3.5,0,1002.0,0.0,-0.7,72,0.0,11
2017-11-29 18:00:00,3.5,0,1001.9,0.0,-0.7,71,0.0,11
2017-11-29 19:00:00,2.0,0,1002.1,0.0,-0.9,74,0.0,11
2017-11-29 20:00:00,2.6,0,1002.0,0.0,-0.8,74,0.0,11
2017-11-29 21:00:00,3.2,0,1002.0,0.0,-0.8,74,0.0,11
2017-11-29 22:00:00,4.0,0,1002.2,0.0,-1.2,81,0.0,11
2017-11-29 23:00:00,4.4,0,1002.3,0.0,-1.4,82,0.0,11
2017-11-30 00:00:00,4.5,0,1002.1,0.0,-1.1,78,0.0,11
2017-11-30 01:00:00,4.0,0,1002.2,0.0,-1.2,79,0.0,11
2017-11-30 02:00:00,3.4,0,1002.1,0.0,-1.1,78,0.0,11
2017-11-30 03:00:00,3.0,0,1002.2,0.0,-1.1,77,0.0,11
2017-11-30 04:00:00,3.5,0,1002.4,0.0,-1.2,77,0.0,11
2017-11-30 05:00:00,3.2,0,1002.6,0.0,-1.3,80,0.0,11
2017-11-30 06:00:00,3.3,0,1002.8,0.0,-1.1,77,0.0,11
2017-11-30 07:00:00,1.9,0,1003.2,0.0,-1.0,75,0.0,11
2017-11-30 08:00:00,4.2,0,1004.0,0.0,-0.8,74,0.0,11
2017-11-30 09:00:00,4.5,0,1004.7,0.0,-0.6,71,0.0,11
2017-11-30 10:00:00,5.3,0,1005.3,5.2,-0.7,72,0.0,11
2017-11-30 11:00:00,4.5,0,1006.2,15.0,-0.8,73,0.0,11
2017-11-30 12:00:00,7.0,0,1006.7,31.3,-0.7,74,0.0,11
2017-11-30 13:00:00,5.0,0,1007.5,44.1,-0.7,76,0.0,11
2017-11-30 14:00:00,5.6,0,1007.9,22.5,-0.6,74,0.0,11
2017-11-30 15:00:00,5.9,0,1008.5,3.1,-0.4,73,0.0,11
2017-11-30 16:00:00,6.6,0,1009.7,0.0,-0.4,74,0.0,11
2017-11-30 17:00:00,5.9,0,1010.8,0.0,-0.6,78,0.0,11
2017-11-30 18:00:00,4.3,0,1011.9,0.0,-0.1,73,0.0,11
2017-11-30 19:00:00,4.2,0,1012.9,0.0,0.1,71,0.0,11
2017-11-30 20:00:00,4.6,0,1013.6,0.0,0.2,69,0.0,11
2017-11-30 21:00:00,3.2,0,1014.3,0.0,0.2,69,0.0,11
2017-11-30 22:00:00,2.0,0,1015.2,0.0,0.1,68,0.0,11
2017-11-30 23:00:00,1.8,0,1016.0,0.0,-0.1,71,0.0,11
2017-12-01 00:00:00,2.6,0,1016.3,0.0,-0.2,70,0.0,12
2017-12-01 01:00:00,3.0,0,1016.7,0.0,-0.4,70,0.0,12
2017-12-01 02:00:00,2.7,0,1017.0,0.0,-0.6,69,0.0,12
2017-12-01 03:00:00,0.9,0,1017.2,0.0,-0.7,68,0.0,12
2017-12-01 04:00:00,1.6,0,1017.5,0.0,-0.8,67,0.0,12
2017-12-01 05:00:00,1.7,0,1018.0,0.0,-1.2,66,0.0,12
2017-12-01 06:00:00,2.2,0,1018.2,0.0,-1.4,66,0.0,12
2017-12-01 07:00:00,2.3,0,1018.4,0.0,-2.2,68,0.0,12
2017-12-01 08:00:00,2.8,0,1018.3,0.0,-2.6,70,0.0,12
2017-12-01 09:00:00,0.5,0,1018.4,0.0,-3.5,75,0.0,12
2017-12-01 10:00:00,0.6,33,1018.9,20.8,-3.3,74,0.0,12
2017-12-01 11:00:00,1.5,60,1018.7,76.1,-1.0,64,0.0,12
2017-12-01 12:00:00,0.7,60,1018.2,110.6,-0.7,62,383.0,12
2017-12-01 13:00:00,2.0,60,1017.9,114.8,0.7,58,426.3333,12
2017-12-01 14:00:00,2.3,60,1018.1,85.1,-0.4,61,62.6667,12
2017-12-01 15:00:00,3.3,60,1018.0,35.4,-0.9,61,0.0,12
2017-12-01 16:00:00,1.3,3,1017.8,0.0,-2.5,67,0.0,12
2017-12-01 17:00:00,1.9,0,1017.8,0.0,-3.0,68,0.0,12
2017-12-01 18:00:00,3.4,0,1017.6,0.0,-3.8,71,0.0,12
2017-12-01 19:00:00,1.7,0,1017.7,0.0,-4.9,73,0.0,12
2017-12-01 20:00:00,1.3,0,1017.7,0.0,-5.5,74,0.0,12
2017-12-01 21:00:00,1.9,0,1017.7,0.0,-6.4,79,0.0,12
2017-12-01 22:00:00,1.8,0,1017.6,0.0,-7.0,81,0.0,12
2017-12-01 23:00:00,1.7,0,1017.4,0.0,-7.2,81,0.0,12
2017-12-02 00:00:00,2.2,0,1017.2,0.0,-7.0,80,0.0,12
2017-12-02 01:00:00,1.9,0,1016.9,0.0,-6.7,81,0.0,12
2017-12-02 02:00:00,1.8,0,1016.5,0.0,-7.3,84,0.0,12
2017-12-02 03:00:00,2.1,0,1016.4,0.0,-7.6,86,0.0,12
2017-12-02 04:00:00,2.0,0,1015.7,0.0,-6.6,82,0.0,12
2017-12-02 05:00:00,1.7,0,1015.5,0.0,-5.8,83,0.0,12
2017-12-02 06:00:00,1.1,0,1015.0,0.0,-5.5,83,0.0,12
2017-12-02 07:00:00,0.3,0,1014.4,0.0,-5.1,84,0.0,12
2017-12-02 08:00:00,1.0,0,1014.2,0.0,-5.3,86,0.0,12
2017-12-02 09:00:00,0.7,0,1014.2,0.0,-5.5,87,0.0,12
2017-12-02 10:00:00,1.0,0,1014.0,8.3,-4.9,84,0.0,12
2017-12-02 11:00:00,0.1,0,1013.7,29.5,-3.9,82,0.0,12
2017-12-02 12:00:00,0.5,0,1013.4,32.6,-3.3,82,0.0,12
2017-12-02 13:00:00,0.9,0,1012.4,30.8,-3.0,83,0.0,12
2017-12-02 14:00:00,1.1,0,1012.1,19.3,-2.5,87,0.0,12
2017-12-02 15:00:00,1.0,0,1011.3,7.8,-2.7,87,0.0,12
2017-12-02 16:00:00,1.0,0,1010.7,0.0,-2.7,89,0.0,12
2017-12-02 17:00:00,0.4,0,1010.0,0.0,-2.6,89,0.0,12
2017-12-02 18:00:00,0.6,0,1009.8,0.0,-2.8,90,0.0,12
2017-12-02 19:00:00,1.0,0,1009.4,0.0,-2.8,91,0.0,12
2017-12-02 20:00:00,1.3,0,1008.9,0.0,-2.7,91,0.0,12
2017-12-02 21:00:00,2.8,0,1008.4,0.0,-2.7,89,0.0,12
2017-12-02 22:00:00,2.1,0,1007.6,0.0,-3.1,89,0.0,12
2017-12-02 23:00:00,2.0,0,1007.2,0.0,-3.6,90,0.0,12
2017-12-03 00:00:00,3.3,0,1006.7,0.0,-3.4,90,0.0,12
2017-12-03 01:00:00,1.4,0,1006.8,0.0,-2.7,91,0.0,12
2017-12-03 02:00:00,2.1,0,1006.4,0.0,-2.8,93,0.0,12
2017-12-03 03:00:00,0.7,0,1006.3,0.0,-2.8,95,0.0,12
2017-12-03 04:00:00,0.8,0,1005.9,0.0,-2.9,97,0.0,12
2017-12-03 05:00:00,0.7,0,1005.4,0.0,-3.6,97,0.0,12
2017-12-03 06:00:00,0.6,0,1005.4,0.0,-4.0,97,0.0,12
2017-12-03 07:00:00,1.4,0,1005.2,0.0,-3.7,97,0.0,12
2017-12-03 08:00:00,0.8,0,1005.4,0.0,-4.2,96,0.0,12
2017-12-03 09:00:00,1.0,0,1005.9,0.0,-4.4,95,0.0,12
2017-12-03 10:00:00,1.3,0,1006.4,8.5,-4.4,94,0.0,12
2017-12-03 11:00:00,1.1,49,1006.4,62.7,-2.3,95,0.0,12
2017-12-03 12:00:00,1.1,60,1006.6,101.2,-1.2,94,443.3333,12
2017-12-03 13:00:00,1.2,60,1006.8,105.5,0.6,89,581.0,12
2017-12-03 14:00:00,1.6,60,1007.0,81.5,1.5,76,172.3333,12
2017-12-03 15:00:00,0.9,60,1007.3,32.6,0.5,77,46.6667,12
2017-12-03 16:00:00,0.6,10,1008.2,0.0,-0.5,81,0.0,12
2017-12-03 17:00:00,0.4,0,1008.7,0.0,-1.6,78,0.0,12
2017-12-03 18:00:00,1.2,0,1009.3,0.0,-2.5,82,0.0,12
2017-12-03 19:00:00,1.9,0,1009.9,0.0,-1.8,77,0.0,12
2017-12-03 20:00:00,1.3,0,1010.4,0.0,-2.7,80,0.0,12
2017-12-03 21:00:00,2.3,0,1010.9,0.0,-2.9,80,0.0,12
2017-12-03 22:00:00,1.9,0,1011.3,0.0,-2.5,79,0.0,12
2017-12-03 23:00:00,1.6,0,1011.8,0.0,-3.8,84,0.0,12
2017-12-04 00:00:00,0.3,0,1012.3,0.0,-3.0,82,0.0,12
2017-12-04 01:00:00,1.4,0,1012.7,0.0,-3.1,82,0.0,12
2017-12-04 02:00:00,1.2,0,1012.7,0.0,-3.1,82,0.0,12
2017-12-04 03:00:00,2.4,0,1013.1,0.0,-2.8,80,0.0,12
2017-12-04 04:00:00,1.2,0,1013.2,0.0,-3.8,84,0.0,12
2017-12-04 05:00:00,0.8,0,1013.7,0.0,-4.0,85,0.0,12
2017-12-04 06:00:00,0.8,0,1013.9,0.0,-4.1,87,0.0,12
2017-12-04 07:00:00,1.6,0,1014.3,0.0,-4.0,87,0.0,12
2017-12-04 08:00:00,2.3,0,1015.0,0.0,-3.8,82,0.0,12
2017-12-04 09:00:00,0.8,0,1015.8,0.0,-4.2,86,0.0,12
2017-12-04 10:00:00,1.2,29,1016.5,16.2,-4.2,87,0.0,12
2017-12-04 11:00:00,0.6,60,1016.7,65.8,-2.1,80,0.0,12
2017-12-04 12:00:00,0.7,60,1016.8,99.8,-0.8,73,524.3334,12
2017-12-04 13:00:00,0.4,58,1017.0,87.6,-0.2,72,647.0001,12
2017-12-04 14:00:00,1.6,8,1017.2,41.4,-1.0,76,268.3334,12
2017-12-04 15:00:00,1.2,0,1017.2,4.2,-1.3,78,51.3333,12
2017-12-04 16:00:00,0.4,0,1017.1,0.0,-1.9,80,0.0,12
2017-12-04 17:00:00,1.8,0,1017.4,0.0,-2.1,79,0.0,12
2017-12-04 18:00:00,1.7,0,1017.5,0.0,-2.5,80,0.0,12
2017-12-04 19:00:00,1.5,0,1017.5,0.0,-3.0,81,0.0,12
2017-12-04 20:00:00,0.8,0,1017.4,0.0,-3.2,81,0.0,12
2017-12-04 21:00:00,1.5,0,1017.1,0.0,-2.8,80,0.0,12
2017-12-04 22:00:00,1.7,0,1016.6,0.0,-2.8,80,0.0,12
2017-12-04 23:00:00,1.6,0,1016.2,0.0,-2.5,81,0.0,12
2017-12-05 00:00:00,1.5,0,1015.5,0.0,-2.1,80,0.0,12
2017-12-05 01:00:00,2.1,0,1014.8,0.0,-1.8,78,0.0,12
2017-12-05 02:00:00,0.2,0,1013.8,0.0,-2.4,83,0.0,12
2017-12-05 03:00:00,0.5,0,1013.1,0.0,-3.1,84,0.0,12
2017-12-05 04:00:00,0.6,0,1012.4,0.0,-4.1,88,0.0,12
2017-12-05 05:00:00,0.5,0,1011.4,0.0,-4.3,88,0.0,12
2017-12-05 06:00:00,0.2,0,1010.9,0.0,-4.8,90,0.0,12
2017-12-05 07:00:00,0.3,0,1010.0,0.0,-4.9,91,0.0,12
2017-12-05 08:00:00,2.4,0,1009.8,0.0,-4.7,89,0.0,12
2017-12-05 09:00:00,2.4,0,1009.2,0.0,-4.6,90,0.0,12
2017-12-05 10:00:00,2.1,0,1008.5,7.9,-4.0,89,0.0,12
2017-12-05 11:00:00,0.8,0,1007.5,27.4,-3.2,89,0.0,12
2017-12-05 12:00:00,0.9,0,1006.6,42.0,-1.7,87,261.6667,12
2017-12-05 13:00:00,2.2,42,1006.5,62.8,-0.2,83,569.3333,12
2017-12-05 14:00:00,1.2,51,1006.4,67.4,0.7,82,428.6667,12
2017-12-05 15:00:00,5.6,24,1007.3,23.0,0.7,83,170.6666,12
2017-12-05 16:00:00,4.6,0,1008.3,0.0,2.1,80,0.0,12
2017-12-05 17:00:00,2.0,0,1009.3,0.0,1.8,78,0.0,12
2017-12-05 18:00:00,1.6,0,1010.1,0.0,1.3,82,0.0,12
2017-12-05 19:00:00,2.6,0,1010.6,0.0,2.1,74,0.0,12
2017-12-05 20:00:00,3.0,0,1011.0,0.0,2.7,66,0.0,12
2017-12-05 21:00:00,2.2,0,1011.1,0.0,2.5,67,0.0,12
2017-12-05 22:00:00,1.2,0,1011.0,0.0,1.8,75,0.0,12
2017-12-05 23:00:00,2.6,0,1010.9,0.0,2.9,62,0.0,12
2017-12-06 00:00:00,1.3,0,1011.1,0.0,2.3,67,0.0,12
2017-12-06 01:00:00,1.0,0,1010.9,0.0,1.2,77,0.0,12
2017-12-06 02:00:00,0.6,0,1011.0,0.0,1.1,78,0.0,12
2017-12-06 03:00:00,0.1,0,1010.9,0.0,0.4,90,0.0,12
2017-12-06 04:00:00,1.1,0,1010.5,0.0,0.2,95,0.0,12
2017-12-06 05:00:00,0.9,0,1009.8,0.0,0.2,96,0.0,12
2017-12-06 06:00:00,1.5,0,1009.8,0.0,0.2,97,0.0,12
2017-12-06 07:00:00,1.5,0,1009.5,0.0,0.2,97,0.0,12
2017-12-06 08:00:00,2.6,0,1009.4,0.0,0.3,95,0.0,12
2017-12-06 09:00:00,2.5,0,1009.6,0.0,0.3,94,0.0,12
2017-12-06 10:00:00,2.0,0,1009.5,0.0,0.1,93,0.0,12
2017-12-06 11:00:00,1.8,0,1009.1,19.8,0.3,94,0.0,12
2017-12-06 12:00:00,1.9,0,1009.0,20.5,0.4,92,0.0,12
2017-12-06 13:00:00,2.0,0,1008.3,25.1,0.4,94,0.0,12
2017-12-06 14:00:00,1.3,0,1008.0,13.4,0.4,93,0.0,12
2017-12-06 15:00:00,1.2,0,1007.3,0.0,0.4,94,0.0,12
2017-12-06 16:00:00,1.3,0,1007.0,0.0,0.4,94,0.0,12
2017-12-06 17:00:00,1.7,0,1006.8,0.0,0.3,96,0.0,12
2017-12-06 18:00:00,1.6,0,1005.9,0.0,0.2,97,0.0,12
2017-12-06 19:00:00,1.2,0,1005.2,0.0,0.3,97,0.0,12
2017-12-06 20:00:00,0.7,0,1004.4,0.0,0.4,97,0.0,12
2017-12-06 21:00:00,0.8,0,1003.3,0.0,0.4,98,0.0,12
2017-12-06 22:00:00,1.5,0,1002.4,0.0,0.4,98,0.0,12
2017-12-06 23:00:00,0.4,0,1001.6,0.0,0.4,98,0.0,12
2017-12-07 00:00:00,1.8,0,1000.4,0.0,0.5,99,0.0,12
2017-12-07 01:00:00,0.8,0,999.7,0.0,0.6,99,0.0,12
2017-12-07 02:00:00,1.0,0,998.9,0.0,0.8,99,0.0,12
2017-12-07 03:00:00,0.9,0,997.9,0.0,0.8,99,0.0,12
2017-12-07 04:00:00,1.1,0,996.5,0.0,1.1,99,0.0,12
2017-12-07 05:00:00,1.0,0,995.2,0.0,1.3,99,0.0,12
2017-12-07 06:00:00,2.5,0,993.8,0.0,2.4,99,0.0,12
2017-12-07 07:00:00,1.6,0,992.9,0.0,3.3,99,0.0,12
2017-12-07 08:00:00,1.9,0,991.8,0.0,3.5,99,0.0,12
2017-12-07 09:00:00,2.4,0,990.4,0.0,4.1,99,0.0,12
2017-12-07 10:00:00,4.6,0,988.8,0.0,6.0,100,0.0,12
2017-12-07 11:00:00,5.2,0,987.0,0.0,6.3,99,0.0,12
2017-12-07 12:00:00,5.0,0,985.7,0.7,6.8,98,0.0,12
2017-12-07 13:00:00,4.1,0,984.2,0.5,7.2,98,0.0,12
2017-12-07 14:00:00,4.7,0,982.6,0.4,7.6,96,0.0,12
2017-12-07 15:00:00,6.5,0,980.9,0.0,8.1,93,0.0,12
2017-12-07 16:00:00,6.6,0,980.3,0.0,8.4,91,0.0,12
2017-12-07 17:00:00,5.4,0,979.9,0.0,7.9,88,0.0,12
2017-12-07 18:00:00,4.9,0,979.9,0.0,7.1,84,0.0,12
2017-12-07 19:00:00,7.3,0,979.6,0.0,6.0,79,0.0,12
2017-12-07 20:00:00,7.1,0,978.7,0.0,6.0,75,0.0,12
2017-12-07 21:00:00,7.5,0,977.9,0.0,6.0,70,0.0,12
2017-12-07 22:00:00,8.8,0,976.7,0.0,5.7,68,0.0,12
2017-12-07 23:00:00,7.5,0,975.5,0.0,5.8,68,0.0,12
2017-12-08 00:00:00,6.6,0,974.3,0.0,5.8,72,0.0,12
2017-12-08 01:00:00,7.8,0,973.2,0.0,5.6,70,0.0,12
2017-12-08 02:00:00,5.8,0,972.9,0.0,5.1,70,0.0,12
2017-12-08 03:00:00,4.5,0,972.9,0.0,4.3,74,0.0,12
2017-12-08 04:00:00,4.0,0,972.8,0.0,3.8,76,0.0,12
2017-12-08 05:00:00,4.3,0,972.8,0.0,4.6,64,0.0,12
2017-12-08 06:00:00,6.3,0,972.1,0.0,4.7,60,0.0,12
2017-12-08 07:00:00,5.9,0,972.0,0.0,4.5,62,0.0,12
2017-12-08 08:00:00,5.4,0,972.3,0.0,4.3,63,0.0,12
2017-12-08 09:00:00,3.3,0,972.8,0.0,4.6,64,0.0,12
2017-12-08 10:00:00,3.0,0,973.2,2.0,4.2,67,0.0,12
2017-12-08 11:00:00,3.8,0,973.6,27.9,5.2,62,98.6667,12
2017-12-08 12:00:00,4.0,0,974.1,16.8,5.5,58,405.0,12
2017-12-08 13:00:00,3.1,0,974.6,25.9,5.5,57,362.0,12
2017-12-08 14:00:00,4.5,0,975.4,22.9,5.3,58,331.9999,12
2017-12-08 15:00:00,3.7,0,976.1,4.0,5.2,56,69.6666,12
2017-12-08 16:00:00,3.9,0,976.9,0.0,5.3,50,0.0,12
2017-12-08 17:00:00,3.5,0,977.2,0.0,4.4,54,0.0,12
2017-12-08 18:00:00,1.4,0,977.6,0.0,3.7,55,0.0,12
2017-12-08 19:00:00,2.8,0,978.2,0.0,3.2,58,0.0,12
2017-12-08 20:00:00,1.6,0,978.6,0.0,1.7,63,0.0,12
2017-12-08 21:00:00,0.3,0,979.4,0.0,0.3,72,0.0,12
2017-12-08 22:00:00,1.1,0,979.9,0.0,-0.2,74,0.0,12
2017-12-08 23:00:00,0.5,0,980.6,0.0,1.1,70,0.0,12
2017-12-09 00:00:00,0.6,0,981.3,0.0,1.8,67,0.0,12
2017-12-09 01:00:00,0.4,0,981.6,0.0,1.4,70,0.0,12
2017-12-09 02:00:00,0.6,0,982.1,0.0,1.4,70,0.0,12
2017-12-09 03:00:00,1.0,0,982.6,0.0,1.4,69,0.0,12
2017-12-09 04:00:00,0.4,0,983.1,0.0,1.6,65,0.0,12
2017-12-09 05:00:00,2.3,0,983.3,0.0,2.3,55,0.0,12
2017-12-09 06:00:00,1.3,0,983.8,0.0,2.2,56,0.0,12
2017-12-09 07:00:00,2.3,0,984.0,0.0,2.6,55,0.0,12
2017-12-09 08:00:00,0.5,0,984.7,0.0,1.7,62,0.0,12
2017-12-09 09:00:00,1.0,0,985.6,0.0,2.1,57,0.0,12
2017-12-09 10:00:00,3.0,0,986.1,0.0,3.6,50,0.0,12
2017-12-09 11:00:00,2.4,0,986.4,25.0,3.6,50,54.6667,12
2017-12-09 12:00:00,1.3,3,986.8,55.7,3.8,49,675.0,12
2017-12-09 13:00:00,2.8,8,987.1,59.2,4.0,44,749.0,12
2017-12-09 14:00:00,2.1,16,987.2,44.2,3.7,44,398.0,12
2017-12-09 15:00:00,1.7,27,987.4,26.2,3.5,45,172.0,12
2017-12-09 16:00:00,1.5,0,987.6,0.0,2.4,48,0.0,12
2017-12-09 17:00:00,2.2,0,987.6,0.0,2.7,45,0.0,12
2017-12-09 18:00:00,1.0,0,987.6,0.0,0.7,56,0.0,12
2017-12-09 19:00:00,2.2,0,988.0,0.0,-1.2,66,0.0,12
2017-12-09 20:00:00,1.5,0,988.2,0.0,-1.8,68,0.0,12
2017-12-09 21:00:00,1.4,0,988.3,0.0,-2.7,75,0.0,12
2017-12-09 22:00:00,1.1,0,988.2,0.0,-2.9,76,0.0,12
2017-12-09 23:00:00,2.7,0,988.0,0.0,-3.1,74,0.0,12
2017-12-10 00:00:00,1.5,0,988.1,0.0,-3.6,75,0.0,12
2017-12-10 01:00:00,1.1,0,987.8,0.0,-4.2,80,0.0,12
2017-12-10 02:00:00,2.0,0,987.5,0.0,-4.6,80,0.0,12
2017-12-10 03:00:00,1.7,0,987.4,0.0,-4.5,77,0.0,12
2017-12-10 04:00:00,0.8,0,987.3,0.0,-5.1,80,0.0,12
2017-12-10 05:00:00,2.5,0,986.8,0.0,-5.4,80,0.0,12
2017-12-10 06:00:00,0.2,0,986.9,0.0,-6.6,85,0.0,12
2017-12-10 07:00:00,1.4,0,986.7,0.0,-6.4,84,0.0,12
2017-12-10 08:00:00,3.2,0,986.3,0.0,-5.5,79,0.0,12
2017-12-10 09:00:00,1.3,0,986.5,0.0,-6.4,84,0.0,12
2017-12-10 10:00:00,0.5,34,986.6,11.2,-6.6,83,0.0,12
2017-12-10 11:00:00,0.8,60,986.3,56.7,-4.1,76,0.0,12
2017-12-10 12:00:00,0.9,60,985.7,86.2,-3.8,75,1068.3334,12
2017-12-10 13:00:00,2.1,60,985.3,92.6,-2.5,74,1976.3333,12
2017-12-10 14:00:00,1.8,60,985.3,69.1,-3.0,75,445.6667,12
2017-12-10 15:00:00,2.2,29,985.4,16.2,-3.9,79,170.3333,12
2017-12-10 16:00:00,3.8,0,985.4,0.0,-4.5,82,0.0,12
2017-12-10 17:00:00,2.6,0,985.9,0.0,-4.7,83,0.0,12
2017-12-10 18:00:00,3.3,0,986.1,0.0,-5.1,84,0.0,12
2017-12-10 19:00:00,2.1,0,986.6,0.0,-4.7,84,0.0,12
2017-12-10 20:00:00,2.9,0,986.9,0.0,-4.0,84,0.0,12
2017-12-10 21:00:00,2.6,0,987.2,0.0,-3.5,83,0.0,12
2017-12-10 22:00:00,3.0,0,987.6,0.0,-3.5,83,0.0,12
2017-12-10 23:00:00,4.6,0,987.6,0.0,-3.2,83,0.0,12
2017-12-11 00:00:00,3.6,0,987.9,0.0,-2.9,84,0.0,12
2017-12-11 01:00:00,2.1,0,988.2,0.0,-2.8,84,0.0,12
2017-12-11 02:00:00,3.9,0,988.8,0.0,-2.7,81,0.0,12
2017-12-11 03:00:00,2.6,0,989.5,0.0,-2.5,82,0.0,12
2017-12-11 04:00:00,2.8,0,990.3,0.0,-2.5,83,0.0,12
2017-12-11 05:00:00,2.5,0,990.6,0.0,-2.4,84,0.0,12
2017-12-11 06:00:00,2.1,0,991.4,0.0,-2.5,87,0.0,12
2017-12-11 07:00:00,2.1,0,992.1,0.0,-2.4,83,0.0,12
2017-12-11 08:00:00,2.9,0,993.0,0.0,-2.2,83,0.0,12
2017-12-11 09:00:00,2.6,0,993.8,0.0,-2.1,83,0.0,12
2017-12-11 10:00:00,2.7,0,994.3,0.3,-1.9,82,0.0,12
2017-12-11 11:00:00,3.1,0,994.7,18.0,-1.7,81,0.0,12
2017-12-11 12:00:00,3.7,0,994.7,34.2,-1.5,80,0.0,12
2017-12-11 13:00:00,1.9,0,995.5,35.7,-1.2,80,0.0,12
2017-12-11 14:00:00,1.6,0,996.0,31.0,-1.2,81,0.0,12
2017-12-11 15:00:00,2.4,0,996.4,5.6,-1.2,81,0.0,12
2017-12-11 16:00:00,3.2,0,996.6,0.0,-1.3,82,0.0,12
2017-12-11 17:00:00,2.4,0,996.7,0.0,-1.4,82,0.0,12
2017-12-11 18:00:00,3.6,0,997.3,0.0,-1.5,81,0.0,12
2017-12-11 19:00:00,4.4,0,997.2,0.0,-1.9,80,0.0,12
2017-12-11 20:00:00,1.9,0,997.4,0.0,-2.0,80,0.0,12
2017-12-11 21:00:00,5.0,0,996.9,0.0,-2.2,81,0.0,12
2017-12-11 22:00:00,3.5,0,997.2,0.0,-2.5,81,0.0,12
2017-12-11 23:00:00,2.4,0,997.3,0.0,-2.7,80,0.0,12
2017-12-12 00:00:00,3.8,0,997.3,0.0,-2.1,77,0.0,12
2017-12-12 01:00:00,5.4,0,997.0,0.0,-2.0,76,0.0,12
2017-12-12 02:00:00,4.7,0,996.1,0.0,-2.6,78,0.0,12
2017-12-12 03:00:00,3.3,0,995.9,0.0,-2.7,76,0.0,12
2017-12-12 04:00:00,4.6,0,995.6,0.0,-3.0,77,0.0,12
2017-12-12 05:00:00,2.6,0,995.6,0.0,-3.6,80,0.0,12
2017-12-12 06:00:00,2.9,0,995.4,0.0,-3.4,79,0.0,12
2017-12-12 07:00:00,2.3,0,995.4,0.0,-3.8,79,0.0,12
2017-12-12 08:00:00,2.4,0,995.7,0.0,-3.8,77,0.0,12
2017-12-12 09:00:00,1.7,0,995.7,0.0,-4.0,76,0.0,12
2017-12-12 10:00:00,1.2,16,995.7,4.0,-4.3,78,0.0,12
2017-12-12 11:00:00,1.7,35,996.0,37.4,-3.5,69,0.0,12
2017-12-12 12:00:00,0.8,60,995.7,87.4,-3.1,68,296.8333,12
2017-12-12 13:00:00,1.6,60,995.8,92.2,-2.3,66,391.3333,12
2017-12-12 14:00:00,1.7,60,995.8,69.7,-2.8,67,0.0,12
2017-12-12 15:00:00,1.2,60,996.4,26.6,-3.9,66,0.0,12
2017-12-12 16:00:00,1.5,4,997.0,0.0,-5.2,71,0.0,12
2017-12-12 17:00:00,1.0,0,997.4,0.0,-6.4,77,0.0,12
2017-12-12 18:00:00,0.3,0,997.7,0.0,-7.5,80,0.0,12
2017-12-12 19:00:00,2.9,0,997.8,0.0,-8.0,80,0.0,12
2017-12-12 20:00:00,1.6,0,998.1,0.0,-8.5,82,0.0,12
2017-12-12 21:00:00,2.2,0,998.2,0.0,-9.0,83,0.0,12
2017-12-12 22:00:00,2.6,0,997.9,0.0,-9.1,82,0.0,12
2017-12-12 23:00:00,2.6,0,997.6,0.0,-9.5,83,0.0,12
2017-12-13 00:00:00,1.6,0,997.5,0.0,-9.3,86,0.0,12
2017-12-13 01:00:00,1.6,0,997.3,0.0,-8.0,89,0.0,12
2017-12-13 02:00:00,2.9,0,997.0,0.0,-8.9,89,0.0,12
2017-12-13 03:00:00,2.0,0,996.5,0.0,-9.0,89,0.0,12
2017-12-13 04:00:00,2.2,0,995.9,0.0,-10.2,85,0.0,12
2017-12-13 05:00:00,2.3,0,995.5,0.0,-9.8,86,0.0,12
2017-12-13 06:00:00,1.8,0,995.1,0.0,-8.3,93,0.0,12
2017-12-13 07:00:00,0.8,0,994.7,0.0,-7.5,93,0.0,12
2017-12-13 08:00:00,1.3,0,994.5,0.0,-7.5,93,0.0,12
2017-12-13 09:00:00,1.7,0,994.0,0.0,-7.3,92,0.0,12
2017-12-13 10:00:00,0.8,0,994.1,0.0,-7.1,93,0.0,12
2017-12-13 11:00:00,1.3,0,993.3,17.5,-6.8,91,0.0,12
2017-12-13 12:00:00,2.8,0,991.6,13.3,-6.0,89,0.0,12
2017-12-13 13:00:00,2.5,0,990.2,10.6,-5.5,87,0.0,12
2017-12-13 14:00:00,4.0,0,988.6,4.4,-4.1,89,0.0,12
2017-12-13 15:00:00,4.2,0,987.4,0.0,-2.8,90,0.0,12
2017-12-13 16:00:00,3.6,0,986.2,0.0,-2.3,93,0.0,12
2017-12-13 17:00:00,3.3,0,985.1,0.0,-1.2,94,0.0,12
2017-12-13 18:00:00,2.6,0,984.5,0.0,-0.9,94,0.0,12
2017-12-13 19:00:00,2.2,0,984.4,0.0,-0.9,92,0.0,12
2017-12-13 20:00:00,1.2,0,983.9,0.0,-0.9,95,0.0,12
2017-12-13 21:00:00,0.7,0,983.7,0.0,-1.4,95,0.0,12
2017-12-13 22:00:00,0.6,0,983.6,0.0,-1.3,98,0.0,12
2017-12-13 23:00:00,0.8,0,983.3,0.0,-1.3,97,0.0,12
2017-12-14 00:00:00,0.9,0,983.1,0.0,-1.6,97,0.0,12
2017-12-14 01:00:00,0.6,0,982.7,0.0,-1.7,97,0.0,12
2017-12-14 02:00:00,1.0,0,982.4,0.0,-1.5,97,0.0,12
2017-12-14 03:00:00,2.1,0,982.1,0.0,-1.3,96,0.0,12
2017-12-14 04:00:00,3.1,0,981.7,0.0,-0.8,91,0.0,12
2017-12-14 05:00:00,3.3,0,981.4,0.0,-0.8,92,0.0,12
2017-12-14 06:00:00,3.0,0,981.3,0.0,-0.7,92,0.0,12
2017-12-14 07:00:00,2.9,0,981.3,0.0,-0.8,93,0.0,12
2017-12-14 08:00:00,4.2,0,981.5,0.0,-0.7,90,0.0,12
2017-12-14 09:00:00,4.1,0,981.6,0.0,-0.8,90,0.0,12
2017-12-14 10:00:00,4.9,0,981.8,0.0,-0.6,88,0.0,12
2017-12-14 11:00:00,3.8,0,982.0,22.9,-0.7,88,0.0,12
2017-12-14 12:00:00,3.2,0,982.1,61.6,-0.2,85,0.0,12
2017-12-14 13:00:00,4.0,0,982.1,64.0,0.0,86,0.0,12
2017-12-14 14:00:00,3.6,0,982.1,27.2,-0.2,87,0.0,12
2017-12-14 15:00:00,2.8,0,982.4,4.9,-0.3,84,0.0,12
2017-12-14 16:00:00,2.7,0,982.6,0.0,-0.3,83,0.0,12
2017-12-14 17:00:00,3.1,0,982.6,0.0,-0.1,83,0.0,12
2017-12-14 18:00:00,3.2,0,983.1,0.0,-0.3,82,0.0,12
2017-12-14 19:00:00,2.3,0,983.7,0.0,-0.2,83,0.0,12
2017-12-14 20:00:00,1.2,0,983.9,0.0,-0.1,83,0.0,12
2017-12-14 21:00:00,1.7,0,984.1,0.0,-0.2,83,0.0,12
2017-12-14 22:00:00,2.2,0,984.4,0.0,-0.5,83,0.0,12
2017-12-14 23:00:00,0.5,0,984.8,0.0,-0.6,83,0.0,12
2017-12-15 00:00:00,1.5,0,985.0,0.0,-0.5,82,0.0,12
2017-12-15 01:00:00,1.9,0,985.3,0.0,-1.1,84,0.0,12
2017-12-15 02:00:00,1.0,0,985.6,0.0,-1.1,82,0.0,12
2017-12-15 03:00:00,2.0,0,986.1,0.0,-0.5,80,0.0,12
2017-12-15 04:00:00,1.8,0,986.5,0.0,-0.6,79,0.0,12
2017-12-15 05:00:00,3.2,0,986.8,0.0,-0.9,77,0.0,12
2017-12-15 06:00:00,0.9,0,987.4,0.0,-1.9,80,0.0,12
2017-12-15 07:00:00,2.4,0,987.9,0.0,-2.5,81,0.0,12
2017-12-15 08:00:00,4.0,0,988.6,0.0,-1.9,79,0.0,12
2017-12-15 09:00:00,1.2,0,989.1,0.0,-2.4,79,0.0,12
2017-12-15 10:00:00,4.4,22,990.0,6.8,-1.3,73,0.0,12
2017-12-15 11:00:00,3.8,0,990.4,17.0,-1.0,71,0.0,12
2017-12-15 12:00:00,1.4,0,990.8,30.6,-1.1,71,0.0,12
2017-12-15 13:00:00,3.2,0,991.3,32.6,-0.9,70,0.0,12
2017-12-15 14:00:00,3.0,0,991.6,11.5,-0.9,73,0.0,12
2017-12-15 15:00:00,1.5,0,992.1,1.1,-0.9,72,0.0,12
2017-12-15 16:00:00,2.5,0,992.6,0.0,-1.0,71,0.0,12
2017-12-15 17:00:00,5.2,0,993.0,0.0,-1.2,71,0.0,12
2017-12-15 18:00:00,4.4,0,993.4,0.0,-1.2,70,0.0,12
2017-12-15 19:00:00,3.3,0,993.9,0.0,-1.4,68,0.0,12
2017-12-15 20:00:00,2.0,0,994.5,0.0,-1.7,69,0.0,12
2017-12-15 21:00:00,0.7,0,994.9,0.0,-1.8,71,0.0,12
2017-12-15 22:00:00,2.8,0,995.3,0.0,-1.8,68,0.0,12
2017-12-15 23:00:00,1.8,0,995.8,0.0,-1.6,69,0.0,12
2017-12-16 00:00:00,1.8,0,996.0,0.0,-1.6,70,0.0,12
2017-12-16 01:00:00,2.0,0,996.2,0.0,-1.3,69,0.0,12
2017-12-16 02:00:00,2.1,0,996.6,0.0,-1.6,69,0.0,12
2017-12-16 03:00:00,3.4,0,996.9,0.0,-2.0,71,0.0,12
2017-12-16 04:00:00,5.1,0,997.3,0.0,-1.9,71,0.0,12
2017-12-16 05:00:00,3.1,0,997.6,0.0,-2.3,71,0.0,12
2017-12-16 06:00:00,2.9,0,997.9,0.0,-2.5,72,0.0,12
2017-12-16 07:00:00,1.6,0,998.3,0.0,-2.1,75,0.0,12
2017-12-16 08:00:00,4.0,0,998.9,0.0,-1.6,72,0.0,12
2017-12-16 09:00:00,5.8,0,999.7,0.0,-1.6,78,0.0,12
2017-12-16 10:00:00,4.6,0,1000.3,0.0,-1.8,85,0.0,12
2017-12-16 11:00:00,7.9,0,1000.9,12.9,-1.1,78,0.0,12
2017-12-16 12:00:00,7.2,0,1001.5,36.6,-0.7,80,0.0,12
2017-12-16 13:00:00,5.1,0,1002.6,31.9,-0.6,79,0.0,12
2017-12-16 14:00:00,5.5,0,1003.5,32.4,-0.7,75,0.0,12
2017-12-16 15:00:00,3.3,0,1004.6,18.3,-0.9,74,0.0,12
2017-12-16 16:00:00,5.2,0,1005.7,0.0,-1.0,71,0.0,12
2017-12-16 17:00:00,5.2,0,1006.7,0.0,-1.0,69,0.0,12
2017-12-16 18:00:00,5.3,0,1007.9,0.0,-1.4,66,0.0,12
2017-12-16 19:00:00,3.0,0,1008.9,0.0,-2.8,70,0.0,12
2017-12-16 20:00:00,3.5,0,1009.6,0.0,-2.6,66,0.0,12
2017-12-16 21:00:00,0.6,0,1010.6,0.0,-4.1,72,0.0,12
2017-12-16 22:00:00,0.5,0,1011.2,0.0,-4.9,73,0.0,12
2017-12-16 23:00:00,1.1,0,1011.6,0.0,-6.4,82,0.0,12
2017-12-17 00:00:00,1.0,0,1012.3,0.0,-6.5,83,0.0,12
2017-12-17 01:00:00,0.3,0,1013.0,0.0,-7.2,85,0.0,12
2017-12-17 02:00:00,1.0,0,1013.3,0.0,-7.1,87,0.0,12
2017-12-17 03:00:00,0.3,0,1013.5,0.0,-8.0,88,0.0,12
2017-12-17 04:00:00,0.7,0,1013.9,0.0,-8.6,91,0.0,12
2017-12-17 05:00:00,1.3,0,1014.4,0.0,-8.3,87,0.0,12
2017-12-17 06:00:00,0.7,0,1014.6,0.0,-9.1,89,0.0,12
2017-12-17 07:00:00,0.9,0,1014.6,0.0,-8.8,88,0.0,12
2017-12-17 08:00:00,2.5,0,1014.9,0.0,-8.7,85,0.0,12
2017-12-17 09:00:00,1.9,0,1015.2,0.0,-9.0,84,0.0,12
2017-12-17 10:00:00,1.0,0,1015.7,5.5,-9.5,87,0.0,12
2017-12-17 11:00:00,1.8,0,1015.3,32.4,-8.2,83,0.0,12
2017-12-17 12:00:00,0.5,16,1014.8,52.8,-8.0,85,0.0,12
2017-12-17 13:00:00,0.5,27,1014.4,55.8,-6.9,87,0.0,12
2017-12-17 14:00:00,0.4,60,1014.1,56.6,-6.8,84,0.0,12
2017-12-17 15:00:00,0.7,14,1013.8,12.2,-6.5,90,0.0,12
2017-12-17 16:00:00,1.9,0,1013.6,0.0,-8.5,87,0.0,12
2017-12-17 17:00:00,2.4,0,1013.3,0.0,-8.1,86,0.0,12
2017-12-17 18:00:00,1.3,0,1013.0,0.0,-8.6,85,0.0,12
2017-12-17 19:00:00,1.8,0,1013.0,0.0,-8.6,86,0.0,12
2017-12-17 20:00:00,0.3,0,1013.1,0.0,-8.2,84,0.0,12
2017-12-17 21:00:00,1.0,0,1013.3,0.0,-7.8,88,0.0,12
2017-12-17 22:00:00,1.4,0,1013.3,0.0,-7.2,92,0.0,12
2017-12-17 23:00:00,1.6,0,1013.5,0.0,-7.5,89,0.0,12
2017-12-18 00:00:00,2.4,0,1013.3,0.0,-7.1,89,0.0,12
2017-12-18 01:00:00,1.7,0,1013.3,0.0,-6.0,87,0.0,12
2017-12-18 02:00:00,1.4,0,1013.4,0.0,-5.1,86,0.0,12
2017-12-18 03:00:00,1.3,0,1013.3,0.0,-4.7,86,0.0,12
2017-12-18 04:00:00,0.6,0,1013.5,0.0,-4.2,85,0.0,12
2017-12-18 05:00:00,0.3,0,1014.0,0.0,-3.9,86,0.0,12
2017-12-18 06:00:00,0.3,0,1014.3,0.0,-3.6,91,0.0,12
2017-12-18 07:00:00,1.2,0,1014.7,0.0,-2.9,90,0.0,12
2017-12-18 08:00:00,1.4,0,1015.1,0.0,-2.4,91,0.0,12
2017-12-18 09:00:00,0.7,0,1015.7,0.0,-2.3,92,0.0,12
2017-12-18 10:00:00,1.3,0,1016.4,0.0,-1.9,91,0.0,12
2017-12-18 11:00:00,1.5,0,1017.1,16.5,-1.4,94,0.0,12
2017-12-18 12:00:00,1.3,0,1017.6,27.8,-1.6,97,0.0,12
2017-12-18 13:00:00,1.9,0,1018.1,28.2,-1.9,97,0.0,12
2017-12-18 14:00:00,1.9,0,1018.5,17.6,-2.0,97,0.0,12
2017-12-18 15:00:00,2.1,0,1019.2,2.9,-2.3,97,0.0,12
2017-12-18 16:00:00,1.6,0,1020.2,0.0,-2.2,97,0.0,12
2017-12-18 17:00:00,1.2,0,1021.1,0.0,-2.8,96,0.0,12
2017-12-18 18:00:00,1.6,0,1021.3,0.0,-3.1,91,0.0,12
2017-12-18 19:00:00,0.6,0,1022.1,0.0,-3.6,93,0.0,12
2017-12-18 20:00:00,1.0,0,1022.6,0.0,-4.3,93,0.0,12
2017-12-18 21:00:00,1.8,0,1023.4,0.0,-5.1,90,0.0,12
2017-12-18 22:00:00,0.4,0,1023.9,0.0,-5.8,90,0.0,12
2017-12-18 23:00:00,0.5,0,1024.2,0.0,-6.1,92,0.0,12
2017-12-19 00:00:00,1.5,0,1024.6,0.0,-6.1,90,0.0,12
2017-12-19 01:00:00,1.2,0,1024.9,0.0,-6.7,93,0.0,12
2017-12-19 02:00:00,1.2,0,1025.0,0.0,-6.7,91,0.0,12
2017-12-19 03:00:00,1.0,0,1025.6,0.0,-7.1,89,0.0,12
2017-12-19 04:00:00,1.0,0,1026.1,0.0,-7.7,90,0.0,12
2017-12-19 05:00:00,1.3,0,1026.1,0.0,-6.6,91,0.0,12
2017-12-19 06:00:00,0.3,0,1026.0,0.0,-7.2,90,0.0,12
2017-12-19 07:00:00,0.7,0,1026.3,0.0,-7.1,90,0.0,12
2017-12-19 08:00:00,1.0,0,1026.5,0.0,-6.1,91,0.0,12
2017-12-19 09:00:00,0.3,0,1026.7,0.0,-5.1,90,0.0,12
2017-12-19 10:00:00,0.3,0,1027.3,3.6,-4.2,88,0.0,12
2017-12-19 11:00:00,1.3,0,1027.4,9.2,-3.8,90,0.0,12
2017-12-19 12:00:00,0.2,0,1026.7,19.8,-3.5,92,0.0,12
2017-12-19 13:00:00,0.4,0,1026.7,19.4,-3.1,92,0.0,12
2017-12-19 14:00:00,1.1,0,1027.0,19.4,-2.9,91,0.0,12
2017-12-19 15:00:00,1.3,0,1026.8,4.2,-2.5,93,0.0,12
2017-12-19 16:00:00,1.0,0,1026.4,0.0,-2.5,96,0.0,12
2017-12-19 17:00:00,1.4,0,1026.1,0.0,-2.2,97,0.0,12
2017-12-19 18:00:00,0.3,0,1026.2,0.0,-1.9,98,0.0,12
2017-12-19 19:00:00,0.0,0,1025.9,0.0,-1.6,98,0.0,12
2017-12-19 20:00:00,1.4,0,1025.9,0.0,-1.4,98,0.0,12
2017-12-19 21:00:00,1.7,0,1026.0,0.0,-1.3,98,0.0,12
2017-12-19 22:00:00,0.8,0,1025.9,0.0,-0.9,98,0.0,12
2017-12-19 23:00:00,0.4,0,1025.7,0.0,-0.9,99,0.0,12
2017-12-20 00:00:00,0.8,0,1025.3,0.0,-0.7,99,0.0,12
2017-12-20 01:00:00,0.1,0,1024.9,0.0,-0.7,99,0.0,12
2017-12-20 02:00:00,0.9,0,1024.5,0.0,-0.5,99,0.0,12
2017-12-20 03:00:00,0.9,0,1024.1,0.0,-0.5,99,0.0,12
2017-12-20 04:00:00,0.3,0,1024.1,0.0,-0.5,99,0.0,12
2017-12-20 05:00:00,1.5,0,1023.0,0.0,-0.4,99,0.0,12
2017-12-20 06:00:00,1.4,0,1022.6,0.0,-0.5,98,0.0,12
2017-12-20 07:00:00,1.6,0,1022.0,0.0,-0.4,98,0.0,12
2017-12-20 08:00:00,1.1,0,1021.6,0.0,-0.2,98,0.0,12
2017-12-20 09:00:00,0.3,0,1021.5,0.0,0.1,98,0.0,12
2017-12-20 10:00:00,0.7,0,1021.3,0.0,0.4,98,0.0,12
2017-12-20 11:00:00,1.0,0,1021.0,3.7,0.5,98,0.0,12
2017-12-20 12:00:00,0.9,0,1020.3,9.7,0.6,99,0.0,12
2017-12-20 13:00:00,0.9,0,1019.9,12.3,0.6,98,0.0,12
2017-12-20 14:00:00,0.1,0,1019.6,8.6,0.9,98,0.0,12
2017-12-20 15:00:00,0.6,0,1019.7,8.4,0.6,98,0.0,12
2017-12-20 16:00:00,0.2,0,1020.2,0.0,0.4,98,0.0,12
2017-12-20 17:00:00,1.0,0,1020.3,0.0,0.3,98,0.0,12
2017-12-20 18:00:00,0.6,0,1020.6,0.0,0.4,99,0.0,12
2017-12-20 19:00:00,1.8,0,1021.0,0.0,-0.3,99,0.0,12
2017-12-20 20:00:00,0.4,0,1021.5,0.0,-0.6,99,0.0,12
2017-12-20 21:00:00,1.4,0,1022.3,0.0,-0.6,99,0.0,12
2017-12-20 22:00:00,1.1,0,1022.4,0.0,-1.5,98,0.0,12
2017-12-20 23:00:00,0.5,0,1022.8,0.0,-1.8,98,0.0,12
2017-12-21 00:00:00,1.2,0,1023.1,0.0,-2.5,98,0.0,12
2017-12-21 01:00:00,0.4,0,1023.2,0.0,-2.3,98,0.0,12
2017-12-21 02:00:00,0.9,0,1023.1,0.0,-2.6,98,0.0,12
2017-12-21 03:00:00,0.4,0,1022.7,0.0,-2.4,98,0.0,12
2017-12-21 04:00:00,0.9,0,1022.4,0.0,-2.8,98,0.0,12
2017-12-21 05:00:00,0.9,0,1021.9,0.0,-2.5,98,0.0,12
2017-12-21 06:00:00,1.5,0,1021.3,0.0,-2.4,98,0.0,12
2017-12-21 07:00:00,0.8,0,1021.0,0.0,-3.2,97,0.0,12
2017-12-21 08:00:00,1.1,0,1021.0,0.0,-2.4,98,0.0,12
2017-12-21 09:00:00,0.4,0,1021.1,0.0,-2.5,97,0.0,12
2017-12-21 10:00:00,0.7,0,1020.9,2.7,-2.6,97,73.0,12
2017-12-21 11:00:00,0.9,0,1020.7,28.7,-2.6,96,565.6666,12
2017-12-21 12:00:00,1.5,0,1020.9,24.8,-2.2,98,471.3334,12
2017-12-21 13:00:00,1.1,0,1020.9,27.8,-2.0,97,343.6667,12
2017-12-21 14:00:00,1.4,25,1020.5,41.4,-2.5,96,220.3334,12
2017-12-21 15:00:00,1.6,0,1020.5,11.9,-2.6,95,2.6667,12
2017-12-21 16:00:00,0.9,0,1020.6,0.0,-2.9,96,0.0,12
2017-12-21 17:00:00,1.2,0,1020.6,0.0,-3.2,95,0.0,12
2017-12-21 18:00:00,1.9,0,1020.8,0.0,-3.7,94,0.0,12
2017-12-21 19:00:00,1.0,0,1020.7,0.0,-4.5,95,0.0,12
2017-12-21 20:00:00,0.8,0,1020.4,0.0,-4.9,94,0.0,12
2017-12-21 21:00:00,1.4,0,1020.7,0.0,-5.1,94,0.0,12
2017-12-21 22:00:00,1.4,0,1020.7,0.0,-4.3,97,0.0,12
2017-12-21 23:00:00,1.6,0,1020.4,0.0,-5.0,96,0.0,12
2017-12-22 00:00:00,0.2,0,1020.4,0.0,-5.5,93,0.0,12
2017-12-22 01:00:00,1.3,0,1020.2,0.0,-4.9,94,0.0,12
2017-12-22 02:00:00,1.7,0,1020.1,0.0,-5.1,94,0.0,12
2017-12-22 03:00:00,1.7,0,1020.6,0.0,-5.7,93,0.0,12
2017-12-22 04:00:00,3.1,0,1020.6,0.0,-5.4,93,0.0,12
2017-12-22 05:00:00,0.6,0,1020.5,0.0,-5.7,92,0.0,12
2017-12-22 06:00:00,2.7,0,1020.2,0.0,-5.4,94,0.0,12
2017-12-22 07:00:00,1.4,0,1020.1,0.0,-5.3,93,0.0,12
2017-12-22 08:00:00,1.7,0,1020.5,0.0,-4.8,93,0.0,12
2017-12-22 09:00:00,1.3,0,1020.5,0.0,-4.5,94,0.0,12
2017-12-22 10:00:00,1.3,11,1020.6,5.5,-3.7,90,0.0,12
2017-12-22 11:00:00,2.0,0,1021.0,20.8,-4.1,92,0.0,12
2017-12-22 12:00:00,3.2,0,1020.7,39.4,-2.9,91,211.0,12
2017-12-22 13:00:00,2.1,0,1020.6,37.7,-2.9,90,161.6666,12
2017-12-22 14:00:00,2.2,40,1020.5,42.8,-2.6,91,38.0,12
2017-12-22 15:00:00,2.8,12,1020.4,8.7,-2.5,90,0.0,12
2017-12-22 16:00:00,1.9,0,1020.1,0.0,-3.2,91,0.0,12
2017-12-22 17:00:00,0.6,0,1020.2,0.0,-2.9,93,0.0,12
2017-12-22 18:00:00,0.8,0,1019.8,0.0,-2.3,93,0.0,12
2017-12-22 19:00:00,1.4,0,1019.1,0.0,-1.6,92,0.0,12
2017-12-22 20:00:00,1.2,0,1017.8,0.0,-1.2,91,0.0,12
2017-12-22 21:00:00,0.7,0,1016.7,0.0,-0.8,94,0.0,12
2017-12-22 22:00:00,1.7,0,1015.0,0.0,-0.6,93,0.0,12
2017-12-22 23:00:00,0.6,0,1013.3,0.0,-0.1,94,0.0,12
2017-12-23 00:00:00,0.6,0,1011.7,0.0,-0.3,95,0.0,12
2017-12-23 01:00:00,1.1,0,1010.5,0.0,0.1,95,0.0,12
2017-12-23 02:00:00,0.3,0,1009.3,0.0,0.0,96,0.0,12
2017-12-23 03:00:00,1.0,0,1007.8,0.0,-0.5,96,0.0,12
2017-12-23 04:00:00,0.2,0,1006.7,0.0,-0.7,97,0.0,12
2017-12-23 05:00:00,0.3,0,1005.4,0.0,-1.0,97,0.0,12
2017-12-23 06:00:00,2.6,0,1004.2,0.0,-0.2,97,0.0,12
2017-12-23 07:00:00,2.1,0,1003.1,0.0,-0.2,98,0.0,12
2017-12-23 08:00:00,1.8,0,1002.6,0.0,0.4,98,0.0,12
2017-12-23 09:00:00,0.7,0,1001.9,0.0,1.1,99,0.0,12
2017-12-23 10:00:00,1.2,0,1001.2,0.0,1.1,99,0.0,12
2017-12-23 11:00:00,1.0,0,1000.3,4.2,0.9,99,0.0,12
2017-12-23 12:00:00,0.8,0,1000.0,15.3,1.8,99,0.0,12
2017-12-23 13:00:00,1.4,0,999.0,13.0,1.8,99,189.6667,12
2017-12-23 14:00:00,2.2,0,997.5,28.4,1.3,99,281.0,12
2017-12-23 15:00:00,1.8,0,996.8,15.8,1.0,98,61.6666,12
2017-12-23 16:00:00,2.6,0,995.8,0.0,1.8,97,0.0,12
2017-12-23 17:00:00,0.7,0,994.3,0.0,1.2,97,0.0,12
2017-12-23 18:00:00,2.0,0,993.9,0.0,0.9,98,0.0,12
2017-12-23 19:00:00,2.1,0,993.1,0.0,0.3,98,0.0,12
2017-12-23 20:00:00,1.7,0,993.5,0.0,0.0,98,0.0,12
2017-12-23 21:00:00,8.5,0,995.6,0.0,3.4,90,0.0,12
2017-12-23 22:00:00,2.2,0,997.5,0.0,2.8,91,0.0,12
2017-12-23 23:00:00,1.1,0,999.3,0.0,1.0,95,0.0,12
2017-12-24 00:00:00,1.7,0,1000.1,0.0,0.5,96,0.0,12
2017-12-24 01:00:00,0.7,0,1001.4,0.0,-0.1,96,0.0,12
2017-12-24 02:00:00,0.6,0,1001.9,0.0,-0.4,98,0.0,12
2017-12-24 03:00:00,1.2,0,1002.3,0.0,-0.2,98,0.0,12
2017-12-24 04:00:00,1.9,0,1002.4,0.0,-0.6,98,0.0,12
2017-12-24 05:00:00,1.2,0,1002.4,0.0,-0.3,97,0.0,12
2017-12-24 06:00:00,0.3,0,1001.7,0.0,-0.9,96,0.0,12
2017-12-24 07:00:00,1.4,0,1002.2,0.0,-1.0,95,0.0,12
2017-12-24 08:00:00,2.5,0,1001.6,0.0,-1.3,92,0.0,12
2017-12-24 09:00:00,1.7,0,1001.5,0.0,-1.4,93,0.0,12
2017-12-24 10:00:00,1.3,0,1001.3,0.3,-1.1,92,0.0,12
2017-12-24 11:00:00,1.7,0,1000.9,22.9,-1.0,91,108.0,12
2017-12-24 12:00:00,1.0,0,1000.7,29.0,-1.0,92,344.3334,12
2017-12-24 13:00:00,0.9,0,1000.2,23.5,-1.0,92,285.6666,12
2017-12-24 14:00:00,1.5,0,999.6,18.4,-1.0,93,153.3333,12
2017-12-24 15:00:00,1.7,0,999.2,3.5,-0.4,92,3.6667,12
2017-12-24 16:00:00,2.2,0,998.7,0.0,-0.3,90,0.0,12
2017-12-24 17:00:00,1.3,0,998.7,0.0,-0.7,92,0.0,12
2017-12-24 18:00:00,0.9,0,998.8,0.0,-1.6,94,0.0,12
2017-12-24 19:00:00,0.9,0,999.4,0.0,-1.6,95,0.0,12
2017-12-24 20:00:00,1.2,0,999.6,0.0,-2.1,95,0.0,12
2017-12-24 21:00:00,1.8,0,1000.2,0.0,-2.2,94,0.0,12
2017-12-24 22:00:00,1.4,0,1000.4,0.0,-2.9,92,0.0,12
2017-12-24 23:00:00,0.8,0,1000.2,0.0,-3.4,95,0.0,12
2017-12-25 00:00:00,1.0,0,1000.4,0.0,-3.8,95,0.0,12
2017-12-25 01:00:00,0.6,0,1000.4,0.0,-4.2,93,0.0,12
2017-12-25 02:00:00,1.6,0,1000.6,0.0,-3.7,92,0.0,12
2017-12-25 03:00:00,2.1,0,1000.1,0.0,-2.9,93,0.0,12
2017-12-25 04:00:00,2.2,0,999.2,0.0,-2.7,93,0.0,12
2017-12-25 05:00:00,1.3,0,998.1,0.0,-1.9,93,0.0,12
2017-12-25 06:00:00,1.8,0,997.3,0.0,-1.8,94,0.0,12
2017-12-25 07:00:00,1.1,0,996.2,0.0,-0.8,93,0.0,12
2017-12-25 08:00:00,0.5,0,995.4,0.0,0.0,95,0.0,12
2017-12-25 09:00:00,0.2,0,994.8,0.0,0.3,97,0.0,12
2017-12-25 10:00:00,0.9,0,994.1,0.0,0.4,97,0.0,12
2017-12-25 11:00:00,1.3,0,993.3,17.6,0.5,96,0.0,12
2017-12-25 12:00:00,1.3,0,992.2,21.5,0.6,95,0.0,12
2017-12-25 13:00:00,0.0,0,991.7,20.8,0.7,94,0.0,12
2017-12-25 14:00:00,1.1,0,991.6,17.3,1.0,93,0.0,12
2017-12-25 15:00:00,0.8,0,991.7,5.5,1.4,94,0.0,12
2017-12-25 16:00:00,1.9,0,992.0,0.0,1.4,96,0.0,12
2017-12-25 17:00:00,1.4,0,992.0,0.0,1.1,97,0.0,12
2017-12-25 18:00:00,2.5,0,992.5,0.0,1.1,98,0.0,12
2017-12-25 19:00:00,2.3,0,992.7,0.0,0.8,98,0.0,12
2017-12-25 20:00:00,1.7,0,993.1,0.0,0.9,96,0.0,12
2017-12-25 21:00:00,0.4,0,993.8,0.0,0.8,97,0.0,12
2017-12-25 22:00:00,3.5,0,993.7,0.0,1.1,92,0.0,12
2017-12-25 23:00:00,5.3,0,993.1,0.0,1.5,80,0.0,12
2017-12-26 00:00:00,2.2,0,993.1,0.0,1.2,78,0.0,12
2017-12-26 01:00:00,2.6,0,993.0,0.0,1.2,77,0.0,12
2017-12-26 02:00:00,3.7,0,992.3,0.0,0.4,84,0.0,12
2017-12-26 03:00:00,4.8,0,991.9,0.0,-0.4,90,0.0,12
2017-12-26 04:00:00,5.5,0,990.8,0.0,-0.7,93,0.0,12
2017-12-26 05:00:00,6.9,0,988.6,0.0,-0.3,89,0.0,12
2017-12-26 06:00:00,7.6,0,987.2,0.0,0.1,86,0.0,12
2017-12-26 07:00:00,5.6,0,986.0,0.0,-0.1,91,0.0,12
2017-12-26 08:00:00,4.4,0,985.0,0.0,0.1,91,0.0,12
2017-12-26 09:00:00,3.9,0,984.0,0.0,0.6,95,0.0,12
2017-12-26 10:00:00,2.6,0,983.1,0.0,1.2,97,0.0,12
2017-12-26 11:00:00,1.7,0,981.7,0.0,3.2,97,0.0,12
2017-12-26 12:00:00,3.0,0,980.5,1.9,3.8,96,0.0,12
2017-12-26 13:00:00,4.4,0,979.2,4.1,2.7,92,0.0,12
2017-12-26 14:00:00,2.0,0,977.3,2.5,2.1,93,0.0,12
2017-12-26 15:00:00,2.0,0,975.5,0.0,2.4,94,0.0,12
2017-12-26 16:00:00,3.1,0,973.5,0.0,2.3,92,0.0,12
2017-12-26 17:00:00,4.3,0,970.4,0.0,2.8,89,0.0,12
2017-12-26 18:00:00,5.0,0,967.6,0.0,2.6,89,0.0,12
2017-12-26 19:00:00,1.6,0,966.8,0.0,2.1,94,0.0,12
2017-12-26 20:00:00,5.1,0,970.3,0.0,1.5,94,0.0,12
2017-12-26 21:00:00,5.6,0,972.6,0.0,2.5,86,0.0,12
2017-12-26 22:00:00,5.0,0,973.7,0.0,2.7,78,0.0,12
2017-12-26 23:00:00,6.0,0,974.5,0.0,2.3,78,0.0,12
2017-12-27 00:00:00,5.8,0,975.4,0.0,2.2,78,0.0,12
2017-12-27 01:00:00,5.5,0,976.1,0.0,1.8,83,0.0,12
2017-12-27 02:00:00,4.2,0,976.6,0.0,2.0,79,0.0,12
2017-12-27 03:00:00,4.1,0,976.8,0.0,2.1,78,0.0,12
2017-12-27 04:00:00,4.8,0,977.0,0.0,2.3,75,0.0,12
2017-12-27 05:00:00,3.8,0,977.4,0.0,2.3,74,0.0,12
2017-12-27 06:00:00,3.9,0,977.7,0.0,2.2,73,0.0,12
2017-12-27 07:00:00,4.6,0,978.5,0.0,2.1,73,0.0,12
2017-12-27 08:00:00,4.9,0,979.6,0.0,2.2,74,0.0,12
2017-12-27 09:00:00,4.3,0,980.7,0.0,1.9,76,0.0,12
2017-12-27 10:00:00,4.5,0,981.5,0.9,1.7,75,0.0,12
2017-12-27 11:00:00,4.4,0,982.4,18.3,2.0,75,115.0,12
2017-12-27 12:00:00,3.2,10,983.2,50.6,2.3,74,1255.6667,12
2017-12-27 13:00:00,3.1,60,983.4,97.6,3.1,72,885.6667,12
2017-12-27 14:00:00,2.9,60,983.7,59.7,2.2,73,483.3334,12
2017-12-27 15:00:00,2.8,2,984.0,9.6,1.3,79,22.6666,12
2017-12-27 16:00:00,2.1,0,984.2,0.0,0.9,79,0.0,12
2017-12-27 17:00:00,2.3,0,984.7,0.0,1.2,83,0.0,12
2017-12-27 18:00:00,2.4,0,985.0,0.0,1.6,82,0.0,12
2017-12-27 19:00:00,1.4,0,985.2,0.0,0.8,84,0.0,12
2017-12-27 20:00:00,2.4,0,985.6,0.0,0.7,87,0.0,12
2017-12-27 21:00:00,2.9,0,985.6,0.0,1.0,86,0.0,12
2017-12-27 22:00:00,2.2,0,985.7,0.0,1.2,89,0.0,12
2017-12-27 23:00:00,1.7,0,985.8,0.0,1.3,94,0.0,12
2017-12-28 00:00:00,2.4,0,985.7,0.0,1.1,94,0.0,12
2017-12-28 01:00:00,3.4,0,985.2,0.0,1.2,93,0.0,12
2017-12-28 02:00:00,4.0,0,984.7,0.0,1.4,91,0.0,12
2017-12-28 03:00:00,3.0,0,984.2,0.0,1.4,92,0.0,12
2017-12-28 04:00:00,4.2,0,983.7,0.0,1.2,93,0.0,12
2017-12-28 05:00:00,3.9,0,983.5,0.0,1.2,92,0.0,12
2017-12-28 06:00:00,3.4,0,983.3,0.0,1.1,93,0.0,12
2017-12-28 07:00:00,3.2,0,983.3,0.0,1.1,92,0.0,12
2017-12-28 08:00:00,3.4,0,983.4,0.0,1.1,92,0.0,12
2017-12-28 09:00:00,2.1,0,983.8,0.0,1.1,93,0.0,12
2017-12-28 10:00:00,2.0,0,984.2,0.0,0.8,95,0.0,12
2017-12-28 11:00:00,2.3,0,984.6,3.1,0.7,96,0.0,12
2017-12-28 12:00:00,2.2,0,984.9,11.2,1.1,95,0.0,12
2017-12-28 13:00:00,2.0,0,985.0,0.7,1.2,94,105.0,12
2017-12-28 14:00:00,2.2,0,985.3,0.3,1.3,94,3.6667,12
2017-12-28 15:00:00,2.5,0,985.8,0.0,1.5,94,0.0,12
2017-12-28 16:00:00,1.6,0,986.2,0.0,1.5,95,0.0,12
2017-12-28 17:00:00,1.1,0,986.8,0.0,1.7,95,0.0,12
2017-12-28 18:00:00,1.8,0,987.4,0.0,1.8,94,0.0,12
2017-12-28 19:00:00,2.3,0,987.9,0.0,1.8,95,0.0,12
2017-12-28 20:00:00,2.2,0,988.4,0.0,1.6,96,0.0,12
2017-12-28 21:00:00,2.1,0,989.0,0.0,1.2,91,0.0,12
2017-12-28 22:00:00,0.8,0,989.3,0.0,0.9,90,0.0,12
2017-12-28 23:00:00,2.1,0,989.5,0.0,0.9,93,0.0,12
2017-12-29 00:00:00,2.1,0,989.6,0.0,1.1,93,0.0,12
2017-12-29 01:00:00,1.6,0,989.5,0.0,1.1,95,0.0,12
2017-12-29 02:00:00,0.7,0,989.4,0.0,0.5,95,0.0,12
2017-12-29 03:00:00,1.0,0,989.3,0.0,0.6,97,0.0,12
2017-12-29 04:00:00,1.5,0,989.4,0.0,0.5,97,0.0,12
2017-12-29 05:00:00,0.7,0,989.3,0.0,0.9,97,0.0,12
2017-12-29 06:00:00,0.5,0,989.3,0.0,0.7,97,0.0,12
2017-12-29 07:00:00,0.4,0,989.2,0.0,0.6,97,0.0,12
2017-12-29 08:00:00,1.6,0,989.3,0.0,0.8,98,0.0,12
2017-12-29 09:00:00,1.7,0,989.5,0.0,0.7,98,0.0,12
2017-12-29 10:00:00,1.7,0,989.8,0.0,0.6,98,0.0,12
2017-12-29 11:00:00,2.2,0,990.1,3.6,0.6,97,132.3333,12
2017-12-29 12:00:00,2.5,0,990.4,12.8,0.4,95,229.6667,12
2017-12-29 13:00:00,2.9,0,990.6,17.1,0.1,95,253.6667,12
2017-12-29 14:00:00,2.6,0,991.0,16.4,0.0,93,170.0,12
2017-12-29 15:00:00,2.2,6,991.4,6.4,-0.2,91,29.6667,12
2017-12-29 16:00:00,2.5,0,992.2,0.0,-0.7,92,0.0,12
2017-12-29 17:00:00,2.5,0,992.8,0.0,-0.9,90,0.0,12
2017-12-29 18:00:00,1.7,0,993.1,0.0,-1.1,92,0.0,12
2017-12-29 19:00:00,2.0,0,993.8,0.0,-1.3,93,0.0,12
2017-12-29 20:00:00,1.7,0,994.4,0.0,-1.6,90,0.0,12
2017-12-29 21:00:00,1.2,0,994.9,0.0,-2.0,90,0.0,12
2017-12-29 22:00:00,1.1,0,995.3,0.0,-2.1,91,0.0,12
2017-12-29 23:00:00,1.7,0,995.7,0.0,-2.6,93,0.0,12
2017-12-30 00:00:00,2.0,0,996.4,0.0,-2.6,93,0.0,12
2017-12-30 01:00:00,1.7,0,996.8,0.0,-3.1,95,0.0,12
2017-12-30 02:00:00,1.7,0,997.2,0.0,-3.4,95,0.0,12
2017-12-30 03:00:00,0.6,0,997.3,0.0,-3.9,96,0.0,12
2017-12-30 04:00:00,1.1,0,997.4,0.0,-3.7,96,0.0,12
2017-12-30 05:00:00,0.9,0,997.7,0.0,-3.6,96,0.0,12
2017-12-30 06:00:00,1.0,0,997.9,0.0,-3.5,96,0.0,12
2017-12-30 07:00:00,0.8,0,998.1,0.0,-3.7,96,0.0,12
2017-12-30 08:00:00,1.2,0,998.3,0.0,-3.7,94,0.0,12
2017-12-30 09:00:00,2.4,0,998.3,0.0,-4.0,93,0.0,12
2017-12-30 10:00:00,2.8,0,998.6,0.0,-4.8,93,0.0,12
2017-12-30 11:00:00,1.9,0,998.3,13.3,-4.8,87,0.0,12
2017-12-30 12:00:00,3.0,0,998.1,13.9,-4.5,87,77.0,12
2017-12-30 13:00:00,3.2,0,997.8,26.3,-4.1,84,173.0001,12
2017-12-30 14:00:00,4.2,0,997.2,25.0,-3.9,85,36.0,12
2017-12-30 15:00:00,4.2,0,997.0,11.0,-3.8,85,0.0,12
2017-12-30 16:00:00,6.3,0,997.1,0.0,-4.1,87,0.0,12
2017-12-30 17:00:00,2.8,0,997.0,0.0,-3.6,88,0.0,12
2017-12-30 18:00:00,3.2,0,996.7,0.0,-3.3,89,0.0,12
2017-12-30 19:00:00,3.0,0,996.5,0.0,-2.9,87,0.0,12
2017-12-30 20:00:00,4.5,0,995.9,0.0,-2.1,83,0.0,12
2017-12-30 21:00:00,4.9,0,995.8,0.0,-2.0,83,0.0,12
2017-12-30 22:00:00,4.5,0,995.8,0.0,-1.4,81,0.0,12
2017-12-30 23:00:00,5.4,0,995.9,0.0,-1.9,83,0.0,12
2017-12-31 00:00:00,4.6,0,996.0,0.0,-1.6,81,0.0,12
2017-12-31 01:00:00,5.0,0,996.2,0.0,-1.6,81,0.0,12
2017-12-31 02:00:00,3.8,0,996.2,0.0,-1.8,82,0.0,12
2017-12-31 03:00:00,3.1,0,996.9,0.0,-1.6,80,0.0,12
2017-12-31 04:00:00,3.6,0,996.4,0.0,-1.8,82,0.0,12
2017-12-31 05:00:00,3.1,0,996.4,0.0,-1.8,80,0.0,12
2017-12-31 06:00:00,2.6,0,996.3,0.0,-1.7,80,0.0,12
2017-12-31 07:00:00,3.2,0,996.8,0.0,-1.6,79,0.0,12
2017-12-31 08:00:00,2.9,0,996.8,0.0,-1.6,80,0.0,12
2017-12-31 09:00:00,2.7,0,996.9,0.0,-1.6,80,0.0,12
2017-12-31 10:00:00,1.9,0,996.6,0.0,-1.6,80,0.0,12
2017-12-31 11:00:00,4.8,0,995.6,3.1,-1.7,81,0.0,12
2017-12-31 12:00:00,3.6,0,995.6,3.4,-1.8,83,0.0,12
2017-12-31 13:00:00,3.9,0,995.1,12.0,-1.8,84,0.0,12
2017-12-31 14:00:00,3.7,0,993.6,18.2,-1.8,83,0.0,12
2017-12-31 15:00:00,5.6,0,991.8,7.7,-1.9,84,0.0,12
2017-12-31 16:00:00,5.2,0,991.2,0.0,-2.1,89,0.0,12
2017-12-31 17:00:00,4.1,0,990.1,0.0,-1.4,93,0.0,12
2017-12-31 18:00:00,4.1,0,989.2,0.0,-0.9,94,0.0,12
2017-12-31 19:00:00,4.1,0,988.2,0.0,-0.7,94,0.0,12
2017-12-31 20:00:00,2.1,0,987.3,0.0,-0.3,95,0.0,12
2017-12-31 21:00:00,1.8,0,986.7,0.0,0.2,93,0.0,12
2017-12-31 22:00:00,2.2,0,986.0,0.0,0.3,92,0.0,12
2017-12-31 23:00:00,2.4,0,985.6,0.0,0.4,96,0.0,12
